Release 14.7 - CPLD Optimizer/Partitioner P.20131013 (lin64)
Copyright (c) 1995-2013 Xilinx, Inc.  All rights reserved.
WARNING:Cpld - Unable to retrieve the path to the iSE Project Repository. Will
   use the default filename of 'amplcpld.ise'.
CS: block property: block_name=/amplcpld/EXPANDED_FlattenFull/amplcpld/XST_GND prop_name=TYPE prop_terse=XDM_PROPERTY_STRING "TYPE" "GND"

CS: block property: block_name=/amplcpld/EXPANDED_FlattenFull/amplcpld prop_name=TYPE prop_terse=XDM_PROPERTY_STRING "TYPE" "amplcpld"

CS: block property: block_name=/amplcpld/EXPANDED_FlattenFull/amplcpld/XST_VCC prop_name=TYPE prop_terse=XDM_PROPERTY_STRING "TYPE" "VCC"

CS: block property: block_name=/amplcpld/EXPANDED_FlattenFull/amplcpld prop_name=TYPE prop_terse=XDM_PROPERTY_STRING "TYPE" "amplcpld"

CS: block property: block_name=/amplcpld/EXPANDED_FlattenFull/amplcpld/ff_C0B0MC1\/Q prop_name=REG prop_terse=XDM_PROPERTY_STRING "REG" "TFF"

CS: block property: block_name=/amplcpld/EXPANDED_FlattenFull/amplcpld/ff_C0B0MC1\/Q prop_name=TYPE prop_terse=XDM_PROPERTY_STRING "TYPE" "FTCP"

CS: block property: block_name=/amplcpld/EXPANDED_FlattenFull/amplcpld/ff_C0B0MC1\/Q prop_name=INIT prop_terse=XDM_PROPERTY_STRING "INIT" "1"

CS: block property: block_name=/amplcpld/EXPANDED_FlattenFull/amplcpld prop_name=TYPE prop_terse=XDM_PROPERTY_STRING "TYPE" "amplcpld"

CS: block property: block_name=/amplcpld/EXPANDED_FlattenFull/amplcpld/ff_C0B0MC1\/X_XOR2 prop_name=TYPE prop_terse=XDM_PROPERTY_STRING "TYPE" "FTCP"

CS: block property: block_name=/amplcpld/EXPANDED_FlattenFull/amplcpld/ff_C0B0MC1\/X_XOR2 prop_name=INIT prop_terse=XDM_PROPERTY_STRING "INIT" "1"

CS: block property: block_name=/amplcpld/EXPANDED_FlattenFull/amplcpld prop_name=TYPE prop_terse=XDM_PROPERTY_STRING "TYPE" "amplcpld"

CS: block property: block_name=/amplcpld/EXPANDED_FlattenFull/amplcpld/ff_C0B0MC1\/X_ONE prop_name=TYPE prop_terse=XDM_PROPERTY_STRING "TYPE" "FTCP"

CS: block property: block_name=/amplcpld/EXPANDED_FlattenFull/amplcpld/ff_C0B0MC1\/X_ONE prop_name=INIT prop_terse=XDM_PROPERTY_STRING "INIT" "1"

CS: block property: block_name=/amplcpld/EXPANDED_FlattenFull/amplcpld prop_name=TYPE prop_terse=XDM_PROPERTY_STRING "TYPE" "amplcpld"

CS: block property: block_name=/amplcpld/EXPANDED_FlattenFull/amplcpld/ff_C0B0MC10\/Q prop_name=REG prop_terse=XDM_PROPERTY_STRING "REG" "TFF"

CS: block property: block_name=/amplcpld/EXPANDED_FlattenFull/amplcpld/ff_C0B0MC10\/Q prop_name=TYPE prop_terse=XDM_PROPERTY_STRING "TYPE" "FTCP"

CS: block property: block_name=/amplcpld/EXPANDED_FlattenFull/amplcpld/ff_C0B0MC10\/Q prop_name=INIT prop_terse=XDM_PROPERTY_STRING "INIT" "1"

CS: block property: block_name=/amplcpld/EXPANDED_FlattenFull/amplcpld prop_name=TYPE prop_terse=XDM_PROPERTY_STRING "TYPE" "amplcpld"

CS: block property: block_name=/amplcpld/EXPANDED_FlattenFull/amplcpld/ff_C0B0MC10\/X_XOR2 prop_name=TYPE prop_terse=XDM_PROPERTY_STRING "TYPE" "FTCP"

CS: block property: block_name=/amplcpld/EXPANDED_FlattenFull/amplcpld/ff_C0B0MC10\/X_XOR2 prop_name=INIT prop_terse=XDM_PROPERTY_STRING "INIT" "1"

CS: block property: block_name=/amplcpld/EXPANDED_FlattenFull/amplcpld prop_name=TYPE prop_terse=XDM_PROPERTY_STRING "TYPE" "amplcpld"

CS: block property: block_name=/amplcpld/EXPANDED_FlattenFull/amplcpld/ff_C0B0MC10\/X_ONE prop_name=TYPE prop_terse=XDM_PROPERTY_STRING "TYPE" "FTCP"

CS: block property: block_name=/amplcpld/EXPANDED_FlattenFull/amplcpld/ff_C0B0MC10\/X_ONE prop_name=INIT prop_terse=XDM_PROPERTY_STRING "INIT" "1"

CS: block property: block_name=/amplcpld/EXPANDED_FlattenFull/amplcpld prop_name=TYPE prop_terse=XDM_PROPERTY_STRING "TYPE" "amplcpld"

CS: block property: block_name=/amplcpld/EXPANDED_FlattenFull/amplcpld/ff_C0B0MC11\/Q prop_name=REG prop_terse=XDM_PROPERTY_STRING "REG" "TFF"

CS: block property: block_name=/amplcpld/EXPANDED_FlattenFull/amplcpld/ff_C0B0MC11\/Q prop_name=TYPE prop_terse=XDM_PROPERTY_STRING "TYPE" "FTCP"

CS: block property: block_name=/amplcpld/EXPANDED_FlattenFull/amplcpld/ff_C0B0MC11\/Q prop_name=INIT prop_terse=XDM_PROPERTY_STRING "INIT" "1"

CS: block property: block_name=/amplcpld/EXPANDED_FlattenFull/amplcpld prop_name=TYPE prop_terse=XDM_PROPERTY_STRING "TYPE" "amplcpld"

CS: block property: block_name=/amplcpld/EXPANDED_FlattenFull/amplcpld/ff_C0B0MC11\/X_XOR2 prop_name=TYPE prop_terse=XDM_PROPERTY_STRING "TYPE" "FTCP"

CS: block property: block_name=/amplcpld/EXPANDED_FlattenFull/amplcpld/ff_C0B0MC11\/X_XOR2 prop_name=INIT prop_terse=XDM_PROPERTY_STRING "INIT" "1"

CS: block property: block_name=/amplcpld/EXPANDED_FlattenFull/amplcpld prop_name=TYPE prop_terse=XDM_PROPERTY_STRING "TYPE" "amplcpld"

CS: block property: block_name=/amplcpld/EXPANDED_FlattenFull/amplcpld/ff_C0B0MC11\/X_ONE prop_name=TYPE prop_terse=XDM_PROPERTY_STRING "TYPE" "FTCP"

CS: block property: block_name=/amplcpld/EXPANDED_FlattenFull/amplcpld/ff_C0B0MC11\/X_ONE prop_name=INIT prop_terse=XDM_PROPERTY_STRING "INIT" "1"

CS: block property: block_name=/amplcpld/EXPANDED_FlattenFull/amplcpld prop_name=TYPE prop_terse=XDM_PROPERTY_STRING "TYPE" "amplcpld"

CS: block property: block_name=/amplcpld/EXPANDED_FlattenFull/amplcpld/ff_C0B0MC12\/Q prop_name=REG prop_terse=XDM_PROPERTY_STRING "REG" "TFF"

CS: block property: block_name=/amplcpld/EXPANDED_FlattenFull/amplcpld/ff_C0B0MC12\/Q prop_name=TYPE prop_terse=XDM_PROPERTY_STRING "TYPE" "FTCP"

CS: block property: block_name=/amplcpld/EXPANDED_FlattenFull/amplcpld/ff_C0B0MC12\/Q prop_name=INIT prop_terse=XDM_PROPERTY_STRING "INIT" "1"

CS: block property: block_name=/amplcpld/EXPANDED_FlattenFull/amplcpld prop_name=TYPE prop_terse=XDM_PROPERTY_STRING "TYPE" "amplcpld"

CS: block property: block_name=/amplcpld/EXPANDED_FlattenFull/amplcpld/ff_C0B0MC12\/X_XOR2 prop_name=TYPE prop_terse=XDM_PROPERTY_STRING "TYPE" "FTCP"

CS: block property: block_name=/amplcpld/EXPANDED_FlattenFull/amplcpld/ff_C0B0MC12\/X_XOR2 prop_name=INIT prop_terse=XDM_PROPERTY_STRING "INIT" "1"

CS: block property: block_name=/amplcpld/EXPANDED_FlattenFull/amplcpld prop_name=TYPE prop_terse=XDM_PROPERTY_STRING "TYPE" "amplcpld"

CS: block property: block_name=/amplcpld/EXPANDED_FlattenFull/amplcpld/ff_C0B0MC12\/X_ONE prop_name=TYPE prop_terse=XDM_PROPERTY_STRING "TYPE" "FTCP"

CS: block property: block_name=/amplcpld/EXPANDED_FlattenFull/amplcpld/ff_C0B0MC12\/X_ONE prop_name=INIT prop_terse=XDM_PROPERTY_STRING "INIT" "1"

CS: block property: block_name=/amplcpld/EXPANDED_FlattenFull/amplcpld prop_name=TYPE prop_terse=XDM_PROPERTY_STRING "TYPE" "amplcpld"

CS: block property: block_name=/amplcpld/EXPANDED_FlattenFull/amplcpld/ff_C0B0MC13\/Q prop_name=REG prop_terse=XDM_PROPERTY_STRING "REG" "TFF"

CS: block property: block_name=/amplcpld/EXPANDED_FlattenFull/amplcpld/ff_C0B0MC13\/Q prop_name=TYPE prop_terse=XDM_PROPERTY_STRING "TYPE" "FTCP"

CS: block property: block_name=/amplcpld/EXPANDED_FlattenFull/amplcpld/ff_C0B0MC13\/Q prop_name=INIT prop_terse=XDM_PROPERTY_STRING "INIT" "1"

CS: block property: block_name=/amplcpld/EXPANDED_FlattenFull/amplcpld prop_name=TYPE prop_terse=XDM_PROPERTY_STRING "TYPE" "amplcpld"

CS: block property: block_name=/amplcpld/EXPANDED_FlattenFull/amplcpld/ff_C0B0MC13\/X_XOR2 prop_name=TYPE prop_terse=XDM_PROPERTY_STRING "TYPE" "FTCP"

CS: block property: block_name=/amplcpld/EXPANDED_FlattenFull/amplcpld/ff_C0B0MC13\/X_XOR2 prop_name=INIT prop_terse=XDM_PROPERTY_STRING "INIT" "1"

CS: block property: block_name=/amplcpld/EXPANDED_FlattenFull/amplcpld prop_name=TYPE prop_terse=XDM_PROPERTY_STRING "TYPE" "amplcpld"

CS: block property: block_name=/amplcpld/EXPANDED_FlattenFull/amplcpld/ff_C0B0MC13\/X_ONE prop_name=TYPE prop_terse=XDM_PROPERTY_STRING "TYPE" "FTCP"

CS: block property: block_name=/amplcpld/EXPANDED_FlattenFull/amplcpld/ff_C0B0MC13\/X_ONE prop_name=INIT prop_terse=XDM_PROPERTY_STRING "INIT" "1"

CS: block property: block_name=/amplcpld/EXPANDED_FlattenFull/amplcpld prop_name=TYPE prop_terse=XDM_PROPERTY_STRING "TYPE" "amplcpld"

CS: block property: block_name=/amplcpld/EXPANDED_FlattenFull/amplcpld/ff_C0B0MC14\/Q prop_name=REG prop_terse=XDM_PROPERTY_STRING "REG" "TFF"

CS: block property: block_name=/amplcpld/EXPANDED_FlattenFull/amplcpld/ff_C0B0MC14\/Q prop_name=TYPE prop_terse=XDM_PROPERTY_STRING "TYPE" "FTCP"

CS: block property: block_name=/amplcpld/EXPANDED_FlattenFull/amplcpld/ff_C0B0MC14\/Q prop_name=INIT prop_terse=XDM_PROPERTY_STRING "INIT" "1"

CS: block property: block_name=/amplcpld/EXPANDED_FlattenFull/amplcpld prop_name=TYPE prop_terse=XDM_PROPERTY_STRING "TYPE" "amplcpld"

CS: block property: block_name=/amplcpld/EXPANDED_FlattenFull/amplcpld/ff_C0B0MC14\/X_XOR2 prop_name=TYPE prop_terse=XDM_PROPERTY_STRING "TYPE" "FTCP"

CS: block property: block_name=/amplcpld/EXPANDED_FlattenFull/amplcpld/ff_C0B0MC14\/X_XOR2 prop_name=INIT prop_terse=XDM_PROPERTY_STRING "INIT" "1"

CS: block property: block_name=/amplcpld/EXPANDED_FlattenFull/amplcpld prop_name=TYPE prop_terse=XDM_PROPERTY_STRING "TYPE" "amplcpld"

CS: block property: block_name=/amplcpld/EXPANDED_FlattenFull/amplcpld/ff_C0B0MC14\/X_ONE prop_name=TYPE prop_terse=XDM_PROPERTY_STRING "TYPE" "FTCP"

CS: block property: block_name=/amplcpld/EXPANDED_FlattenFull/amplcpld/ff_C0B0MC14\/X_ONE prop_name=INIT prop_terse=XDM_PROPERTY_STRING "INIT" "1"

CS: block property: block_name=/amplcpld/EXPANDED_FlattenFull/amplcpld prop_name=TYPE prop_terse=XDM_PROPERTY_STRING "TYPE" "amplcpld"

CS: block property: block_name=/amplcpld/EXPANDED_FlattenFull/amplcpld/ff_C0B0MC15\/Q prop_name=REG prop_terse=XDM_PROPERTY_STRING "REG" "TFF"

CS: block property: block_name=/amplcpld/EXPANDED_FlattenFull/amplcpld/ff_C0B0MC15\/Q prop_name=TYPE prop_terse=XDM_PROPERTY_STRING "TYPE" "FTCP"

CS: block property: block_name=/amplcpld/EXPANDED_FlattenFull/amplcpld/ff_C0B0MC15\/Q prop_name=INIT prop_terse=XDM_PROPERTY_STRING "INIT" "1"

CS: block property: block_name=/amplcpld/EXPANDED_FlattenFull/amplcpld prop_name=TYPE prop_terse=XDM_PROPERTY_STRING "TYPE" "amplcpld"

CS: block property: block_name=/amplcpld/EXPANDED_FlattenFull/amplcpld/ff_C0B0MC15\/X_XOR2 prop_name=TYPE prop_terse=XDM_PROPERTY_STRING "TYPE" "FTCP"

CS: block property: block_name=/amplcpld/EXPANDED_FlattenFull/amplcpld/ff_C0B0MC15\/X_XOR2 prop_name=INIT prop_terse=XDM_PROPERTY_STRING "INIT" "1"

CS: block property: block_name=/amplcpld/EXPANDED_FlattenFull/amplcpld prop_name=TYPE prop_terse=XDM_PROPERTY_STRING "TYPE" "amplcpld"

CS: block property: block_name=/amplcpld/EXPANDED_FlattenFull/amplcpld/ff_C0B0MC15\/X_ONE prop_name=TYPE prop_terse=XDM_PROPERTY_STRING "TYPE" "FTCP"

CS: block property: block_name=/amplcpld/EXPANDED_FlattenFull/amplcpld/ff_C0B0MC15\/X_ONE prop_name=INIT prop_terse=XDM_PROPERTY_STRING "INIT" "1"

CS: block property: block_name=/amplcpld/EXPANDED_FlattenFull/amplcpld prop_name=TYPE prop_terse=XDM_PROPERTY_STRING "TYPE" "amplcpld"

CS: block property: block_name=/amplcpld/EXPANDED_FlattenFull/amplcpld/ff_C0B0MC4\/Q prop_name=TYPE prop_terse=XDM_PROPERTY_STRING "TYPE" "FDCPE"

CS: block property: block_name=/amplcpld/EXPANDED_FlattenFull/amplcpld/ff_C0B0MC4\/Q prop_name=INIT prop_terse=XDM_PROPERTY_STRING "INIT" "1"

CS: block property: block_name=/amplcpld/EXPANDED_FlattenFull/amplcpld prop_name=TYPE prop_terse=XDM_PROPERTY_STRING "TYPE" "amplcpld"

CS: block property: block_name=/amplcpld/EXPANDED_FlattenFull/amplcpld/ff_C0B0MC6\/Q prop_name=REG prop_terse=XDM_PROPERTY_STRING "REG" "TFF"

CS: block property: block_name=/amplcpld/EXPANDED_FlattenFull/amplcpld/ff_C0B0MC6\/Q prop_name=TYPE prop_terse=XDM_PROPERTY_STRING "TYPE" "FTCP"

CS: block property: block_name=/amplcpld/EXPANDED_FlattenFull/amplcpld/ff_C0B0MC6\/Q prop_name=INIT prop_terse=XDM_PROPERTY_STRING "INIT" "1"

CS: block property: block_name=/amplcpld/EXPANDED_FlattenFull/amplcpld prop_name=TYPE prop_terse=XDM_PROPERTY_STRING "TYPE" "amplcpld"

CS: block property: block_name=/amplcpld/EXPANDED_FlattenFull/amplcpld/ff_C0B0MC6\/X_XOR2 prop_name=TYPE prop_terse=XDM_PROPERTY_STRING "TYPE" "FTCP"

CS: block property: block_name=/amplcpld/EXPANDED_FlattenFull/amplcpld/ff_C0B0MC6\/X_XOR2 prop_name=INIT prop_terse=XDM_PROPERTY_STRING "INIT" "1"

CS: block property: block_name=/amplcpld/EXPANDED_FlattenFull/amplcpld prop_name=TYPE prop_terse=XDM_PROPERTY_STRING "TYPE" "amplcpld"

CS: block property: block_name=/amplcpld/EXPANDED_FlattenFull/amplcpld/ff_C0B0MC6\/X_ONE prop_name=TYPE prop_terse=XDM_PROPERTY_STRING "TYPE" "FTCP"

CS: block property: block_name=/amplcpld/EXPANDED_FlattenFull/amplcpld/ff_C0B0MC6\/X_ONE prop_name=INIT prop_terse=XDM_PROPERTY_STRING "INIT" "1"

CS: block property: block_name=/amplcpld/EXPANDED_FlattenFull/amplcpld prop_name=TYPE prop_terse=XDM_PROPERTY_STRING "TYPE" "amplcpld"

CS: block property: block_name=/amplcpld/EXPANDED_FlattenFull/amplcpld/ff_C0B0MC7\/Q prop_name=REG prop_terse=XDM_PROPERTY_STRING "REG" "TFF"

CS: block property: block_name=/amplcpld/EXPANDED_FlattenFull/amplcpld/ff_C0B0MC7\/Q prop_name=TYPE prop_terse=XDM_PROPERTY_STRING "TYPE" "FTCP"

CS: block property: block_name=/amplcpld/EXPANDED_FlattenFull/amplcpld/ff_C0B0MC7\/Q prop_name=INIT prop_terse=XDM_PROPERTY_STRING "INIT" "1"

CS: block property: block_name=/amplcpld/EXPANDED_FlattenFull/amplcpld prop_name=TYPE prop_terse=XDM_PROPERTY_STRING "TYPE" "amplcpld"

CS: block property: block_name=/amplcpld/EXPANDED_FlattenFull/amplcpld/ff_C0B0MC7\/X_XOR2 prop_name=TYPE prop_terse=XDM_PROPERTY_STRING "TYPE" "FTCP"

CS: block property: block_name=/amplcpld/EXPANDED_FlattenFull/amplcpld/ff_C0B0MC7\/X_XOR2 prop_name=INIT prop_terse=XDM_PROPERTY_STRING "INIT" "1"

CS: block property: block_name=/amplcpld/EXPANDED_FlattenFull/amplcpld prop_name=TYPE prop_terse=XDM_PROPERTY_STRING "TYPE" "amplcpld"

CS: block property: block_name=/amplcpld/EXPANDED_FlattenFull/amplcpld/ff_C0B0MC7\/X_ONE prop_name=TYPE prop_terse=XDM_PROPERTY_STRING "TYPE" "FTCP"

CS: block property: block_name=/amplcpld/EXPANDED_FlattenFull/amplcpld/ff_C0B0MC7\/X_ONE prop_name=INIT prop_terse=XDM_PROPERTY_STRING "INIT" "1"

CS: block property: block_name=/amplcpld/EXPANDED_FlattenFull/amplcpld prop_name=TYPE prop_terse=XDM_PROPERTY_STRING "TYPE" "amplcpld"

CS: block property: block_name=/amplcpld/EXPANDED_FlattenFull/amplcpld/ff_C0B0MC8\/Q prop_name=REG prop_terse=XDM_PROPERTY_STRING "REG" "TFF"

CS: block property: block_name=/amplcpld/EXPANDED_FlattenFull/amplcpld/ff_C0B0MC8\/Q prop_name=TYPE prop_terse=XDM_PROPERTY_STRING "TYPE" "FTCP"

CS: block property: block_name=/amplcpld/EXPANDED_FlattenFull/amplcpld/ff_C0B0MC8\/Q prop_name=INIT prop_terse=XDM_PROPERTY_STRING "INIT" "1"

CS: block property: block_name=/amplcpld/EXPANDED_FlattenFull/amplcpld prop_name=TYPE prop_terse=XDM_PROPERTY_STRING "TYPE" "amplcpld"

CS: block property: block_name=/amplcpld/EXPANDED_FlattenFull/amplcpld/ff_C0B0MC8\/X_XOR2 prop_name=TYPE prop_terse=XDM_PROPERTY_STRING "TYPE" "FTCP"

CS: block property: block_name=/amplcpld/EXPANDED_FlattenFull/amplcpld/ff_C0B0MC8\/X_XOR2 prop_name=INIT prop_terse=XDM_PROPERTY_STRING "INIT" "1"

CS: block property: block_name=/amplcpld/EXPANDED_FlattenFull/amplcpld prop_name=TYPE prop_terse=XDM_PROPERTY_STRING "TYPE" "amplcpld"

CS: block property: block_name=/amplcpld/EXPANDED_FlattenFull/amplcpld/ff_C0B0MC8\/X_ONE prop_name=TYPE prop_terse=XDM_PROPERTY_STRING "TYPE" "FTCP"

CS: block property: block_name=/amplcpld/EXPANDED_FlattenFull/amplcpld/ff_C0B0MC8\/X_ONE prop_name=INIT prop_terse=XDM_PROPERTY_STRING "INIT" "1"

CS: block property: block_name=/amplcpld/EXPANDED_FlattenFull/amplcpld prop_name=TYPE prop_terse=XDM_PROPERTY_STRING "TYPE" "amplcpld"

CS: block property: block_name=/amplcpld/EXPANDED_FlattenFull/amplcpld/ff_C0B0MC9\/Q prop_name=REG prop_terse=XDM_PROPERTY_STRING "REG" "TFF"

CS: block property: block_name=/amplcpld/EXPANDED_FlattenFull/amplcpld/ff_C0B0MC9\/Q prop_name=TYPE prop_terse=XDM_PROPERTY_STRING "TYPE" "FTCP"

CS: block property: block_name=/amplcpld/EXPANDED_FlattenFull/amplcpld/ff_C0B0MC9\/Q prop_name=INIT prop_terse=XDM_PROPERTY_STRING "INIT" "1"

CS: block property: block_name=/amplcpld/EXPANDED_FlattenFull/amplcpld prop_name=TYPE prop_terse=XDM_PROPERTY_STRING "TYPE" "amplcpld"

CS: block property: block_name=/amplcpld/EXPANDED_FlattenFull/amplcpld/ff_C0B0MC9\/X_XOR2 prop_name=TYPE prop_terse=XDM_PROPERTY_STRING "TYPE" "FTCP"

CS: block property: block_name=/amplcpld/EXPANDED_FlattenFull/amplcpld/ff_C0B0MC9\/X_XOR2 prop_name=INIT prop_terse=XDM_PROPERTY_STRING "INIT" "1"

CS: block property: block_name=/amplcpld/EXPANDED_FlattenFull/amplcpld prop_name=TYPE prop_terse=XDM_PROPERTY_STRING "TYPE" "amplcpld"

CS: block property: block_name=/amplcpld/EXPANDED_FlattenFull/amplcpld/ff_C0B0MC9\/X_ONE prop_name=TYPE prop_terse=XDM_PROPERTY_STRING "TYPE" "FTCP"

CS: block property: block_name=/amplcpld/EXPANDED_FlattenFull/amplcpld/ff_C0B0MC9\/X_ONE prop_name=INIT prop_terse=XDM_PROPERTY_STRING "INIT" "1"

CS: block property: block_name=/amplcpld/EXPANDED_FlattenFull/amplcpld prop_name=TYPE prop_terse=XDM_PROPERTY_STRING "TYPE" "amplcpld"

CS: block property: block_name=/amplcpld/EXPANDED_FlattenFull/amplcpld/ff_C0B1MC0\/Q prop_name=TYPE prop_terse=XDM_PROPERTY_STRING "TYPE" "FDCPE"

CS: block property: block_name=/amplcpld/EXPANDED_FlattenFull/amplcpld/ff_C0B1MC0\/Q prop_name=INIT prop_terse=XDM_PROPERTY_STRING "INIT" "1"

CS: block property: block_name=/amplcpld/EXPANDED_FlattenFull/amplcpld prop_name=TYPE prop_terse=XDM_PROPERTY_STRING "TYPE" "amplcpld"

CS: block property: block_name=/amplcpld/EXPANDED_FlattenFull/amplcpld/ff_C0B1MC1\/Q\/FDCP prop_name=TYPE prop_terse=XDM_PROPERTY_STRING "TYPE" "FDCP"

CS: block property: block_name=/amplcpld/EXPANDED_FlattenFull/amplcpld/ff_C0B1MC1\/Q\/FDCP prop_name=INIT prop_terse=XDM_PROPERTY_STRING "INIT" "1"

CS: block property: block_name=/amplcpld/EXPANDED_FlattenFull/amplcpld prop_name=TYPE prop_terse=XDM_PROPERTY_STRING "TYPE" "amplcpld"

CS: block property: block_name=/amplcpld/EXPANDED_FlattenFull/amplcpld/ff_C0B1MC1\/Q\/X_ONE prop_name=TYPE prop_terse=XDM_PROPERTY_STRING "TYPE" "FDCP"

CS: block property: block_name=/amplcpld/EXPANDED_FlattenFull/amplcpld/ff_C0B1MC1\/Q\/X_ONE prop_name=INIT prop_terse=XDM_PROPERTY_STRING "INIT" "1"

CS: block property: block_name=/amplcpld/EXPANDED_FlattenFull/amplcpld prop_name=TYPE prop_terse=XDM_PROPERTY_STRING "TYPE" "amplcpld"

CS: block property: block_name=/amplcpld/EXPANDED_FlattenFull/amplcpld/ff_C0B1MC1\/$1I43 prop_name=TYPE prop_terse=XDM_PROPERTY_STRING "TYPE" "GND"

CS: block property: block_name=/amplcpld/EXPANDED_FlattenFull/amplcpld/ff_C0B1MC1\/$1I43 prop_name=INIT prop_terse=XDM_PROPERTY_STRING "INIT" "1"

CS: block property: block_name=/amplcpld/EXPANDED_FlattenFull/amplcpld prop_name=TYPE prop_terse=XDM_PROPERTY_STRING "TYPE" "amplcpld"

CS: block property: block_name=/amplcpld/EXPANDED_FlattenFull/amplcpld/ff_C0B1MC10\/Q\/FDCP prop_name=TYPE prop_terse=XDM_PROPERTY_STRING "TYPE" "FDCP"

CS: block property: block_name=/amplcpld/EXPANDED_FlattenFull/amplcpld/ff_C0B1MC10\/Q\/FDCP prop_name=INIT prop_terse=XDM_PROPERTY_STRING "INIT" "1"

CS: block property: block_name=/amplcpld/EXPANDED_FlattenFull/amplcpld prop_name=TYPE prop_terse=XDM_PROPERTY_STRING "TYPE" "amplcpld"

CS: block property: block_name=/amplcpld/EXPANDED_FlattenFull/amplcpld/ff_C0B1MC10\/Q\/X_ONE prop_name=TYPE prop_terse=XDM_PROPERTY_STRING "TYPE" "FDCP"

CS: block property: block_name=/amplcpld/EXPANDED_FlattenFull/amplcpld/ff_C0B1MC10\/Q\/X_ONE prop_name=INIT prop_terse=XDM_PROPERTY_STRING "INIT" "1"

CS: block property: block_name=/amplcpld/EXPANDED_FlattenFull/amplcpld prop_name=TYPE prop_terse=XDM_PROPERTY_STRING "TYPE" "amplcpld"

CS: block property: block_name=/amplcpld/EXPANDED_FlattenFull/amplcpld/ff_C0B1MC10\/$1I43 prop_name=TYPE prop_terse=XDM_PROPERTY_STRING "TYPE" "GND"

CS: block property: block_name=/amplcpld/EXPANDED_FlattenFull/amplcpld/ff_C0B1MC10\/$1I43 prop_name=INIT prop_terse=XDM_PROPERTY_STRING "INIT" "1"

CS: block property: block_name=/amplcpld/EXPANDED_FlattenFull/amplcpld prop_name=TYPE prop_terse=XDM_PROPERTY_STRING "TYPE" "amplcpld"

CS: block property: block_name=/amplcpld/EXPANDED_FlattenFull/amplcpld/ff_C0B1MC11\/Q\/FDCP prop_name=TYPE prop_terse=XDM_PROPERTY_STRING "TYPE" "FDCP"

CS: block property: block_name=/amplcpld/EXPANDED_FlattenFull/amplcpld/ff_C0B1MC11\/Q\/FDCP prop_name=INIT prop_terse=XDM_PROPERTY_STRING "INIT" "1"

CS: block property: block_name=/amplcpld/EXPANDED_FlattenFull/amplcpld prop_name=TYPE prop_terse=XDM_PROPERTY_STRING "TYPE" "amplcpld"

CS: block property: block_name=/amplcpld/EXPANDED_FlattenFull/amplcpld/ff_C0B1MC11\/Q\/X_ONE prop_name=TYPE prop_terse=XDM_PROPERTY_STRING "TYPE" "FDCP"

CS: block property: block_name=/amplcpld/EXPANDED_FlattenFull/amplcpld/ff_C0B1MC11\/Q\/X_ONE prop_name=INIT prop_terse=XDM_PROPERTY_STRING "INIT" "1"

CS: block property: block_name=/amplcpld/EXPANDED_FlattenFull/amplcpld prop_name=TYPE prop_terse=XDM_PROPERTY_STRING "TYPE" "amplcpld"

CS: block property: block_name=/amplcpld/EXPANDED_FlattenFull/amplcpld/ff_C0B1MC11\/$1I43 prop_name=TYPE prop_terse=XDM_PROPERTY_STRING "TYPE" "GND"

CS: block property: block_name=/amplcpld/EXPANDED_FlattenFull/amplcpld/ff_C0B1MC11\/$1I43 prop_name=INIT prop_terse=XDM_PROPERTY_STRING "INIT" "1"

CS: block property: block_name=/amplcpld/EXPANDED_FlattenFull/amplcpld prop_name=TYPE prop_terse=XDM_PROPERTY_STRING "TYPE" "amplcpld"

CS: block property: block_name=/amplcpld/EXPANDED_FlattenFull/amplcpld/ff_C0B1MC12\/Q prop_name=TYPE prop_terse=XDM_PROPERTY_STRING "TYPE" "FDCPE"

CS: block property: block_name=/amplcpld/EXPANDED_FlattenFull/amplcpld/ff_C0B1MC12\/Q prop_name=INIT prop_terse=XDM_PROPERTY_STRING "INIT" "1"

CS: block property: block_name=/amplcpld/EXPANDED_FlattenFull/amplcpld prop_name=TYPE prop_terse=XDM_PROPERTY_STRING "TYPE" "amplcpld"

CS: block property: block_name=/amplcpld/EXPANDED_FlattenFull/amplcpld/ff_C0B1MC13\/Q prop_name=TYPE prop_terse=XDM_PROPERTY_STRING "TYPE" "FDCPE"

CS: block property: block_name=/amplcpld/EXPANDED_FlattenFull/amplcpld/ff_C0B1MC13\/Q prop_name=INIT prop_terse=XDM_PROPERTY_STRING "INIT" "1"

CS: block property: block_name=/amplcpld/EXPANDED_FlattenFull/amplcpld prop_name=TYPE prop_terse=XDM_PROPERTY_STRING "TYPE" "amplcpld"

CS: block property: block_name=/amplcpld/EXPANDED_FlattenFull/amplcpld/ff_C0B1MC14\/Q prop_name=TYPE prop_terse=XDM_PROPERTY_STRING "TYPE" "FDCPE"

CS: block property: block_name=/amplcpld/EXPANDED_FlattenFull/amplcpld/ff_C0B1MC14\/Q prop_name=INIT prop_terse=XDM_PROPERTY_STRING "INIT" "1"

CS: block property: block_name=/amplcpld/EXPANDED_FlattenFull/amplcpld prop_name=TYPE prop_terse=XDM_PROPERTY_STRING "TYPE" "amplcpld"

CS: block property: block_name=/amplcpld/EXPANDED_FlattenFull/amplcpld/ff_C0B1MC15\/Q prop_name=TYPE prop_terse=XDM_PROPERTY_STRING "TYPE" "FDCPE"

CS: block property: block_name=/amplcpld/EXPANDED_FlattenFull/amplcpld/ff_C0B1MC15\/Q prop_name=INIT prop_terse=XDM_PROPERTY_STRING "INIT" "1"

CS: block property: block_name=/amplcpld/EXPANDED_FlattenFull/amplcpld prop_name=TYPE prop_terse=XDM_PROPERTY_STRING "TYPE" "amplcpld"

CS: block property: block_name=/amplcpld/EXPANDED_FlattenFull/amplcpld/ff_C0B1MC2\/Q\/FDCP prop_name=TYPE prop_terse=XDM_PROPERTY_STRING "TYPE" "FDCP"

CS: block property: block_name=/amplcpld/EXPANDED_FlattenFull/amplcpld/ff_C0B1MC2\/Q\/FDCP prop_name=INIT prop_terse=XDM_PROPERTY_STRING "INIT" "1"

CS: block property: block_name=/amplcpld/EXPANDED_FlattenFull/amplcpld prop_name=TYPE prop_terse=XDM_PROPERTY_STRING "TYPE" "amplcpld"

CS: block property: block_name=/amplcpld/EXPANDED_FlattenFull/amplcpld/ff_C0B1MC2\/Q\/X_ONE prop_name=TYPE prop_terse=XDM_PROPERTY_STRING "TYPE" "FDCP"

CS: block property: block_name=/amplcpld/EXPANDED_FlattenFull/amplcpld/ff_C0B1MC2\/Q\/X_ONE prop_name=INIT prop_terse=XDM_PROPERTY_STRING "INIT" "1"

CS: block property: block_name=/amplcpld/EXPANDED_FlattenFull/amplcpld prop_name=TYPE prop_terse=XDM_PROPERTY_STRING "TYPE" "amplcpld"

CS: block property: block_name=/amplcpld/EXPANDED_FlattenFull/amplcpld/ff_C0B1MC2\/$1I43 prop_name=TYPE prop_terse=XDM_PROPERTY_STRING "TYPE" "GND"

CS: block property: block_name=/amplcpld/EXPANDED_FlattenFull/amplcpld/ff_C0B1MC2\/$1I43 prop_name=INIT prop_terse=XDM_PROPERTY_STRING "INIT" "1"

CS: block property: block_name=/amplcpld/EXPANDED_FlattenFull/amplcpld prop_name=TYPE prop_terse=XDM_PROPERTY_STRING "TYPE" "amplcpld"

CS: block property: block_name=/amplcpld/EXPANDED_FlattenFull/amplcpld/ff_C0B1MC4\/Q\/FDCP prop_name=TYPE prop_terse=XDM_PROPERTY_STRING "TYPE" "FDCP"

CS: block property: block_name=/amplcpld/EXPANDED_FlattenFull/amplcpld/ff_C0B1MC4\/Q\/FDCP prop_name=INIT prop_terse=XDM_PROPERTY_STRING "INIT" "1"

CS: block property: block_name=/amplcpld/EXPANDED_FlattenFull/amplcpld prop_name=TYPE prop_terse=XDM_PROPERTY_STRING "TYPE" "amplcpld"

CS: block property: block_name=/amplcpld/EXPANDED_FlattenFull/amplcpld/ff_C0B1MC4\/Q\/X_ONE prop_name=TYPE prop_terse=XDM_PROPERTY_STRING "TYPE" "FDCP"

CS: block property: block_name=/amplcpld/EXPANDED_FlattenFull/amplcpld/ff_C0B1MC4\/Q\/X_ONE prop_name=INIT prop_terse=XDM_PROPERTY_STRING "INIT" "1"

CS: block property: block_name=/amplcpld/EXPANDED_FlattenFull/amplcpld prop_name=TYPE prop_terse=XDM_PROPERTY_STRING "TYPE" "amplcpld"

CS: block property: block_name=/amplcpld/EXPANDED_FlattenFull/amplcpld/ff_C0B1MC4\/$1I43 prop_name=TYPE prop_terse=XDM_PROPERTY_STRING "TYPE" "GND"

CS: block property: block_name=/amplcpld/EXPANDED_FlattenFull/amplcpld/ff_C0B1MC4\/$1I43 prop_name=INIT prop_terse=XDM_PROPERTY_STRING "INIT" "1"

CS: block property: block_name=/amplcpld/EXPANDED_FlattenFull/amplcpld prop_name=TYPE prop_terse=XDM_PROPERTY_STRING "TYPE" "amplcpld"

CS: block property: block_name=/amplcpld/EXPANDED_FlattenFull/amplcpld/ff_C0B1MC5\/Q\/FDCP prop_name=TYPE prop_terse=XDM_PROPERTY_STRING "TYPE" "FDCP"

CS: block property: block_name=/amplcpld/EXPANDED_FlattenFull/amplcpld/ff_C0B1MC5\/Q\/FDCP prop_name=INIT prop_terse=XDM_PROPERTY_STRING "INIT" "1"

CS: block property: block_name=/amplcpld/EXPANDED_FlattenFull/amplcpld prop_name=TYPE prop_terse=XDM_PROPERTY_STRING "TYPE" "amplcpld"

CS: block property: block_name=/amplcpld/EXPANDED_FlattenFull/amplcpld/ff_C0B1MC5\/Q\/X_ONE prop_name=TYPE prop_terse=XDM_PROPERTY_STRING "TYPE" "FDCP"

CS: block property: block_name=/amplcpld/EXPANDED_FlattenFull/amplcpld/ff_C0B1MC5\/Q\/X_ONE prop_name=INIT prop_terse=XDM_PROPERTY_STRING "INIT" "1"

CS: block property: block_name=/amplcpld/EXPANDED_FlattenFull/amplcpld prop_name=TYPE prop_terse=XDM_PROPERTY_STRING "TYPE" "amplcpld"

CS: block property: block_name=/amplcpld/EXPANDED_FlattenFull/amplcpld/ff_C0B1MC5\/$1I43 prop_name=TYPE prop_terse=XDM_PROPERTY_STRING "TYPE" "GND"

CS: block property: block_name=/amplcpld/EXPANDED_FlattenFull/amplcpld/ff_C0B1MC5\/$1I43 prop_name=INIT prop_terse=XDM_PROPERTY_STRING "INIT" "1"

CS: block property: block_name=/amplcpld/EXPANDED_FlattenFull/amplcpld prop_name=TYPE prop_terse=XDM_PROPERTY_STRING "TYPE" "amplcpld"

CS: block property: block_name=/amplcpld/EXPANDED_FlattenFull/amplcpld/ff_C0B1MC6\/Q\/FDCP prop_name=TYPE prop_terse=XDM_PROPERTY_STRING "TYPE" "FDCP"

CS: block property: block_name=/amplcpld/EXPANDED_FlattenFull/amplcpld/ff_C0B1MC6\/Q\/FDCP prop_name=INIT prop_terse=XDM_PROPERTY_STRING "INIT" "1"

CS: block property: block_name=/amplcpld/EXPANDED_FlattenFull/amplcpld prop_name=TYPE prop_terse=XDM_PROPERTY_STRING "TYPE" "amplcpld"

CS: block property: block_name=/amplcpld/EXPANDED_FlattenFull/amplcpld/ff_C0B1MC6\/Q\/X_ONE prop_name=TYPE prop_terse=XDM_PROPERTY_STRING "TYPE" "FDCP"

CS: block property: block_name=/amplcpld/EXPANDED_FlattenFull/amplcpld/ff_C0B1MC6\/Q\/X_ONE prop_name=INIT prop_terse=XDM_PROPERTY_STRING "INIT" "1"

CS: block property: block_name=/amplcpld/EXPANDED_FlattenFull/amplcpld prop_name=TYPE prop_terse=XDM_PROPERTY_STRING "TYPE" "amplcpld"

CS: block property: block_name=/amplcpld/EXPANDED_FlattenFull/amplcpld/ff_C0B1MC6\/$1I43 prop_name=TYPE prop_terse=XDM_PROPERTY_STRING "TYPE" "GND"

CS: block property: block_name=/amplcpld/EXPANDED_FlattenFull/amplcpld/ff_C0B1MC6\/$1I43 prop_name=INIT prop_terse=XDM_PROPERTY_STRING "INIT" "1"

CS: block property: block_name=/amplcpld/EXPANDED_FlattenFull/amplcpld prop_name=TYPE prop_terse=XDM_PROPERTY_STRING "TYPE" "amplcpld"

CS: block property: block_name=/amplcpld/EXPANDED_FlattenFull/amplcpld/ff_C0B1MC7\/Q\/FDCP prop_name=TYPE prop_terse=XDM_PROPERTY_STRING "TYPE" "FDCP"

CS: block property: block_name=/amplcpld/EXPANDED_FlattenFull/amplcpld/ff_C0B1MC7\/Q\/FDCP prop_name=INIT prop_terse=XDM_PROPERTY_STRING "INIT" "1"

CS: block property: block_name=/amplcpld/EXPANDED_FlattenFull/amplcpld prop_name=TYPE prop_terse=XDM_PROPERTY_STRING "TYPE" "amplcpld"

CS: block property: block_name=/amplcpld/EXPANDED_FlattenFull/amplcpld/ff_C0B1MC7\/Q\/X_ONE prop_name=TYPE prop_terse=XDM_PROPERTY_STRING "TYPE" "FDCP"

CS: block property: block_name=/amplcpld/EXPANDED_FlattenFull/amplcpld/ff_C0B1MC7\/Q\/X_ONE prop_name=INIT prop_terse=XDM_PROPERTY_STRING "INIT" "1"

CS: block property: block_name=/amplcpld/EXPANDED_FlattenFull/amplcpld prop_name=TYPE prop_terse=XDM_PROPERTY_STRING "TYPE" "amplcpld"

CS: block property: block_name=/amplcpld/EXPANDED_FlattenFull/amplcpld/ff_C0B1MC7\/$1I43 prop_name=TYPE prop_terse=XDM_PROPERTY_STRING "TYPE" "GND"

CS: block property: block_name=/amplcpld/EXPANDED_FlattenFull/amplcpld/ff_C0B1MC7\/$1I43 prop_name=INIT prop_terse=XDM_PROPERTY_STRING "INIT" "1"

CS: block property: block_name=/amplcpld/EXPANDED_FlattenFull/amplcpld prop_name=TYPE prop_terse=XDM_PROPERTY_STRING "TYPE" "amplcpld"

CS: block property: block_name=/amplcpld/EXPANDED_FlattenFull/amplcpld/ff_C0B1MC8\/Q\/FDCP prop_name=TYPE prop_terse=XDM_PROPERTY_STRING "TYPE" "FDCP"

CS: block property: block_name=/amplcpld/EXPANDED_FlattenFull/amplcpld/ff_C0B1MC8\/Q\/FDCP prop_name=INIT prop_terse=XDM_PROPERTY_STRING "INIT" "1"

CS: block property: block_name=/amplcpld/EXPANDED_FlattenFull/amplcpld prop_name=TYPE prop_terse=XDM_PROPERTY_STRING "TYPE" "amplcpld"

CS: block property: block_name=/amplcpld/EXPANDED_FlattenFull/amplcpld/ff_C0B1MC8\/Q\/X_ONE prop_name=TYPE prop_terse=XDM_PROPERTY_STRING "TYPE" "FDCP"

CS: block property: block_name=/amplcpld/EXPANDED_FlattenFull/amplcpld/ff_C0B1MC8\/Q\/X_ONE prop_name=INIT prop_terse=XDM_PROPERTY_STRING "INIT" "1"

CS: block property: block_name=/amplcpld/EXPANDED_FlattenFull/amplcpld prop_name=TYPE prop_terse=XDM_PROPERTY_STRING "TYPE" "amplcpld"

CS: block property: block_name=/amplcpld/EXPANDED_FlattenFull/amplcpld/ff_C0B1MC8\/$1I43 prop_name=TYPE prop_terse=XDM_PROPERTY_STRING "TYPE" "GND"

CS: block property: block_name=/amplcpld/EXPANDED_FlattenFull/amplcpld/ff_C0B1MC8\/$1I43 prop_name=INIT prop_terse=XDM_PROPERTY_STRING "INIT" "1"

CS: block property: block_name=/amplcpld/EXPANDED_FlattenFull/amplcpld prop_name=TYPE prop_terse=XDM_PROPERTY_STRING "TYPE" "amplcpld"

CS: block property: block_name=/amplcpld/EXPANDED_FlattenFull/amplcpld/ff_C0B1MC9\/Q\/FDCP prop_name=TYPE prop_terse=XDM_PROPERTY_STRING "TYPE" "FDCP"

CS: block property: block_name=/amplcpld/EXPANDED_FlattenFull/amplcpld/ff_C0B1MC9\/Q\/FDCP prop_name=INIT prop_terse=XDM_PROPERTY_STRING "INIT" "1"

CS: block property: block_name=/amplcpld/EXPANDED_FlattenFull/amplcpld prop_name=TYPE prop_terse=XDM_PROPERTY_STRING "TYPE" "amplcpld"

CS: block property: block_name=/amplcpld/EXPANDED_FlattenFull/amplcpld/ff_C0B1MC9\/Q\/X_ONE prop_name=TYPE prop_terse=XDM_PROPERTY_STRING "TYPE" "FDCP"

CS: block property: block_name=/amplcpld/EXPANDED_FlattenFull/amplcpld/ff_C0B1MC9\/Q\/X_ONE prop_name=INIT prop_terse=XDM_PROPERTY_STRING "INIT" "1"

CS: block property: block_name=/amplcpld/EXPANDED_FlattenFull/amplcpld prop_name=TYPE prop_terse=XDM_PROPERTY_STRING "TYPE" "amplcpld"

CS: block property: block_name=/amplcpld/EXPANDED_FlattenFull/amplcpld/ff_C0B1MC9\/$1I43 prop_name=TYPE prop_terse=XDM_PROPERTY_STRING "TYPE" "GND"

CS: block property: block_name=/amplcpld/EXPANDED_FlattenFull/amplcpld/ff_C0B1MC9\/$1I43 prop_name=INIT prop_terse=XDM_PROPERTY_STRING "INIT" "1"

CS: block property: block_name=/amplcpld/EXPANDED_FlattenFull/amplcpld prop_name=TYPE prop_terse=XDM_PROPERTY_STRING "TYPE" "amplcpld"

CS: block property: block_name=/amplcpld/EXPANDED_FlattenFull/amplcpld/ff_C0B2MC10\/Q\/FDCP prop_name=TYPE prop_terse=XDM_PROPERTY_STRING "TYPE" "FDCP"

CS: block property: block_name=/amplcpld/EXPANDED_FlattenFull/amplcpld/ff_C0B2MC10\/Q\/FDCP prop_name=INIT prop_terse=XDM_PROPERTY_STRING "INIT" "1"

CS: block property: block_name=/amplcpld/EXPANDED_FlattenFull/amplcpld prop_name=TYPE prop_terse=XDM_PROPERTY_STRING "TYPE" "amplcpld"

CS: block property: block_name=/amplcpld/EXPANDED_FlattenFull/amplcpld/ff_C0B2MC10\/Q\/X_ONE prop_name=TYPE prop_terse=XDM_PROPERTY_STRING "TYPE" "FDCP"

CS: block property: block_name=/amplcpld/EXPANDED_FlattenFull/amplcpld/ff_C0B2MC10\/Q\/X_ONE prop_name=INIT prop_terse=XDM_PROPERTY_STRING "INIT" "1"

CS: block property: block_name=/amplcpld/EXPANDED_FlattenFull/amplcpld prop_name=TYPE prop_terse=XDM_PROPERTY_STRING "TYPE" "amplcpld"

CS: block property: block_name=/amplcpld/EXPANDED_FlattenFull/amplcpld/ff_C0B2MC10\/$1I43 prop_name=TYPE prop_terse=XDM_PROPERTY_STRING "TYPE" "GND"

CS: block property: block_name=/amplcpld/EXPANDED_FlattenFull/amplcpld/ff_C0B2MC10\/$1I43 prop_name=INIT prop_terse=XDM_PROPERTY_STRING "INIT" "1"

CS: block property: block_name=/amplcpld/EXPANDED_FlattenFull/amplcpld prop_name=TYPE prop_terse=XDM_PROPERTY_STRING "TYPE" "amplcpld"

CS: block property: block_name=/amplcpld/EXPANDED_FlattenFull/amplcpld/ff_C0B2MC11\/Q\/FDCP prop_name=TYPE prop_terse=XDM_PROPERTY_STRING "TYPE" "FDCP"

CS: block property: block_name=/amplcpld/EXPANDED_FlattenFull/amplcpld/ff_C0B2MC11\/Q\/FDCP prop_name=INIT prop_terse=XDM_PROPERTY_STRING "INIT" "1"

CS: block property: block_name=/amplcpld/EXPANDED_FlattenFull/amplcpld prop_name=TYPE prop_terse=XDM_PROPERTY_STRING "TYPE" "amplcpld"

CS: block property: block_name=/amplcpld/EXPANDED_FlattenFull/amplcpld/ff_C0B2MC11\/Q\/X_ONE prop_name=TYPE prop_terse=XDM_PROPERTY_STRING "TYPE" "FDCP"

CS: block property: block_name=/amplcpld/EXPANDED_FlattenFull/amplcpld/ff_C0B2MC11\/Q\/X_ONE prop_name=INIT prop_terse=XDM_PROPERTY_STRING "INIT" "1"

CS: block property: block_name=/amplcpld/EXPANDED_FlattenFull/amplcpld prop_name=TYPE prop_terse=XDM_PROPERTY_STRING "TYPE" "amplcpld"

CS: block property: block_name=/amplcpld/EXPANDED_FlattenFull/amplcpld/ff_C0B2MC11\/$1I43 prop_name=TYPE prop_terse=XDM_PROPERTY_STRING "TYPE" "GND"

CS: block property: block_name=/amplcpld/EXPANDED_FlattenFull/amplcpld/ff_C0B2MC11\/$1I43 prop_name=INIT prop_terse=XDM_PROPERTY_STRING "INIT" "1"

CS: block property: block_name=/amplcpld/EXPANDED_FlattenFull/amplcpld prop_name=TYPE prop_terse=XDM_PROPERTY_STRING "TYPE" "amplcpld"

CS: block property: block_name=/amplcpld/EXPANDED_FlattenFull/amplcpld/ff_C0B2MC12\/Q\/FDCP prop_name=TYPE prop_terse=XDM_PROPERTY_STRING "TYPE" "FDCP"

CS: block property: block_name=/amplcpld/EXPANDED_FlattenFull/amplcpld/ff_C0B2MC12\/Q\/FDCP prop_name=INIT prop_terse=XDM_PROPERTY_STRING "INIT" "1"

CS: block property: block_name=/amplcpld/EXPANDED_FlattenFull/amplcpld prop_name=TYPE prop_terse=XDM_PROPERTY_STRING "TYPE" "amplcpld"

CS: block property: block_name=/amplcpld/EXPANDED_FlattenFull/amplcpld/ff_C0B2MC12\/Q\/X_ONE prop_name=TYPE prop_terse=XDM_PROPERTY_STRING "TYPE" "FDCP"

CS: block property: block_name=/amplcpld/EXPANDED_FlattenFull/amplcpld/ff_C0B2MC12\/Q\/X_ONE prop_name=INIT prop_terse=XDM_PROPERTY_STRING "INIT" "1"

CS: block property: block_name=/amplcpld/EXPANDED_FlattenFull/amplcpld prop_name=TYPE prop_terse=XDM_PROPERTY_STRING "TYPE" "amplcpld"

CS: block property: block_name=/amplcpld/EXPANDED_FlattenFull/amplcpld/ff_C0B2MC12\/$1I43 prop_name=TYPE prop_terse=XDM_PROPERTY_STRING "TYPE" "GND"

CS: block property: block_name=/amplcpld/EXPANDED_FlattenFull/amplcpld/ff_C0B2MC12\/$1I43 prop_name=INIT prop_terse=XDM_PROPERTY_STRING "INIT" "1"

CS: block property: block_name=/amplcpld/EXPANDED_FlattenFull/amplcpld prop_name=TYPE prop_terse=XDM_PROPERTY_STRING "TYPE" "amplcpld"

CS: block property: block_name=/amplcpld/EXPANDED_FlattenFull/amplcpld/ff_C0B2MC13\/Q\/FDCP prop_name=TYPE prop_terse=XDM_PROPERTY_STRING "TYPE" "FDCP"

CS: block property: block_name=/amplcpld/EXPANDED_FlattenFull/amplcpld/ff_C0B2MC13\/Q\/FDCP prop_name=INIT prop_terse=XDM_PROPERTY_STRING "INIT" "1"

CS: block property: block_name=/amplcpld/EXPANDED_FlattenFull/amplcpld prop_name=TYPE prop_terse=XDM_PROPERTY_STRING "TYPE" "amplcpld"

CS: block property: block_name=/amplcpld/EXPANDED_FlattenFull/amplcpld/ff_C0B2MC13\/Q\/X_ONE prop_name=TYPE prop_terse=XDM_PROPERTY_STRING "TYPE" "FDCP"

CS: block property: block_name=/amplcpld/EXPANDED_FlattenFull/amplcpld/ff_C0B2MC13\/Q\/X_ONE prop_name=INIT prop_terse=XDM_PROPERTY_STRING "INIT" "1"

CS: block property: block_name=/amplcpld/EXPANDED_FlattenFull/amplcpld prop_name=TYPE prop_terse=XDM_PROPERTY_STRING "TYPE" "amplcpld"

CS: block property: block_name=/amplcpld/EXPANDED_FlattenFull/amplcpld/ff_C0B2MC13\/$1I43 prop_name=TYPE prop_terse=XDM_PROPERTY_STRING "TYPE" "GND"

CS: block property: block_name=/amplcpld/EXPANDED_FlattenFull/amplcpld/ff_C0B2MC13\/$1I43 prop_name=INIT prop_terse=XDM_PROPERTY_STRING "INIT" "1"

CS: block property: block_name=/amplcpld/EXPANDED_FlattenFull/amplcpld prop_name=TYPE prop_terse=XDM_PROPERTY_STRING "TYPE" "amplcpld"

CS: block property: block_name=/amplcpld/EXPANDED_FlattenFull/amplcpld/ff_C0B2MC14\/Q\/FDCP prop_name=TYPE prop_terse=XDM_PROPERTY_STRING "TYPE" "FDCP"

CS: block property: block_name=/amplcpld/EXPANDED_FlattenFull/amplcpld/ff_C0B2MC14\/Q\/FDCP prop_name=INIT prop_terse=XDM_PROPERTY_STRING "INIT" "1"

CS: block property: block_name=/amplcpld/EXPANDED_FlattenFull/amplcpld prop_name=TYPE prop_terse=XDM_PROPERTY_STRING "TYPE" "amplcpld"

CS: block property: block_name=/amplcpld/EXPANDED_FlattenFull/amplcpld/ff_C0B2MC14\/Q\/X_ONE prop_name=TYPE prop_terse=XDM_PROPERTY_STRING "TYPE" "FDCP"

CS: block property: block_name=/amplcpld/EXPANDED_FlattenFull/amplcpld/ff_C0B2MC14\/Q\/X_ONE prop_name=INIT prop_terse=XDM_PROPERTY_STRING "INIT" "1"

CS: block property: block_name=/amplcpld/EXPANDED_FlattenFull/amplcpld prop_name=TYPE prop_terse=XDM_PROPERTY_STRING "TYPE" "amplcpld"

CS: block property: block_name=/amplcpld/EXPANDED_FlattenFull/amplcpld/ff_C0B2MC14\/$1I43 prop_name=TYPE prop_terse=XDM_PROPERTY_STRING "TYPE" "GND"

CS: block property: block_name=/amplcpld/EXPANDED_FlattenFull/amplcpld/ff_C0B2MC14\/$1I43 prop_name=INIT prop_terse=XDM_PROPERTY_STRING "INIT" "1"

CS: block property: block_name=/amplcpld/EXPANDED_FlattenFull/amplcpld prop_name=TYPE prop_terse=XDM_PROPERTY_STRING "TYPE" "amplcpld"

CS: block property: block_name=/amplcpld/EXPANDED_FlattenFull/amplcpld/ff_C0B2MC15\/Q\/FDCP prop_name=TYPE prop_terse=XDM_PROPERTY_STRING "TYPE" "FDCP"

CS: block property: block_name=/amplcpld/EXPANDED_FlattenFull/amplcpld/ff_C0B2MC15\/Q\/FDCP prop_name=INIT prop_terse=XDM_PROPERTY_STRING "INIT" "1"

CS: block property: block_name=/amplcpld/EXPANDED_FlattenFull/amplcpld prop_name=TYPE prop_terse=XDM_PROPERTY_STRING "TYPE" "amplcpld"

CS: block property: block_name=/amplcpld/EXPANDED_FlattenFull/amplcpld/ff_C0B2MC15\/Q\/X_ONE prop_name=TYPE prop_terse=XDM_PROPERTY_STRING "TYPE" "FDCP"

CS: block property: block_name=/amplcpld/EXPANDED_FlattenFull/amplcpld/ff_C0B2MC15\/Q\/X_ONE prop_name=INIT prop_terse=XDM_PROPERTY_STRING "INIT" "1"

CS: block property: block_name=/amplcpld/EXPANDED_FlattenFull/amplcpld prop_name=TYPE prop_terse=XDM_PROPERTY_STRING "TYPE" "amplcpld"

CS: block property: block_name=/amplcpld/EXPANDED_FlattenFull/amplcpld/ff_C0B2MC15\/$1I43 prop_name=TYPE prop_terse=XDM_PROPERTY_STRING "TYPE" "GND"

CS: block property: block_name=/amplcpld/EXPANDED_FlattenFull/amplcpld/ff_C0B2MC15\/$1I43 prop_name=INIT prop_terse=XDM_PROPERTY_STRING "INIT" "1"

CS: block property: block_name=/amplcpld/EXPANDED_FlattenFull/amplcpld prop_name=TYPE prop_terse=XDM_PROPERTY_STRING "TYPE" "amplcpld"

CS: block property: block_name=/amplcpld/EXPANDED_FlattenFull/amplcpld/ff_C0B2MC3\/Q\/FDCP prop_name=TYPE prop_terse=XDM_PROPERTY_STRING "TYPE" "FDCP"

CS: block property: block_name=/amplcpld/EXPANDED_FlattenFull/amplcpld/ff_C0B2MC3\/Q\/FDCP prop_name=INIT prop_terse=XDM_PROPERTY_STRING "INIT" "1"

CS: block property: block_name=/amplcpld/EXPANDED_FlattenFull/amplcpld prop_name=TYPE prop_terse=XDM_PROPERTY_STRING "TYPE" "amplcpld"

CS: block property: block_name=/amplcpld/EXPANDED_FlattenFull/amplcpld/ff_C0B2MC3\/Q\/X_ONE prop_name=TYPE prop_terse=XDM_PROPERTY_STRING "TYPE" "FDCP"

CS: block property: block_name=/amplcpld/EXPANDED_FlattenFull/amplcpld/ff_C0B2MC3\/Q\/X_ONE prop_name=INIT prop_terse=XDM_PROPERTY_STRING "INIT" "1"

CS: block property: block_name=/amplcpld/EXPANDED_FlattenFull/amplcpld prop_name=TYPE prop_terse=XDM_PROPERTY_STRING "TYPE" "amplcpld"

CS: block property: block_name=/amplcpld/EXPANDED_FlattenFull/amplcpld/ff_C0B2MC3\/$1I43 prop_name=TYPE prop_terse=XDM_PROPERTY_STRING "TYPE" "GND"

CS: block property: block_name=/amplcpld/EXPANDED_FlattenFull/amplcpld/ff_C0B2MC3\/$1I43 prop_name=INIT prop_terse=XDM_PROPERTY_STRING "INIT" "1"

CS: block property: block_name=/amplcpld/EXPANDED_FlattenFull/amplcpld prop_name=TYPE prop_terse=XDM_PROPERTY_STRING "TYPE" "amplcpld"

CS: block property: block_name=/amplcpld/EXPANDED_FlattenFull/amplcpld/ff_C0B2MC4\/Q\/FDCP prop_name=TYPE prop_terse=XDM_PROPERTY_STRING "TYPE" "FDCP"

CS: block property: block_name=/amplcpld/EXPANDED_FlattenFull/amplcpld/ff_C0B2MC4\/Q\/FDCP prop_name=INIT prop_terse=XDM_PROPERTY_STRING "INIT" "1"

CS: block property: block_name=/amplcpld/EXPANDED_FlattenFull/amplcpld prop_name=TYPE prop_terse=XDM_PROPERTY_STRING "TYPE" "amplcpld"

CS: block property: block_name=/amplcpld/EXPANDED_FlattenFull/amplcpld/ff_C0B2MC4\/Q\/X_ONE prop_name=TYPE prop_terse=XDM_PROPERTY_STRING "TYPE" "FDCP"

CS: block property: block_name=/amplcpld/EXPANDED_FlattenFull/amplcpld/ff_C0B2MC4\/Q\/X_ONE prop_name=INIT prop_terse=XDM_PROPERTY_STRING "INIT" "1"

CS: block property: block_name=/amplcpld/EXPANDED_FlattenFull/amplcpld prop_name=TYPE prop_terse=XDM_PROPERTY_STRING "TYPE" "amplcpld"

CS: block property: block_name=/amplcpld/EXPANDED_FlattenFull/amplcpld/ff_C0B2MC4\/$1I43 prop_name=TYPE prop_terse=XDM_PROPERTY_STRING "TYPE" "GND"

CS: block property: block_name=/amplcpld/EXPANDED_FlattenFull/amplcpld/ff_C0B2MC4\/$1I43 prop_name=INIT prop_terse=XDM_PROPERTY_STRING "INIT" "1"

CS: block property: block_name=/amplcpld/EXPANDED_FlattenFull/amplcpld prop_name=TYPE prop_terse=XDM_PROPERTY_STRING "TYPE" "amplcpld"

CS: block property: block_name=/amplcpld/EXPANDED_FlattenFull/amplcpld/ff_C0B2MC5\/Q\/FDCP prop_name=TYPE prop_terse=XDM_PROPERTY_STRING "TYPE" "FDCP"

CS: block property: block_name=/amplcpld/EXPANDED_FlattenFull/amplcpld/ff_C0B2MC5\/Q\/FDCP prop_name=INIT prop_terse=XDM_PROPERTY_STRING "INIT" "1"

CS: block property: block_name=/amplcpld/EXPANDED_FlattenFull/amplcpld prop_name=TYPE prop_terse=XDM_PROPERTY_STRING "TYPE" "amplcpld"

CS: block property: block_name=/amplcpld/EXPANDED_FlattenFull/amplcpld/ff_C0B2MC5\/Q\/X_ONE prop_name=TYPE prop_terse=XDM_PROPERTY_STRING "TYPE" "FDCP"

CS: block property: block_name=/amplcpld/EXPANDED_FlattenFull/amplcpld/ff_C0B2MC5\/Q\/X_ONE prop_name=INIT prop_terse=XDM_PROPERTY_STRING "INIT" "1"

CS: block property: block_name=/amplcpld/EXPANDED_FlattenFull/amplcpld prop_name=TYPE prop_terse=XDM_PROPERTY_STRING "TYPE" "amplcpld"

CS: block property: block_name=/amplcpld/EXPANDED_FlattenFull/amplcpld/ff_C0B2MC5\/$1I43 prop_name=TYPE prop_terse=XDM_PROPERTY_STRING "TYPE" "GND"

CS: block property: block_name=/amplcpld/EXPANDED_FlattenFull/amplcpld/ff_C0B2MC5\/$1I43 prop_name=INIT prop_terse=XDM_PROPERTY_STRING "INIT" "1"

CS: block property: block_name=/amplcpld/EXPANDED_FlattenFull/amplcpld prop_name=TYPE prop_terse=XDM_PROPERTY_STRING "TYPE" "amplcpld"

CS: block property: block_name=/amplcpld/EXPANDED_FlattenFull/amplcpld/ff_C0B2MC6\/Q\/FDCP prop_name=TYPE prop_terse=XDM_PROPERTY_STRING "TYPE" "FDCP"

CS: block property: block_name=/amplcpld/EXPANDED_FlattenFull/amplcpld/ff_C0B2MC6\/Q\/FDCP prop_name=INIT prop_terse=XDM_PROPERTY_STRING "INIT" "1"

CS: block property: block_name=/amplcpld/EXPANDED_FlattenFull/amplcpld prop_name=TYPE prop_terse=XDM_PROPERTY_STRING "TYPE" "amplcpld"

CS: block property: block_name=/amplcpld/EXPANDED_FlattenFull/amplcpld/ff_C0B2MC6\/Q\/X_ONE prop_name=TYPE prop_terse=XDM_PROPERTY_STRING "TYPE" "FDCP"

CS: block property: block_name=/amplcpld/EXPANDED_FlattenFull/amplcpld/ff_C0B2MC6\/Q\/X_ONE prop_name=INIT prop_terse=XDM_PROPERTY_STRING "INIT" "1"

CS: block property: block_name=/amplcpld/EXPANDED_FlattenFull/amplcpld prop_name=TYPE prop_terse=XDM_PROPERTY_STRING "TYPE" "amplcpld"

CS: block property: block_name=/amplcpld/EXPANDED_FlattenFull/amplcpld/ff_C0B2MC6\/$1I43 prop_name=TYPE prop_terse=XDM_PROPERTY_STRING "TYPE" "GND"

CS: block property: block_name=/amplcpld/EXPANDED_FlattenFull/amplcpld/ff_C0B2MC6\/$1I43 prop_name=INIT prop_terse=XDM_PROPERTY_STRING "INIT" "1"

CS: block property: block_name=/amplcpld/EXPANDED_FlattenFull/amplcpld prop_name=TYPE prop_terse=XDM_PROPERTY_STRING "TYPE" "amplcpld"

CS: block property: block_name=/amplcpld/EXPANDED_FlattenFull/amplcpld/ff_C0B2MC7\/Q prop_name=REG prop_terse=XDM_PROPERTY_STRING "REG" "TFF"

CS: block property: block_name=/amplcpld/EXPANDED_FlattenFull/amplcpld/ff_C0B2MC7\/Q prop_name=TYPE prop_terse=XDM_PROPERTY_STRING "TYPE" "FTCP"

CS: block property: block_name=/amplcpld/EXPANDED_FlattenFull/amplcpld/ff_C0B2MC7\/Q prop_name=INIT prop_terse=XDM_PROPERTY_STRING "INIT" "1"

CS: block property: block_name=/amplcpld/EXPANDED_FlattenFull/amplcpld prop_name=TYPE prop_terse=XDM_PROPERTY_STRING "TYPE" "amplcpld"

CS: block property: block_name=/amplcpld/EXPANDED_FlattenFull/amplcpld/ff_C0B2MC7\/X_XOR2 prop_name=TYPE prop_terse=XDM_PROPERTY_STRING "TYPE" "FTCP"

CS: block property: block_name=/amplcpld/EXPANDED_FlattenFull/amplcpld/ff_C0B2MC7\/X_XOR2 prop_name=INIT prop_terse=XDM_PROPERTY_STRING "INIT" "1"

CS: block property: block_name=/amplcpld/EXPANDED_FlattenFull/amplcpld prop_name=TYPE prop_terse=XDM_PROPERTY_STRING "TYPE" "amplcpld"

CS: block property: block_name=/amplcpld/EXPANDED_FlattenFull/amplcpld/ff_C0B2MC7\/X_ONE prop_name=TYPE prop_terse=XDM_PROPERTY_STRING "TYPE" "FTCP"

CS: block property: block_name=/amplcpld/EXPANDED_FlattenFull/amplcpld/ff_C0B2MC7\/X_ONE prop_name=INIT prop_terse=XDM_PROPERTY_STRING "INIT" "1"

CS: block property: block_name=/amplcpld/EXPANDED_FlattenFull/amplcpld prop_name=TYPE prop_terse=XDM_PROPERTY_STRING "TYPE" "amplcpld"

CS: block property: block_name=/amplcpld/EXPANDED_FlattenFull/amplcpld/ff_C0B2MC8\/Q\/FDCP prop_name=TYPE prop_terse=XDM_PROPERTY_STRING "TYPE" "FDCP"

CS: block property: block_name=/amplcpld/EXPANDED_FlattenFull/amplcpld/ff_C0B2MC8\/Q\/FDCP prop_name=INIT prop_terse=XDM_PROPERTY_STRING "INIT" "1"

CS: block property: block_name=/amplcpld/EXPANDED_FlattenFull/amplcpld prop_name=TYPE prop_terse=XDM_PROPERTY_STRING "TYPE" "amplcpld"

CS: block property: block_name=/amplcpld/EXPANDED_FlattenFull/amplcpld/ff_C0B2MC8\/Q\/X_ONE prop_name=TYPE prop_terse=XDM_PROPERTY_STRING "TYPE" "FDCP"

CS: block property: block_name=/amplcpld/EXPANDED_FlattenFull/amplcpld/ff_C0B2MC8\/Q\/X_ONE prop_name=INIT prop_terse=XDM_PROPERTY_STRING "INIT" "1"

CS: block property: block_name=/amplcpld/EXPANDED_FlattenFull/amplcpld prop_name=TYPE prop_terse=XDM_PROPERTY_STRING "TYPE" "amplcpld"

CS: block property: block_name=/amplcpld/EXPANDED_FlattenFull/amplcpld/ff_C0B2MC8\/$1I43 prop_name=TYPE prop_terse=XDM_PROPERTY_STRING "TYPE" "GND"

CS: block property: block_name=/amplcpld/EXPANDED_FlattenFull/amplcpld/ff_C0B2MC8\/$1I43 prop_name=INIT prop_terse=XDM_PROPERTY_STRING "INIT" "1"

CS: block property: block_name=/amplcpld/EXPANDED_FlattenFull/amplcpld prop_name=TYPE prop_terse=XDM_PROPERTY_STRING "TYPE" "amplcpld"

CS: block property: block_name=/amplcpld/EXPANDED_FlattenFull/amplcpld/ff_C0B2MC9\/Q\/FDCP prop_name=TYPE prop_terse=XDM_PROPERTY_STRING "TYPE" "FDCP"

CS: block property: block_name=/amplcpld/EXPANDED_FlattenFull/amplcpld/ff_C0B2MC9\/Q\/FDCP prop_name=INIT prop_terse=XDM_PROPERTY_STRING "INIT" "1"

CS: block property: block_name=/amplcpld/EXPANDED_FlattenFull/amplcpld prop_name=TYPE prop_terse=XDM_PROPERTY_STRING "TYPE" "amplcpld"

CS: block property: block_name=/amplcpld/EXPANDED_FlattenFull/amplcpld/ff_C0B2MC9\/Q\/X_ONE prop_name=TYPE prop_terse=XDM_PROPERTY_STRING "TYPE" "FDCP"

CS: block property: block_name=/amplcpld/EXPANDED_FlattenFull/amplcpld/ff_C0B2MC9\/Q\/X_ONE prop_name=INIT prop_terse=XDM_PROPERTY_STRING "INIT" "1"

CS: block property: block_name=/amplcpld/EXPANDED_FlattenFull/amplcpld prop_name=TYPE prop_terse=XDM_PROPERTY_STRING "TYPE" "amplcpld"

CS: block property: block_name=/amplcpld/EXPANDED_FlattenFull/amplcpld/ff_C0B2MC9\/$1I43 prop_name=TYPE prop_terse=XDM_PROPERTY_STRING "TYPE" "GND"

CS: block property: block_name=/amplcpld/EXPANDED_FlattenFull/amplcpld/ff_C0B2MC9\/$1I43 prop_name=INIT prop_terse=XDM_PROPERTY_STRING "INIT" "1"

CS: block property: block_name=/amplcpld/EXPANDED_FlattenFull/amplcpld prop_name=TYPE prop_terse=XDM_PROPERTY_STRING "TYPE" "amplcpld"

CS: block property: block_name=/amplcpld/EXPANDED_FlattenFull/amplcpld/ff_C0B5MC0\/Q prop_name=REG prop_terse=XDM_PROPERTY_STRING "REG" "TFF"

CS: block property: block_name=/amplcpld/EXPANDED_FlattenFull/amplcpld/ff_C0B5MC0\/Q prop_name=TYPE prop_terse=XDM_PROPERTY_STRING "TYPE" "FTCP"

CS: block property: block_name=/amplcpld/EXPANDED_FlattenFull/amplcpld/ff_C0B5MC0\/Q prop_name=INIT prop_terse=XDM_PROPERTY_STRING "INIT" "1"

CS: block property: block_name=/amplcpld/EXPANDED_FlattenFull/amplcpld prop_name=TYPE prop_terse=XDM_PROPERTY_STRING "TYPE" "amplcpld"

CS: block property: block_name=/amplcpld/EXPANDED_FlattenFull/amplcpld/ff_C0B5MC0\/X_XOR2 prop_name=TYPE prop_terse=XDM_PROPERTY_STRING "TYPE" "FTCP"

CS: block property: block_name=/amplcpld/EXPANDED_FlattenFull/amplcpld/ff_C0B5MC0\/X_XOR2 prop_name=INIT prop_terse=XDM_PROPERTY_STRING "INIT" "1"

CS: block property: block_name=/amplcpld/EXPANDED_FlattenFull/amplcpld prop_name=TYPE prop_terse=XDM_PROPERTY_STRING "TYPE" "amplcpld"

CS: block property: block_name=/amplcpld/EXPANDED_FlattenFull/amplcpld/ff_C0B5MC0\/X_ONE prop_name=TYPE prop_terse=XDM_PROPERTY_STRING "TYPE" "FTCP"

CS: block property: block_name=/amplcpld/EXPANDED_FlattenFull/amplcpld/ff_C0B5MC0\/X_ONE prop_name=INIT prop_terse=XDM_PROPERTY_STRING "INIT" "1"

CS: block property: block_name=/amplcpld/EXPANDED_FlattenFull/amplcpld prop_name=TYPE prop_terse=XDM_PROPERTY_STRING "TYPE" "amplcpld"

CS: block property: block_name=/amplcpld/EXPANDED_FlattenFull/amplcpld/ff_C0B5MC15\/Q\/FDCP prop_name=TYPE prop_terse=XDM_PROPERTY_STRING "TYPE" "FDCP"

CS: block property: block_name=/amplcpld/EXPANDED_FlattenFull/amplcpld/ff_C0B5MC15\/Q\/FDCP prop_name=INIT prop_terse=XDM_PROPERTY_STRING "INIT" "0"

CS: block property: block_name=/amplcpld/EXPANDED_FlattenFull/amplcpld prop_name=TYPE prop_terse=XDM_PROPERTY_STRING "TYPE" "amplcpld"

CS: block property: block_name=/amplcpld/EXPANDED_FlattenFull/amplcpld/ff_C0B5MC15\/Q\/X_ONE prop_name=TYPE prop_terse=XDM_PROPERTY_STRING "TYPE" "FDCP"

CS: block property: block_name=/amplcpld/EXPANDED_FlattenFull/amplcpld/ff_C0B5MC15\/Q\/X_ONE prop_name=INIT prop_terse=XDM_PROPERTY_STRING "INIT" "0"

CS: block property: block_name=/amplcpld/EXPANDED_FlattenFull/amplcpld prop_name=TYPE prop_terse=XDM_PROPERTY_STRING "TYPE" "amplcpld"

CS: block property: block_name=/amplcpld/EXPANDED_FlattenFull/amplcpld/ff_C0B5MC15\/$1I43 prop_name=TYPE prop_terse=XDM_PROPERTY_STRING "TYPE" "GND"

CS: block property: block_name=/amplcpld/EXPANDED_FlattenFull/amplcpld/ff_C0B5MC15\/$1I43 prop_name=INIT prop_terse=XDM_PROPERTY_STRING "INIT" "0"

CS: block property: block_name=/amplcpld/EXPANDED_FlattenFull/amplcpld prop_name=TYPE prop_terse=XDM_PROPERTY_STRING "TYPE" "amplcpld"

CS: block property: block_name=/amplcpld/EXPANDED_FlattenFull/amplcpld/ff_C0B6MC10\/Q\/FDCP prop_name=TYPE prop_terse=XDM_PROPERTY_STRING "TYPE" "FDCP"

CS: block property: block_name=/amplcpld/EXPANDED_FlattenFull/amplcpld/ff_C0B6MC10\/Q\/FDCP prop_name=INIT prop_terse=XDM_PROPERTY_STRING "INIT" "1"

CS: block property: block_name=/amplcpld/EXPANDED_FlattenFull/amplcpld prop_name=TYPE prop_terse=XDM_PROPERTY_STRING "TYPE" "amplcpld"

CS: block property: block_name=/amplcpld/EXPANDED_FlattenFull/amplcpld/ff_C0B6MC10\/Q\/X_ONE prop_name=TYPE prop_terse=XDM_PROPERTY_STRING "TYPE" "FDCP"

CS: block property: block_name=/amplcpld/EXPANDED_FlattenFull/amplcpld/ff_C0B6MC10\/Q\/X_ONE prop_name=INIT prop_terse=XDM_PROPERTY_STRING "INIT" "1"

CS: block property: block_name=/amplcpld/EXPANDED_FlattenFull/amplcpld prop_name=TYPE prop_terse=XDM_PROPERTY_STRING "TYPE" "amplcpld"

CS: block property: block_name=/amplcpld/EXPANDED_FlattenFull/amplcpld/ff_C0B6MC10\/$1I43 prop_name=TYPE prop_terse=XDM_PROPERTY_STRING "TYPE" "GND"

CS: block property: block_name=/amplcpld/EXPANDED_FlattenFull/amplcpld/ff_C0B6MC10\/$1I43 prop_name=INIT prop_terse=XDM_PROPERTY_STRING "INIT" "1"

CS: block property: block_name=/amplcpld/EXPANDED_FlattenFull/amplcpld prop_name=TYPE prop_terse=XDM_PROPERTY_STRING "TYPE" "amplcpld"

CS: block property: block_name=/amplcpld/EXPANDED_FlattenFull/amplcpld/ff_C0B6MC12\/Q prop_name=TYPE prop_terse=XDM_PROPERTY_STRING "TYPE" "FDCPE"

CS: block property: block_name=/amplcpld/EXPANDED_FlattenFull/amplcpld/ff_C0B6MC12\/Q prop_name=INIT prop_terse=XDM_PROPERTY_STRING "INIT" "1"

CS: block property: block_name=/amplcpld/EXPANDED_FlattenFull/amplcpld prop_name=TYPE prop_terse=XDM_PROPERTY_STRING "TYPE" "amplcpld"

CS: block property: block_name=/amplcpld/EXPANDED_FlattenFull/amplcpld/ff_C0B6MC13\/Q\/FDCP prop_name=TYPE prop_terse=XDM_PROPERTY_STRING "TYPE" "FDCP"

CS: block property: block_name=/amplcpld/EXPANDED_FlattenFull/amplcpld/ff_C0B6MC13\/Q\/FDCP prop_name=INIT prop_terse=XDM_PROPERTY_STRING "INIT" "1"

CS: block property: block_name=/amplcpld/EXPANDED_FlattenFull/amplcpld prop_name=TYPE prop_terse=XDM_PROPERTY_STRING "TYPE" "amplcpld"

CS: block property: block_name=/amplcpld/EXPANDED_FlattenFull/amplcpld/ff_C0B6MC13\/Q\/X_ONE prop_name=TYPE prop_terse=XDM_PROPERTY_STRING "TYPE" "FDCP"

CS: block property: block_name=/amplcpld/EXPANDED_FlattenFull/amplcpld/ff_C0B6MC13\/Q\/X_ONE prop_name=INIT prop_terse=XDM_PROPERTY_STRING "INIT" "1"

CS: block property: block_name=/amplcpld/EXPANDED_FlattenFull/amplcpld prop_name=TYPE prop_terse=XDM_PROPERTY_STRING "TYPE" "amplcpld"

CS: block property: block_name=/amplcpld/EXPANDED_FlattenFull/amplcpld/ff_C0B6MC13\/$1I43 prop_name=TYPE prop_terse=XDM_PROPERTY_STRING "TYPE" "GND"

CS: block property: block_name=/amplcpld/EXPANDED_FlattenFull/amplcpld/ff_C0B6MC13\/$1I43 prop_name=INIT prop_terse=XDM_PROPERTY_STRING "INIT" "1"

CS: block property: block_name=/amplcpld/EXPANDED_FlattenFull/amplcpld prop_name=TYPE prop_terse=XDM_PROPERTY_STRING "TYPE" "amplcpld"

CS: block property: block_name=/amplcpld/EXPANDED_FlattenFull/amplcpld/ff_C0B6MC14\/Q\/FDCP prop_name=TYPE prop_terse=XDM_PROPERTY_STRING "TYPE" "FDCP"

CS: block property: block_name=/amplcpld/EXPANDED_FlattenFull/amplcpld/ff_C0B6MC14\/Q\/FDCP prop_name=INIT prop_terse=XDM_PROPERTY_STRING "INIT" "1"

CS: block property: block_name=/amplcpld/EXPANDED_FlattenFull/amplcpld prop_name=TYPE prop_terse=XDM_PROPERTY_STRING "TYPE" "amplcpld"

CS: block property: block_name=/amplcpld/EXPANDED_FlattenFull/amplcpld/ff_C0B6MC14\/Q\/X_ONE prop_name=TYPE prop_terse=XDM_PROPERTY_STRING "TYPE" "FDCP"

CS: block property: block_name=/amplcpld/EXPANDED_FlattenFull/amplcpld/ff_C0B6MC14\/Q\/X_ONE prop_name=INIT prop_terse=XDM_PROPERTY_STRING "INIT" "1"

CS: block property: block_name=/amplcpld/EXPANDED_FlattenFull/amplcpld prop_name=TYPE prop_terse=XDM_PROPERTY_STRING "TYPE" "amplcpld"

CS: block property: block_name=/amplcpld/EXPANDED_FlattenFull/amplcpld/ff_C0B6MC14\/$1I43 prop_name=TYPE prop_terse=XDM_PROPERTY_STRING "TYPE" "GND"

CS: block property: block_name=/amplcpld/EXPANDED_FlattenFull/amplcpld/ff_C0B6MC14\/$1I43 prop_name=INIT prop_terse=XDM_PROPERTY_STRING "INIT" "1"

CS: block property: block_name=/amplcpld/EXPANDED_FlattenFull/amplcpld prop_name=TYPE prop_terse=XDM_PROPERTY_STRING "TYPE" "amplcpld"

CS: block property: block_name=/amplcpld/EXPANDED_FlattenFull/amplcpld/ff_C0B6MC15\/Q\/FDCP prop_name=TYPE prop_terse=XDM_PROPERTY_STRING "TYPE" "FDCP"

CS: block property: block_name=/amplcpld/EXPANDED_FlattenFull/amplcpld/ff_C0B6MC15\/Q\/FDCP prop_name=INIT prop_terse=XDM_PROPERTY_STRING "INIT" "1"

CS: block property: block_name=/amplcpld/EXPANDED_FlattenFull/amplcpld prop_name=TYPE prop_terse=XDM_PROPERTY_STRING "TYPE" "amplcpld"

CS: block property: block_name=/amplcpld/EXPANDED_FlattenFull/amplcpld/ff_C0B6MC15\/Q\/X_ONE prop_name=TYPE prop_terse=XDM_PROPERTY_STRING "TYPE" "FDCP"

CS: block property: block_name=/amplcpld/EXPANDED_FlattenFull/amplcpld/ff_C0B6MC15\/Q\/X_ONE prop_name=INIT prop_terse=XDM_PROPERTY_STRING "INIT" "1"

CS: block property: block_name=/amplcpld/EXPANDED_FlattenFull/amplcpld prop_name=TYPE prop_terse=XDM_PROPERTY_STRING "TYPE" "amplcpld"

CS: block property: block_name=/amplcpld/EXPANDED_FlattenFull/amplcpld/ff_C0B6MC15\/$1I43 prop_name=TYPE prop_terse=XDM_PROPERTY_STRING "TYPE" "GND"

CS: block property: block_name=/amplcpld/EXPANDED_FlattenFull/amplcpld/ff_C0B6MC15\/$1I43 prop_name=INIT prop_terse=XDM_PROPERTY_STRING "INIT" "1"

CS: block property: block_name=/amplcpld/EXPANDED_FlattenFull/amplcpld prop_name=TYPE prop_terse=XDM_PROPERTY_STRING "TYPE" "amplcpld"

CS: block property: block_name=/amplcpld/EXPANDED_FlattenFull/amplcpld/ff_C0B6MC5\/Q prop_name=REG prop_terse=XDM_PROPERTY_STRING "REG" "TFF"

CS: block property: block_name=/amplcpld/EXPANDED_FlattenFull/amplcpld/ff_C0B6MC5\/Q prop_name=TYPE prop_terse=XDM_PROPERTY_STRING "TYPE" "FTCP"

CS: block property: block_name=/amplcpld/EXPANDED_FlattenFull/amplcpld/ff_C0B6MC5\/Q prop_name=INIT prop_terse=XDM_PROPERTY_STRING "INIT" "1"

CS: block property: block_name=/amplcpld/EXPANDED_FlattenFull/amplcpld prop_name=TYPE prop_terse=XDM_PROPERTY_STRING "TYPE" "amplcpld"

CS: block property: block_name=/amplcpld/EXPANDED_FlattenFull/amplcpld/ff_C0B6MC5\/X_XOR2 prop_name=TYPE prop_terse=XDM_PROPERTY_STRING "TYPE" "FTCP"

CS: block property: block_name=/amplcpld/EXPANDED_FlattenFull/amplcpld/ff_C0B6MC5\/X_XOR2 prop_name=INIT prop_terse=XDM_PROPERTY_STRING "INIT" "1"

CS: block property: block_name=/amplcpld/EXPANDED_FlattenFull/amplcpld prop_name=TYPE prop_terse=XDM_PROPERTY_STRING "TYPE" "amplcpld"

CS: block property: block_name=/amplcpld/EXPANDED_FlattenFull/amplcpld/ff_C0B6MC5\/X_ONE prop_name=TYPE prop_terse=XDM_PROPERTY_STRING "TYPE" "FTCP"

CS: block property: block_name=/amplcpld/EXPANDED_FlattenFull/amplcpld/ff_C0B6MC5\/X_ONE prop_name=INIT prop_terse=XDM_PROPERTY_STRING "INIT" "1"

CS: block property: block_name=/amplcpld/EXPANDED_FlattenFull/amplcpld prop_name=TYPE prop_terse=XDM_PROPERTY_STRING "TYPE" "amplcpld"

CS: block property: block_name=/amplcpld/EXPANDED_FlattenFull/amplcpld/ff_C0B7MC1\/Q prop_name=REG prop_terse=XDM_PROPERTY_STRING "REG" "TFF"

CS: block property: block_name=/amplcpld/EXPANDED_FlattenFull/amplcpld/ff_C0B7MC1\/Q prop_name=TYPE prop_terse=XDM_PROPERTY_STRING "TYPE" "FTCP"

CS: block property: block_name=/amplcpld/EXPANDED_FlattenFull/amplcpld/ff_C0B7MC1\/Q prop_name=INIT prop_terse=XDM_PROPERTY_STRING "INIT" "1"

CS: block property: block_name=/amplcpld/EXPANDED_FlattenFull/amplcpld prop_name=TYPE prop_terse=XDM_PROPERTY_STRING "TYPE" "amplcpld"

CS: block property: block_name=/amplcpld/EXPANDED_FlattenFull/amplcpld/ff_C0B7MC1\/X_XOR2 prop_name=TYPE prop_terse=XDM_PROPERTY_STRING "TYPE" "FTCP"

CS: block property: block_name=/amplcpld/EXPANDED_FlattenFull/amplcpld/ff_C0B7MC1\/X_XOR2 prop_name=INIT prop_terse=XDM_PROPERTY_STRING "INIT" "1"

CS: block property: block_name=/amplcpld/EXPANDED_FlattenFull/amplcpld prop_name=TYPE prop_terse=XDM_PROPERTY_STRING "TYPE" "amplcpld"

CS: block property: block_name=/amplcpld/EXPANDED_FlattenFull/amplcpld/ff_C0B7MC1\/X_ONE prop_name=TYPE prop_terse=XDM_PROPERTY_STRING "TYPE" "FTCP"

CS: block property: block_name=/amplcpld/EXPANDED_FlattenFull/amplcpld/ff_C0B7MC1\/X_ONE prop_name=INIT prop_terse=XDM_PROPERTY_STRING "INIT" "1"

CS: block property: block_name=/amplcpld/EXPANDED_FlattenFull/amplcpld prop_name=TYPE prop_terse=XDM_PROPERTY_STRING "TYPE" "amplcpld"

CS: block property: block_name=/amplcpld/EXPANDED_FlattenFull/amplcpld/Mxor_drive_C0B0MC13\/Xo<0>1 prop_name=TYPE prop_terse=XDM_PROPERTY_STRING "TYPE" "XOR2"

CS: block property: block_name=/amplcpld/EXPANDED_FlattenFull/amplcpld prop_name=TYPE prop_terse=XDM_PROPERTY_STRING "TYPE" "amplcpld"

CS: block property: block_name=/amplcpld/EXPANDED_FlattenFull/amplcpld/Mxor_drive_C0B0MC9\/Xo<0>1 prop_name=TYPE prop_terse=XDM_PROPERTY_STRING "TYPE" "XOR2"

CS: block property: block_name=/amplcpld/EXPANDED_FlattenFull/amplcpld prop_name=TYPE prop_terse=XDM_PROPERTY_STRING "TYPE" "amplcpld"

CS: block property: block_name=/amplcpld/EXPANDED_FlattenFull/amplcpld/Mxor_drive_C0B0MC8\/Xo<0>1 prop_name=TYPE prop_terse=XDM_PROPERTY_STRING "TYPE" "XOR2"

CS: block property: block_name=/amplcpld/EXPANDED_FlattenFull/amplcpld prop_name=TYPE prop_terse=XDM_PROPERTY_STRING "TYPE" "amplcpld"

CS: block property: block_name=/amplcpld/EXPANDED_FlattenFull/amplcpld/clock_C0B1MC121 prop_name=TYPE prop_terse=XDM_PROPERTY_STRING "TYPE" "INV"

CS: block property: block_name=/amplcpld/EXPANDED_FlattenFull/amplcpld prop_name=TYPE prop_terse=XDM_PROPERTY_STRING "TYPE" "amplcpld"

CS: block property: block_name=/amplcpld/EXPANDED_FlattenFull/amplcpld/drive_C0B6MC121 prop_name=TYPE prop_terse=XDM_PROPERTY_STRING "TYPE" "INV"

CS: block property: block_name=/amplcpld/EXPANDED_FlattenFull/amplcpld prop_name=TYPE prop_terse=XDM_PROPERTY_STRING "TYPE" "amplcpld"

CS: block property: block_name=/amplcpld/EXPANDED_FlattenFull/amplcpld/clock_C0B2MC71 prop_name=TYPE prop_terse=XDM_PROPERTY_STRING "TYPE" "INV"

CS: block property: block_name=/amplcpld/EXPANDED_FlattenFull/amplcpld prop_name=TYPE prop_terse=XDM_PROPERTY_STRING "TYPE" "amplcpld"

CS: block property: block_name=/amplcpld/EXPANDED_FlattenFull/amplcpld/ce_C0B0MC41 prop_name=TYPE prop_terse=XDM_PROPERTY_STRING "TYPE" "INV"

CS: block property: block_name=/amplcpld/EXPANDED_FlattenFull/amplcpld prop_name=TYPE prop_terse=XDM_PROPERTY_STRING "TYPE" "amplcpld"

CS: block property: block_name=/amplcpld/EXPANDED_FlattenFull/amplcpld/drive_C0B0MC9_and00041 prop_name=TYPE prop_terse=XDM_PROPERTY_STRING "TYPE" "AND3"

CS: block property: block_name=/amplcpld/EXPANDED_FlattenFull/amplcpld prop_name=TYPE prop_terse=XDM_PROPERTY_STRING "TYPE" "amplcpld"

CS: block property: block_name=/amplcpld/EXPANDED_FlattenFull/amplcpld/ce_C0B6MC121 prop_name=TYPE prop_terse=XDM_PROPERTY_STRING "TYPE" "INV"

CS: block property: block_name=/amplcpld/EXPANDED_FlattenFull/amplcpld prop_name=TYPE prop_terse=XDM_PROPERTY_STRING "TYPE" "amplcpld"

CS: block property: block_name=/amplcpld/EXPANDED_FlattenFull/amplcpld/comb_C0B0MC31 prop_name=TYPE prop_terse=XDM_PROPERTY_STRING "TYPE" "INV"

CS: block property: block_name=/amplcpld/EXPANDED_FlattenFull/amplcpld prop_name=TYPE prop_terse=XDM_PROPERTY_STRING "TYPE" "amplcpld"

CS: block property: block_name=/amplcpld/EXPANDED_FlattenFull/amplcpld/comb_C0B0MC32 prop_name=TYPE prop_terse=XDM_PROPERTY_STRING "TYPE" "INV"

CS: block property: block_name=/amplcpld/EXPANDED_FlattenFull/amplcpld prop_name=TYPE prop_terse=XDM_PROPERTY_STRING "TYPE" "amplcpld"

CS: block property: block_name=/amplcpld/EXPANDED_FlattenFull/amplcpld/comb_C0B0MC33 prop_name=TYPE prop_terse=XDM_PROPERTY_STRING "TYPE" "AND2"

CS: block property: block_name=/amplcpld/EXPANDED_FlattenFull/amplcpld prop_name=TYPE prop_terse=XDM_PROPERTY_STRING "TYPE" "amplcpld"

CS: block property: block_name=/amplcpld/EXPANDED_FlattenFull/amplcpld/drive_C0B5MC15_and000011 prop_name=TYPE prop_terse=XDM_PROPERTY_STRING "TYPE" "AND2"

CS: block property: block_name=/amplcpld/EXPANDED_FlattenFull/amplcpld prop_name=TYPE prop_terse=XDM_PROPERTY_STRING "TYPE" "amplcpld"

CS: block property: block_name=/amplcpld/EXPANDED_FlattenFull/amplcpld/drive_C0B5MC1511 prop_name=TYPE prop_terse=XDM_PROPERTY_STRING "TYPE" "AND2"

CS: block property: block_name=/amplcpld/EXPANDED_FlattenFull/amplcpld prop_name=TYPE prop_terse=XDM_PROPERTY_STRING "TYPE" "amplcpld"

CS: block property: block_name=/amplcpld/EXPANDED_FlattenFull/amplcpld/drive_C0B5MC1512 prop_name=TYPE prop_terse=XDM_PROPERTY_STRING "TYPE" "INV"

CS: block property: block_name=/amplcpld/EXPANDED_FlattenFull/amplcpld prop_name=TYPE prop_terse=XDM_PROPERTY_STRING "TYPE" "amplcpld"

CS: block property: block_name=/amplcpld/EXPANDED_FlattenFull/amplcpld/drive_C0B5MC1513 prop_name=TYPE prop_terse=XDM_PROPERTY_STRING "TYPE" "INV"

CS: block property: block_name=/amplcpld/EXPANDED_FlattenFull/amplcpld prop_name=TYPE prop_terse=XDM_PROPERTY_STRING "TYPE" "amplcpld"

CS: block property: block_name=/amplcpld/EXPANDED_FlattenFull/amplcpld/drive_C0B5MC1514 prop_name=TYPE prop_terse=XDM_PROPERTY_STRING "TYPE" "AND2"

CS: block property: block_name=/amplcpld/EXPANDED_FlattenFull/amplcpld prop_name=TYPE prop_terse=XDM_PROPERTY_STRING "TYPE" "amplcpld"

CS: block property: block_name=/amplcpld/EXPANDED_FlattenFull/amplcpld/drive_C0B5MC1515 prop_name=TYPE prop_terse=XDM_PROPERTY_STRING "TYPE" "OR2"

CS: block property: block_name=/amplcpld/EXPANDED_FlattenFull/amplcpld prop_name=TYPE prop_terse=XDM_PROPERTY_STRING "TYPE" "amplcpld"

CS: block property: block_name=/amplcpld/EXPANDED_FlattenFull/amplcpld/drive_C0B0MC711 prop_name=TYPE prop_terse=XDM_PROPERTY_STRING "TYPE" "INV"

CS: block property: block_name=/amplcpld/EXPANDED_FlattenFull/amplcpld prop_name=TYPE prop_terse=XDM_PROPERTY_STRING "TYPE" "amplcpld"

CS: block property: block_name=/amplcpld/EXPANDED_FlattenFull/amplcpld/drive_C0B0MC712 prop_name=TYPE prop_terse=XDM_PROPERTY_STRING "TYPE" "AND2"

CS: block property: block_name=/amplcpld/EXPANDED_FlattenFull/amplcpld prop_name=TYPE prop_terse=XDM_PROPERTY_STRING "TYPE" "amplcpld"

CS: block property: block_name=/amplcpld/EXPANDED_FlattenFull/amplcpld/drive_C0B0MC641 prop_name=TYPE prop_terse=XDM_PROPERTY_STRING "TYPE" "AND2"

CS: block property: block_name=/amplcpld/EXPANDED_FlattenFull/amplcpld prop_name=TYPE prop_terse=XDM_PROPERTY_STRING "TYPE" "amplcpld"

CS: block property: block_name=/amplcpld/EXPANDED_FlattenFull/amplcpld/drive_C0B0MC642 prop_name=TYPE prop_terse=XDM_PROPERTY_STRING "TYPE" "INV"

CS: block property: block_name=/amplcpld/EXPANDED_FlattenFull/amplcpld prop_name=TYPE prop_terse=XDM_PROPERTY_STRING "TYPE" "amplcpld"

CS: block property: block_name=/amplcpld/EXPANDED_FlattenFull/amplcpld/drive_C0B0MC643 prop_name=TYPE prop_terse=XDM_PROPERTY_STRING "TYPE" "INV"

CS: block property: block_name=/amplcpld/EXPANDED_FlattenFull/amplcpld prop_name=TYPE prop_terse=XDM_PROPERTY_STRING "TYPE" "amplcpld"

CS: block property: block_name=/amplcpld/EXPANDED_FlattenFull/amplcpld/drive_C0B0MC644 prop_name=TYPE prop_terse=XDM_PROPERTY_STRING "TYPE" "OR3"

CS: block property: block_name=/amplcpld/EXPANDED_FlattenFull/amplcpld prop_name=TYPE prop_terse=XDM_PROPERTY_STRING "TYPE" "amplcpld"

CS: block property: block_name=/amplcpld/EXPANDED_FlattenFull/amplcpld/drive_C0B0MC631 prop_name=TYPE prop_terse=XDM_PROPERTY_STRING "TYPE" "INV"

CS: block property: block_name=/amplcpld/EXPANDED_FlattenFull/amplcpld prop_name=TYPE prop_terse=XDM_PROPERTY_STRING "TYPE" "amplcpld"

CS: block property: block_name=/amplcpld/EXPANDED_FlattenFull/amplcpld/drive_C0B0MC632 prop_name=TYPE prop_terse=XDM_PROPERTY_STRING "TYPE" "INV"

CS: block property: block_name=/amplcpld/EXPANDED_FlattenFull/amplcpld prop_name=TYPE prop_terse=XDM_PROPERTY_STRING "TYPE" "amplcpld"

CS: block property: block_name=/amplcpld/EXPANDED_FlattenFull/amplcpld/drive_C0B0MC633 prop_name=TYPE prop_terse=XDM_PROPERTY_STRING "TYPE" "INV"

CS: block property: block_name=/amplcpld/EXPANDED_FlattenFull/amplcpld prop_name=TYPE prop_terse=XDM_PROPERTY_STRING "TYPE" "amplcpld"

CS: block property: block_name=/amplcpld/EXPANDED_FlattenFull/amplcpld/drive_C0B0MC634 prop_name=TYPE prop_terse=XDM_PROPERTY_STRING "TYPE" "OR4"

CS: block property: block_name=/amplcpld/EXPANDED_FlattenFull/amplcpld prop_name=TYPE prop_terse=XDM_PROPERTY_STRING "TYPE" "amplcpld"

CS: block property: block_name=/amplcpld/EXPANDED_FlattenFull/amplcpld/drive_C0B0MC621 prop_name=TYPE prop_terse=XDM_PROPERTY_STRING "TYPE" "INV"

CS: block property: block_name=/amplcpld/EXPANDED_FlattenFull/amplcpld prop_name=TYPE prop_terse=XDM_PROPERTY_STRING "TYPE" "amplcpld"

CS: block property: block_name=/amplcpld/EXPANDED_FlattenFull/amplcpld/drive_C0B0MC622 prop_name=TYPE prop_terse=XDM_PROPERTY_STRING "TYPE" "INV"

CS: block property: block_name=/amplcpld/EXPANDED_FlattenFull/amplcpld prop_name=TYPE prop_terse=XDM_PROPERTY_STRING "TYPE" "amplcpld"

CS: block property: block_name=/amplcpld/EXPANDED_FlattenFull/amplcpld/drive_C0B0MC623 prop_name=TYPE prop_terse=XDM_PROPERTY_STRING "TYPE" "INV"

CS: block property: block_name=/amplcpld/EXPANDED_FlattenFull/amplcpld prop_name=TYPE prop_terse=XDM_PROPERTY_STRING "TYPE" "amplcpld"

CS: block property: block_name=/amplcpld/EXPANDED_FlattenFull/amplcpld/drive_C0B0MC624 prop_name=TYPE prop_terse=XDM_PROPERTY_STRING "TYPE" "OR2"

CS: block property: block_name=/amplcpld/EXPANDED_FlattenFull/amplcpld prop_name=TYPE prop_terse=XDM_PROPERTY_STRING "TYPE" "amplcpld"

CS: block property: block_name=/amplcpld/EXPANDED_FlattenFull/amplcpld/drive_C0B0MC625 prop_name=TYPE prop_terse=XDM_PROPERTY_STRING "TYPE" "AND2"

CS: block property: block_name=/amplcpld/EXPANDED_FlattenFull/amplcpld prop_name=TYPE prop_terse=XDM_PROPERTY_STRING "TYPE" "amplcpld"

CS: block property: block_name=/amplcpld/EXPANDED_FlattenFull/amplcpld/drive_C0B0MC626 prop_name=TYPE prop_terse=XDM_PROPERTY_STRING "TYPE" "AND2"

CS: block property: block_name=/amplcpld/EXPANDED_FlattenFull/amplcpld prop_name=TYPE prop_terse=XDM_PROPERTY_STRING "TYPE" "amplcpld"

CS: block property: block_name=/amplcpld/EXPANDED_FlattenFull/amplcpld/drive_C0B0MC627 prop_name=TYPE prop_terse=XDM_PROPERTY_STRING "TYPE" "OR3"

CS: block property: block_name=/amplcpld/EXPANDED_FlattenFull/amplcpld prop_name=TYPE prop_terse=XDM_PROPERTY_STRING "TYPE" "amplcpld"

CS: block property: block_name=/amplcpld/EXPANDED_FlattenFull/amplcpld/drive_C0B0MC611 prop_name=TYPE prop_terse=XDM_PROPERTY_STRING "TYPE" "AND2"

CS: block property: block_name=/amplcpld/EXPANDED_FlattenFull/amplcpld prop_name=TYPE prop_terse=XDM_PROPERTY_STRING "TYPE" "amplcpld"

CS: block property: block_name=/amplcpld/EXPANDED_FlattenFull/amplcpld/drive_C0B0MC612 prop_name=TYPE prop_terse=XDM_PROPERTY_STRING "TYPE" "INV"

CS: block property: block_name=/amplcpld/EXPANDED_FlattenFull/amplcpld prop_name=TYPE prop_terse=XDM_PROPERTY_STRING "TYPE" "amplcpld"

CS: block property: block_name=/amplcpld/EXPANDED_FlattenFull/amplcpld/drive_C0B0MC613 prop_name=TYPE prop_terse=XDM_PROPERTY_STRING "TYPE" "AND2"

CS: block property: block_name=/amplcpld/EXPANDED_FlattenFull/amplcpld prop_name=TYPE prop_terse=XDM_PROPERTY_STRING "TYPE" "amplcpld"

CS: block property: block_name=/amplcpld/EXPANDED_FlattenFull/amplcpld/drive_C0B0MC614 prop_name=TYPE prop_terse=XDM_PROPERTY_STRING "TYPE" "AND2"

CS: block property: block_name=/amplcpld/EXPANDED_FlattenFull/amplcpld prop_name=TYPE prop_terse=XDM_PROPERTY_STRING "TYPE" "amplcpld"

CS: block property: block_name=/amplcpld/EXPANDED_FlattenFull/amplcpld/drive_C0B0MC1531 prop_name=TYPE prop_terse=XDM_PROPERTY_STRING "TYPE" "AND2"

CS: block property: block_name=/amplcpld/EXPANDED_FlattenFull/amplcpld prop_name=TYPE prop_terse=XDM_PROPERTY_STRING "TYPE" "amplcpld"

CS: block property: block_name=/amplcpld/EXPANDED_FlattenFull/amplcpld/drive_C0B0MC1532 prop_name=TYPE prop_terse=XDM_PROPERTY_STRING "TYPE" "INV"

CS: block property: block_name=/amplcpld/EXPANDED_FlattenFull/amplcpld prop_name=TYPE prop_terse=XDM_PROPERTY_STRING "TYPE" "amplcpld"

CS: block property: block_name=/amplcpld/EXPANDED_FlattenFull/amplcpld/drive_C0B0MC1533 prop_name=TYPE prop_terse=XDM_PROPERTY_STRING "TYPE" "INV"

CS: block property: block_name=/amplcpld/EXPANDED_FlattenFull/amplcpld prop_name=TYPE prop_terse=XDM_PROPERTY_STRING "TYPE" "amplcpld"

CS: block property: block_name=/amplcpld/EXPANDED_FlattenFull/amplcpld/drive_C0B0MC1534 prop_name=TYPE prop_terse=XDM_PROPERTY_STRING "TYPE" "INV"

CS: block property: block_name=/amplcpld/EXPANDED_FlattenFull/amplcpld prop_name=TYPE prop_terse=XDM_PROPERTY_STRING "TYPE" "amplcpld"

CS: block property: block_name=/amplcpld/EXPANDED_FlattenFull/amplcpld/drive_C0B0MC1535 prop_name=TYPE prop_terse=XDM_PROPERTY_STRING "TYPE" "OR4"

CS: block property: block_name=/amplcpld/EXPANDED_FlattenFull/amplcpld prop_name=TYPE prop_terse=XDM_PROPERTY_STRING "TYPE" "amplcpld"

CS: block property: block_name=/amplcpld/EXPANDED_FlattenFull/amplcpld/drive_C0B0MC1521 prop_name=TYPE prop_terse=XDM_PROPERTY_STRING "TYPE" "INV"

CS: block property: block_name=/amplcpld/EXPANDED_FlattenFull/amplcpld prop_name=TYPE prop_terse=XDM_PROPERTY_STRING "TYPE" "amplcpld"

CS: block property: block_name=/amplcpld/EXPANDED_FlattenFull/amplcpld/drive_C0B0MC1522 prop_name=TYPE prop_terse=XDM_PROPERTY_STRING "TYPE" "INV"

CS: block property: block_name=/amplcpld/EXPANDED_FlattenFull/amplcpld prop_name=TYPE prop_terse=XDM_PROPERTY_STRING "TYPE" "amplcpld"

CS: block property: block_name=/amplcpld/EXPANDED_FlattenFull/amplcpld/drive_C0B0MC1523 prop_name=TYPE prop_terse=XDM_PROPERTY_STRING "TYPE" "INV"

CS: block property: block_name=/amplcpld/EXPANDED_FlattenFull/amplcpld prop_name=TYPE prop_terse=XDM_PROPERTY_STRING "TYPE" "amplcpld"

CS: block property: block_name=/amplcpld/EXPANDED_FlattenFull/amplcpld/drive_C0B0MC1524 prop_name=TYPE prop_terse=XDM_PROPERTY_STRING "TYPE" "OR2"

CS: block property: block_name=/amplcpld/EXPANDED_FlattenFull/amplcpld prop_name=TYPE prop_terse=XDM_PROPERTY_STRING "TYPE" "amplcpld"

CS: block property: block_name=/amplcpld/EXPANDED_FlattenFull/amplcpld/drive_C0B0MC1525 prop_name=TYPE prop_terse=XDM_PROPERTY_STRING "TYPE" "AND2"

CS: block property: block_name=/amplcpld/EXPANDED_FlattenFull/amplcpld prop_name=TYPE prop_terse=XDM_PROPERTY_STRING "TYPE" "amplcpld"

CS: block property: block_name=/amplcpld/EXPANDED_FlattenFull/amplcpld/drive_C0B0MC1526 prop_name=TYPE prop_terse=XDM_PROPERTY_STRING "TYPE" "AND2"

CS: block property: block_name=/amplcpld/EXPANDED_FlattenFull/amplcpld prop_name=TYPE prop_terse=XDM_PROPERTY_STRING "TYPE" "amplcpld"

CS: block property: block_name=/amplcpld/EXPANDED_FlattenFull/amplcpld/drive_C0B0MC1527 prop_name=TYPE prop_terse=XDM_PROPERTY_STRING "TYPE" "OR3"

CS: block property: block_name=/amplcpld/EXPANDED_FlattenFull/amplcpld prop_name=TYPE prop_terse=XDM_PROPERTY_STRING "TYPE" "amplcpld"

CS: block property: block_name=/amplcpld/EXPANDED_FlattenFull/amplcpld/drive_C0B0MC1511 prop_name=TYPE prop_terse=XDM_PROPERTY_STRING "TYPE" "AND2"

CS: block property: block_name=/amplcpld/EXPANDED_FlattenFull/amplcpld prop_name=TYPE prop_terse=XDM_PROPERTY_STRING "TYPE" "amplcpld"

CS: block property: block_name=/amplcpld/EXPANDED_FlattenFull/amplcpld/drive_C0B0MC1512 prop_name=TYPE prop_terse=XDM_PROPERTY_STRING "TYPE" "INV"

CS: block property: block_name=/amplcpld/EXPANDED_FlattenFull/amplcpld prop_name=TYPE prop_terse=XDM_PROPERTY_STRING "TYPE" "amplcpld"

CS: block property: block_name=/amplcpld/EXPANDED_FlattenFull/amplcpld/drive_C0B0MC1513 prop_name=TYPE prop_terse=XDM_PROPERTY_STRING "TYPE" "AND2"

CS: block property: block_name=/amplcpld/EXPANDED_FlattenFull/amplcpld prop_name=TYPE prop_terse=XDM_PROPERTY_STRING "TYPE" "amplcpld"

CS: block property: block_name=/amplcpld/EXPANDED_FlattenFull/amplcpld/drive_C0B0MC1514 prop_name=TYPE prop_terse=XDM_PROPERTY_STRING "TYPE" "AND2"

CS: block property: block_name=/amplcpld/EXPANDED_FlattenFull/amplcpld prop_name=TYPE prop_terse=XDM_PROPERTY_STRING "TYPE" "amplcpld"

CS: block property: block_name=/amplcpld/EXPANDED_FlattenFull/amplcpld/drive_C0B0MC1431 prop_name=TYPE prop_terse=XDM_PROPERTY_STRING "TYPE" "INV"

CS: block property: block_name=/amplcpld/EXPANDED_FlattenFull/amplcpld prop_name=TYPE prop_terse=XDM_PROPERTY_STRING "TYPE" "amplcpld"

CS: block property: block_name=/amplcpld/EXPANDED_FlattenFull/amplcpld/drive_C0B0MC1432 prop_name=TYPE prop_terse=XDM_PROPERTY_STRING "TYPE" "INV"

CS: block property: block_name=/amplcpld/EXPANDED_FlattenFull/amplcpld prop_name=TYPE prop_terse=XDM_PROPERTY_STRING "TYPE" "amplcpld"

CS: block property: block_name=/amplcpld/EXPANDED_FlattenFull/amplcpld/drive_C0B0MC1433 prop_name=TYPE prop_terse=XDM_PROPERTY_STRING "TYPE" "OR3"

CS: block property: block_name=/amplcpld/EXPANDED_FlattenFull/amplcpld prop_name=TYPE prop_terse=XDM_PROPERTY_STRING "TYPE" "amplcpld"

CS: block property: block_name=/amplcpld/EXPANDED_FlattenFull/amplcpld/drive_C0B0MC1421 prop_name=TYPE prop_terse=XDM_PROPERTY_STRING "TYPE" "INV"

CS: block property: block_name=/amplcpld/EXPANDED_FlattenFull/amplcpld prop_name=TYPE prop_terse=XDM_PROPERTY_STRING "TYPE" "amplcpld"

CS: block property: block_name=/amplcpld/EXPANDED_FlattenFull/amplcpld/drive_C0B0MC1422 prop_name=TYPE prop_terse=XDM_PROPERTY_STRING "TYPE" "INV"

CS: block property: block_name=/amplcpld/EXPANDED_FlattenFull/amplcpld prop_name=TYPE prop_terse=XDM_PROPERTY_STRING "TYPE" "amplcpld"

CS: block property: block_name=/amplcpld/EXPANDED_FlattenFull/amplcpld/drive_C0B0MC1423 prop_name=TYPE prop_terse=XDM_PROPERTY_STRING "TYPE" "INV"

CS: block property: block_name=/amplcpld/EXPANDED_FlattenFull/amplcpld prop_name=TYPE prop_terse=XDM_PROPERTY_STRING "TYPE" "amplcpld"

CS: block property: block_name=/amplcpld/EXPANDED_FlattenFull/amplcpld/drive_C0B0MC1424 prop_name=TYPE prop_terse=XDM_PROPERTY_STRING "TYPE" "OR2"

CS: block property: block_name=/amplcpld/EXPANDED_FlattenFull/amplcpld prop_name=TYPE prop_terse=XDM_PROPERTY_STRING "TYPE" "amplcpld"

CS: block property: block_name=/amplcpld/EXPANDED_FlattenFull/amplcpld/drive_C0B0MC1425 prop_name=TYPE prop_terse=XDM_PROPERTY_STRING "TYPE" "AND2"

CS: block property: block_name=/amplcpld/EXPANDED_FlattenFull/amplcpld prop_name=TYPE prop_terse=XDM_PROPERTY_STRING "TYPE" "amplcpld"

CS: block property: block_name=/amplcpld/EXPANDED_FlattenFull/amplcpld/drive_C0B0MC1426 prop_name=TYPE prop_terse=XDM_PROPERTY_STRING "TYPE" "AND2"

CS: block property: block_name=/amplcpld/EXPANDED_FlattenFull/amplcpld prop_name=TYPE prop_terse=XDM_PROPERTY_STRING "TYPE" "amplcpld"

CS: block property: block_name=/amplcpld/EXPANDED_FlattenFull/amplcpld/drive_C0B0MC1427 prop_name=TYPE prop_terse=XDM_PROPERTY_STRING "TYPE" "OR3"

CS: block property: block_name=/amplcpld/EXPANDED_FlattenFull/amplcpld prop_name=TYPE prop_terse=XDM_PROPERTY_STRING "TYPE" "amplcpld"

CS: block property: block_name=/amplcpld/EXPANDED_FlattenFull/amplcpld/drive_C0B0MC1411 prop_name=TYPE prop_terse=XDM_PROPERTY_STRING "TYPE" "AND2"

CS: block property: block_name=/amplcpld/EXPANDED_FlattenFull/amplcpld prop_name=TYPE prop_terse=XDM_PROPERTY_STRING "TYPE" "amplcpld"

CS: block property: block_name=/amplcpld/EXPANDED_FlattenFull/amplcpld/drive_C0B0MC1412 prop_name=TYPE prop_terse=XDM_PROPERTY_STRING "TYPE" "INV"

CS: block property: block_name=/amplcpld/EXPANDED_FlattenFull/amplcpld prop_name=TYPE prop_terse=XDM_PROPERTY_STRING "TYPE" "amplcpld"

CS: block property: block_name=/amplcpld/EXPANDED_FlattenFull/amplcpld/drive_C0B0MC1413 prop_name=TYPE prop_terse=XDM_PROPERTY_STRING "TYPE" "AND2"

CS: block property: block_name=/amplcpld/EXPANDED_FlattenFull/amplcpld prop_name=TYPE prop_terse=XDM_PROPERTY_STRING "TYPE" "amplcpld"

CS: block property: block_name=/amplcpld/EXPANDED_FlattenFull/amplcpld/drive_C0B0MC1414 prop_name=TYPE prop_terse=XDM_PROPERTY_STRING "TYPE" "AND2"

CS: block property: block_name=/amplcpld/EXPANDED_FlattenFull/amplcpld prop_name=TYPE prop_terse=XDM_PROPERTY_STRING "TYPE" "amplcpld"

CS: block property: block_name=/amplcpld/EXPANDED_FlattenFull/amplcpld/drive_C0B0MC1231 prop_name=TYPE prop_terse=XDM_PROPERTY_STRING "TYPE" "AND2"

CS: block property: block_name=/amplcpld/EXPANDED_FlattenFull/amplcpld prop_name=TYPE prop_terse=XDM_PROPERTY_STRING "TYPE" "amplcpld"

CS: block property: block_name=/amplcpld/EXPANDED_FlattenFull/amplcpld/drive_C0B0MC1232 prop_name=TYPE prop_terse=XDM_PROPERTY_STRING "TYPE" "INV"

CS: block property: block_name=/amplcpld/EXPANDED_FlattenFull/amplcpld prop_name=TYPE prop_terse=XDM_PROPERTY_STRING "TYPE" "amplcpld"

CS: block property: block_name=/amplcpld/EXPANDED_FlattenFull/amplcpld/drive_C0B0MC1233 prop_name=TYPE prop_terse=XDM_PROPERTY_STRING "TYPE" "OR2"

CS: block property: block_name=/amplcpld/EXPANDED_FlattenFull/amplcpld prop_name=TYPE prop_terse=XDM_PROPERTY_STRING "TYPE" "amplcpld"

CS: block property: block_name=/amplcpld/EXPANDED_FlattenFull/amplcpld/drive_C0B0MC1221 prop_name=TYPE prop_terse=XDM_PROPERTY_STRING "TYPE" "INV"

CS: block property: block_name=/amplcpld/EXPANDED_FlattenFull/amplcpld prop_name=TYPE prop_terse=XDM_PROPERTY_STRING "TYPE" "amplcpld"

CS: block property: block_name=/amplcpld/EXPANDED_FlattenFull/amplcpld/drive_C0B0MC1222 prop_name=TYPE prop_terse=XDM_PROPERTY_STRING "TYPE" "INV"

CS: block property: block_name=/amplcpld/EXPANDED_FlattenFull/amplcpld prop_name=TYPE prop_terse=XDM_PROPERTY_STRING "TYPE" "amplcpld"

CS: block property: block_name=/amplcpld/EXPANDED_FlattenFull/amplcpld/drive_C0B0MC1223 prop_name=TYPE prop_terse=XDM_PROPERTY_STRING "TYPE" "INV"

CS: block property: block_name=/amplcpld/EXPANDED_FlattenFull/amplcpld prop_name=TYPE prop_terse=XDM_PROPERTY_STRING "TYPE" "amplcpld"

CS: block property: block_name=/amplcpld/EXPANDED_FlattenFull/amplcpld/drive_C0B0MC1224 prop_name=TYPE prop_terse=XDM_PROPERTY_STRING "TYPE" "OR2"

CS: block property: block_name=/amplcpld/EXPANDED_FlattenFull/amplcpld prop_name=TYPE prop_terse=XDM_PROPERTY_STRING "TYPE" "amplcpld"

CS: block property: block_name=/amplcpld/EXPANDED_FlattenFull/amplcpld/drive_C0B0MC1225 prop_name=TYPE prop_terse=XDM_PROPERTY_STRING "TYPE" "AND2"

CS: block property: block_name=/amplcpld/EXPANDED_FlattenFull/amplcpld prop_name=TYPE prop_terse=XDM_PROPERTY_STRING "TYPE" "amplcpld"

CS: block property: block_name=/amplcpld/EXPANDED_FlattenFull/amplcpld/drive_C0B0MC1226 prop_name=TYPE prop_terse=XDM_PROPERTY_STRING "TYPE" "AND2"

CS: block property: block_name=/amplcpld/EXPANDED_FlattenFull/amplcpld prop_name=TYPE prop_terse=XDM_PROPERTY_STRING "TYPE" "amplcpld"

CS: block property: block_name=/amplcpld/EXPANDED_FlattenFull/amplcpld/drive_C0B0MC1227 prop_name=TYPE prop_terse=XDM_PROPERTY_STRING "TYPE" "OR3"

CS: block property: block_name=/amplcpld/EXPANDED_FlattenFull/amplcpld prop_name=TYPE prop_terse=XDM_PROPERTY_STRING "TYPE" "amplcpld"

CS: block property: block_name=/amplcpld/EXPANDED_FlattenFull/amplcpld/drive_C0B0MC1211 prop_name=TYPE prop_terse=XDM_PROPERTY_STRING "TYPE" "AND2"

CS: block property: block_name=/amplcpld/EXPANDED_FlattenFull/amplcpld prop_name=TYPE prop_terse=XDM_PROPERTY_STRING "TYPE" "amplcpld"

CS: block property: block_name=/amplcpld/EXPANDED_FlattenFull/amplcpld/drive_C0B0MC1212 prop_name=TYPE prop_terse=XDM_PROPERTY_STRING "TYPE" "INV"

CS: block property: block_name=/amplcpld/EXPANDED_FlattenFull/amplcpld prop_name=TYPE prop_terse=XDM_PROPERTY_STRING "TYPE" "amplcpld"

CS: block property: block_name=/amplcpld/EXPANDED_FlattenFull/amplcpld/drive_C0B0MC1213 prop_name=TYPE prop_terse=XDM_PROPERTY_STRING "TYPE" "AND2"

CS: block property: block_name=/amplcpld/EXPANDED_FlattenFull/amplcpld prop_name=TYPE prop_terse=XDM_PROPERTY_STRING "TYPE" "amplcpld"

CS: block property: block_name=/amplcpld/EXPANDED_FlattenFull/amplcpld/drive_C0B0MC1214 prop_name=TYPE prop_terse=XDM_PROPERTY_STRING "TYPE" "AND2"

CS: block property: block_name=/amplcpld/EXPANDED_FlattenFull/amplcpld prop_name=TYPE prop_terse=XDM_PROPERTY_STRING "TYPE" "amplcpld"

CS: block property: block_name=/amplcpld/EXPANDED_FlattenFull/amplcpld/drive_C0B0MC1121 prop_name=TYPE prop_terse=XDM_PROPERTY_STRING "TYPE" "INV"

CS: block property: block_name=/amplcpld/EXPANDED_FlattenFull/amplcpld prop_name=TYPE prop_terse=XDM_PROPERTY_STRING "TYPE" "amplcpld"

CS: block property: block_name=/amplcpld/EXPANDED_FlattenFull/amplcpld/drive_C0B0MC1122 prop_name=TYPE prop_terse=XDM_PROPERTY_STRING "TYPE" "INV"

CS: block property: block_name=/amplcpld/EXPANDED_FlattenFull/amplcpld prop_name=TYPE prop_terse=XDM_PROPERTY_STRING "TYPE" "amplcpld"

CS: block property: block_name=/amplcpld/EXPANDED_FlattenFull/amplcpld/drive_C0B0MC1123 prop_name=TYPE prop_terse=XDM_PROPERTY_STRING "TYPE" "INV"

CS: block property: block_name=/amplcpld/EXPANDED_FlattenFull/amplcpld prop_name=TYPE prop_terse=XDM_PROPERTY_STRING "TYPE" "amplcpld"

CS: block property: block_name=/amplcpld/EXPANDED_FlattenFull/amplcpld/drive_C0B0MC1124 prop_name=TYPE prop_terse=XDM_PROPERTY_STRING "TYPE" "OR2"

CS: block property: block_name=/amplcpld/EXPANDED_FlattenFull/amplcpld prop_name=TYPE prop_terse=XDM_PROPERTY_STRING "TYPE" "amplcpld"

CS: block property: block_name=/amplcpld/EXPANDED_FlattenFull/amplcpld/drive_C0B0MC1125 prop_name=TYPE prop_terse=XDM_PROPERTY_STRING "TYPE" "AND2"

CS: block property: block_name=/amplcpld/EXPANDED_FlattenFull/amplcpld prop_name=TYPE prop_terse=XDM_PROPERTY_STRING "TYPE" "amplcpld"

CS: block property: block_name=/amplcpld/EXPANDED_FlattenFull/amplcpld/drive_C0B0MC1126 prop_name=TYPE prop_terse=XDM_PROPERTY_STRING "TYPE" "AND2"

CS: block property: block_name=/amplcpld/EXPANDED_FlattenFull/amplcpld prop_name=TYPE prop_terse=XDM_PROPERTY_STRING "TYPE" "amplcpld"

CS: block property: block_name=/amplcpld/EXPANDED_FlattenFull/amplcpld/drive_C0B0MC1127 prop_name=TYPE prop_terse=XDM_PROPERTY_STRING "TYPE" "OR3"

CS: block property: block_name=/amplcpld/EXPANDED_FlattenFull/amplcpld prop_name=TYPE prop_terse=XDM_PROPERTY_STRING "TYPE" "amplcpld"

CS: block property: block_name=/amplcpld/EXPANDED_FlattenFull/amplcpld/drive_C0B0MC1111 prop_name=TYPE prop_terse=XDM_PROPERTY_STRING "TYPE" "AND2"

CS: block property: block_name=/amplcpld/EXPANDED_FlattenFull/amplcpld prop_name=TYPE prop_terse=XDM_PROPERTY_STRING "TYPE" "amplcpld"

CS: block property: block_name=/amplcpld/EXPANDED_FlattenFull/amplcpld/drive_C0B0MC1112 prop_name=TYPE prop_terse=XDM_PROPERTY_STRING "TYPE" "INV"

CS: block property: block_name=/amplcpld/EXPANDED_FlattenFull/amplcpld prop_name=TYPE prop_terse=XDM_PROPERTY_STRING "TYPE" "amplcpld"

CS: block property: block_name=/amplcpld/EXPANDED_FlattenFull/amplcpld/drive_C0B0MC1113 prop_name=TYPE prop_terse=XDM_PROPERTY_STRING "TYPE" "AND2"

CS: block property: block_name=/amplcpld/EXPANDED_FlattenFull/amplcpld prop_name=TYPE prop_terse=XDM_PROPERTY_STRING "TYPE" "amplcpld"

CS: block property: block_name=/amplcpld/EXPANDED_FlattenFull/amplcpld/drive_C0B0MC1114 prop_name=TYPE prop_terse=XDM_PROPERTY_STRING "TYPE" "AND2"

CS: block property: block_name=/amplcpld/EXPANDED_FlattenFull/amplcpld prop_name=TYPE prop_terse=XDM_PROPERTY_STRING "TYPE" "amplcpld"

CS: block property: block_name=/amplcpld/EXPANDED_FlattenFull/amplcpld/drive_C0B0MC1051 prop_name=TYPE prop_terse=XDM_PROPERTY_STRING "TYPE" "AND3"

CS: block property: block_name=/amplcpld/EXPANDED_FlattenFull/amplcpld prop_name=TYPE prop_terse=XDM_PROPERTY_STRING "TYPE" "amplcpld"

CS: block property: block_name=/amplcpld/EXPANDED_FlattenFull/amplcpld/drive_C0B0MC1031 prop_name=TYPE prop_terse=XDM_PROPERTY_STRING "TYPE" "AND3"

CS: block property: block_name=/amplcpld/EXPANDED_FlattenFull/amplcpld prop_name=TYPE prop_terse=XDM_PROPERTY_STRING "TYPE" "amplcpld"

CS: block property: block_name=/amplcpld/EXPANDED_FlattenFull/amplcpld/drive_C0B0MC1021 prop_name=TYPE prop_terse=XDM_PROPERTY_STRING "TYPE" "INV"

CS: block property: block_name=/amplcpld/EXPANDED_FlattenFull/amplcpld prop_name=TYPE prop_terse=XDM_PROPERTY_STRING "TYPE" "amplcpld"

CS: block property: block_name=/amplcpld/EXPANDED_FlattenFull/amplcpld/drive_C0B0MC1022 prop_name=TYPE prop_terse=XDM_PROPERTY_STRING "TYPE" "AND3"

CS: block property: block_name=/amplcpld/EXPANDED_FlattenFull/amplcpld prop_name=TYPE prop_terse=XDM_PROPERTY_STRING "TYPE" "amplcpld"

CS: block property: block_name=/amplcpld/EXPANDED_FlattenFull/amplcpld/drive_C0B0MC1023 prop_name=TYPE prop_terse=XDM_PROPERTY_STRING "TYPE" "INV"

CS: block property: block_name=/amplcpld/EXPANDED_FlattenFull/amplcpld prop_name=TYPE prop_terse=XDM_PROPERTY_STRING "TYPE" "amplcpld"

CS: block property: block_name=/amplcpld/EXPANDED_FlattenFull/amplcpld/drive_C0B0MC1024 prop_name=TYPE prop_terse=XDM_PROPERTY_STRING "TYPE" "AND2"

CS: block property: block_name=/amplcpld/EXPANDED_FlattenFull/amplcpld prop_name=TYPE prop_terse=XDM_PROPERTY_STRING "TYPE" "amplcpld"

CS: block property: block_name=/amplcpld/EXPANDED_FlattenFull/amplcpld/drive_C0B0MC1025 prop_name=TYPE prop_terse=XDM_PROPERTY_STRING "TYPE" "OR3"

CS: block property: block_name=/amplcpld/EXPANDED_FlattenFull/amplcpld prop_name=TYPE prop_terse=XDM_PROPERTY_STRING "TYPE" "amplcpld"

CS: block property: block_name=/amplcpld/EXPANDED_FlattenFull/amplcpld/drive_C0B0MC1011 prop_name=TYPE prop_terse=XDM_PROPERTY_STRING "TYPE" "AND2"

CS: block property: block_name=/amplcpld/EXPANDED_FlattenFull/amplcpld prop_name=TYPE prop_terse=XDM_PROPERTY_STRING "TYPE" "amplcpld"

CS: block property: block_name=/amplcpld/EXPANDED_FlattenFull/amplcpld/drive_C0B0MC1012 prop_name=TYPE prop_terse=XDM_PROPERTY_STRING "TYPE" "INV"

CS: block property: block_name=/amplcpld/EXPANDED_FlattenFull/amplcpld prop_name=TYPE prop_terse=XDM_PROPERTY_STRING "TYPE" "amplcpld"

CS: block property: block_name=/amplcpld/EXPANDED_FlattenFull/amplcpld/drive_C0B0MC1013 prop_name=TYPE prop_terse=XDM_PROPERTY_STRING "TYPE" "AND2"

CS: block property: block_name=/amplcpld/EXPANDED_FlattenFull/amplcpld prop_name=TYPE prop_terse=XDM_PROPERTY_STRING "TYPE" "amplcpld"

CS: block property: block_name=/amplcpld/EXPANDED_FlattenFull/amplcpld/drive_C0B0MC1014 prop_name=TYPE prop_terse=XDM_PROPERTY_STRING "TYPE" "AND2"

CS: block property: block_name=/amplcpld/EXPANDED_FlattenFull/amplcpld prop_name=TYPE prop_terse=XDM_PROPERTY_STRING "TYPE" "amplcpld"

CS: block property: block_name=/amplcpld/EXPANDED_FlattenFull/amplcpld/drive_C0B0MC191 prop_name=TYPE prop_terse=XDM_PROPERTY_STRING "TYPE" "AND3"

CS: block property: block_name=/amplcpld/EXPANDED_FlattenFull/amplcpld prop_name=TYPE prop_terse=XDM_PROPERTY_STRING "TYPE" "amplcpld"

CS: block property: block_name=/amplcpld/EXPANDED_FlattenFull/amplcpld/drive_C0B0MC171 prop_name=TYPE prop_terse=XDM_PROPERTY_STRING "TYPE" "INV"

CS: block property: block_name=/amplcpld/EXPANDED_FlattenFull/amplcpld prop_name=TYPE prop_terse=XDM_PROPERTY_STRING "TYPE" "amplcpld"

CS: block property: block_name=/amplcpld/EXPANDED_FlattenFull/amplcpld/drive_C0B0MC172 prop_name=TYPE prop_terse=XDM_PROPERTY_STRING "TYPE" "INV"

CS: block property: block_name=/amplcpld/EXPANDED_FlattenFull/amplcpld prop_name=TYPE prop_terse=XDM_PROPERTY_STRING "TYPE" "amplcpld"

CS: block property: block_name=/amplcpld/EXPANDED_FlattenFull/amplcpld/drive_C0B0MC173 prop_name=TYPE prop_terse=XDM_PROPERTY_STRING "TYPE" "INV"

CS: block property: block_name=/amplcpld/EXPANDED_FlattenFull/amplcpld prop_name=TYPE prop_terse=XDM_PROPERTY_STRING "TYPE" "amplcpld"

CS: block property: block_name=/amplcpld/EXPANDED_FlattenFull/amplcpld/drive_C0B0MC174 prop_name=TYPE prop_terse=XDM_PROPERTY_STRING "TYPE" "INV"

CS: block property: block_name=/amplcpld/EXPANDED_FlattenFull/amplcpld prop_name=TYPE prop_terse=XDM_PROPERTY_STRING "TYPE" "amplcpld"

CS: block property: block_name=/amplcpld/EXPANDED_FlattenFull/amplcpld/drive_C0B0MC175 prop_name=TYPE prop_terse=XDM_PROPERTY_STRING "TYPE" "OR5"

CS: block property: block_name=/amplcpld/EXPANDED_FlattenFull/amplcpld prop_name=TYPE prop_terse=XDM_PROPERTY_STRING "TYPE" "amplcpld"

CS: block property: block_name=/amplcpld/EXPANDED_FlattenFull/amplcpld/drive_C0B0MC161 prop_name=TYPE prop_terse=XDM_PROPERTY_STRING "TYPE" "INV"

CS: block property: block_name=/amplcpld/EXPANDED_FlattenFull/amplcpld prop_name=TYPE prop_terse=XDM_PROPERTY_STRING "TYPE" "amplcpld"

CS: block property: block_name=/amplcpld/EXPANDED_FlattenFull/amplcpld/drive_C0B0MC162 prop_name=TYPE prop_terse=XDM_PROPERTY_STRING "TYPE" "INV"

CS: block property: block_name=/amplcpld/EXPANDED_FlattenFull/amplcpld prop_name=TYPE prop_terse=XDM_PROPERTY_STRING "TYPE" "amplcpld"

CS: block property: block_name=/amplcpld/EXPANDED_FlattenFull/amplcpld/drive_C0B0MC163 prop_name=TYPE prop_terse=XDM_PROPERTY_STRING "TYPE" "INV"

CS: block property: block_name=/amplcpld/EXPANDED_FlattenFull/amplcpld prop_name=TYPE prop_terse=XDM_PROPERTY_STRING "TYPE" "amplcpld"

CS: block property: block_name=/amplcpld/EXPANDED_FlattenFull/amplcpld/drive_C0B0MC164 prop_name=TYPE prop_terse=XDM_PROPERTY_STRING "TYPE" "OR2"

CS: block property: block_name=/amplcpld/EXPANDED_FlattenFull/amplcpld prop_name=TYPE prop_terse=XDM_PROPERTY_STRING "TYPE" "amplcpld"

CS: block property: block_name=/amplcpld/EXPANDED_FlattenFull/amplcpld/drive_C0B0MC165 prop_name=TYPE prop_terse=XDM_PROPERTY_STRING "TYPE" "AND2"

CS: block property: block_name=/amplcpld/EXPANDED_FlattenFull/amplcpld prop_name=TYPE prop_terse=XDM_PROPERTY_STRING "TYPE" "amplcpld"

CS: block property: block_name=/amplcpld/EXPANDED_FlattenFull/amplcpld/drive_C0B0MC166 prop_name=TYPE prop_terse=XDM_PROPERTY_STRING "TYPE" "AND2"

CS: block property: block_name=/amplcpld/EXPANDED_FlattenFull/amplcpld prop_name=TYPE prop_terse=XDM_PROPERTY_STRING "TYPE" "amplcpld"

CS: block property: block_name=/amplcpld/EXPANDED_FlattenFull/amplcpld/drive_C0B0MC167 prop_name=TYPE prop_terse=XDM_PROPERTY_STRING "TYPE" "OR3"

CS: block property: block_name=/amplcpld/EXPANDED_FlattenFull/amplcpld prop_name=TYPE prop_terse=XDM_PROPERTY_STRING "TYPE" "amplcpld"

CS: block property: block_name=/amplcpld/EXPANDED_FlattenFull/amplcpld/drive_C0B0MC131 prop_name=TYPE prop_terse=XDM_PROPERTY_STRING "TYPE" "AND2"

CS: block property: block_name=/amplcpld/EXPANDED_FlattenFull/amplcpld prop_name=TYPE prop_terse=XDM_PROPERTY_STRING "TYPE" "amplcpld"

CS: block property: block_name=/amplcpld/EXPANDED_FlattenFull/amplcpld/drive_C0B0MC132 prop_name=TYPE prop_terse=XDM_PROPERTY_STRING "TYPE" "INV"

CS: block property: block_name=/amplcpld/EXPANDED_FlattenFull/amplcpld prop_name=TYPE prop_terse=XDM_PROPERTY_STRING "TYPE" "amplcpld"

CS: block property: block_name=/amplcpld/EXPANDED_FlattenFull/amplcpld/drive_C0B0MC133 prop_name=TYPE prop_terse=XDM_PROPERTY_STRING "TYPE" "AND2"

CS: block property: block_name=/amplcpld/EXPANDED_FlattenFull/amplcpld prop_name=TYPE prop_terse=XDM_PROPERTY_STRING "TYPE" "amplcpld"

CS: block property: block_name=/amplcpld/EXPANDED_FlattenFull/amplcpld/drive_C0B0MC134 prop_name=TYPE prop_terse=XDM_PROPERTY_STRING "TYPE" "AND2"

CS: block property: block_name=/amplcpld/EXPANDED_FlattenFull/amplcpld prop_name=TYPE prop_terse=XDM_PROPERTY_STRING "TYPE" "amplcpld"

CS: block property: block_name=/amplcpld/EXPANDED_FlattenFull/amplcpld/comb_C0B0MC5111 prop_name=TYPE prop_terse=XDM_PROPERTY_STRING "TYPE" "OR3"

CS: block property: block_name=/amplcpld/EXPANDED_FlattenFull/amplcpld prop_name=TYPE prop_terse=XDM_PROPERTY_STRING "TYPE" "amplcpld"

CS: block property: block_name=/amplcpld/EXPANDED_FlattenFull/amplcpld/comb_C0B0MC5101 prop_name=TYPE prop_terse=XDM_PROPERTY_STRING "TYPE" "OR2"

CS: block property: block_name=/amplcpld/EXPANDED_FlattenFull/amplcpld prop_name=TYPE prop_terse=XDM_PROPERTY_STRING "TYPE" "amplcpld"

CS: block property: block_name=/amplcpld/EXPANDED_FlattenFull/amplcpld/comb_C0B0MC5102 prop_name=TYPE prop_terse=XDM_PROPERTY_STRING "TYPE" "INV"

CS: block property: block_name=/amplcpld/EXPANDED_FlattenFull/amplcpld prop_name=TYPE prop_terse=XDM_PROPERTY_STRING "TYPE" "amplcpld"

CS: block property: block_name=/amplcpld/EXPANDED_FlattenFull/amplcpld/comb_C0B0MC5103 prop_name=TYPE prop_terse=XDM_PROPERTY_STRING "TYPE" "OR2"

CS: block property: block_name=/amplcpld/EXPANDED_FlattenFull/amplcpld prop_name=TYPE prop_terse=XDM_PROPERTY_STRING "TYPE" "amplcpld"

CS: block property: block_name=/amplcpld/EXPANDED_FlattenFull/amplcpld/comb_C0B0MC5104 prop_name=TYPE prop_terse=XDM_PROPERTY_STRING "TYPE" "OR2"

CS: block property: block_name=/amplcpld/EXPANDED_FlattenFull/amplcpld prop_name=TYPE prop_terse=XDM_PROPERTY_STRING "TYPE" "amplcpld"

CS: block property: block_name=/amplcpld/EXPANDED_FlattenFull/amplcpld/comb_C0B0MC591 prop_name=TYPE prop_terse=XDM_PROPERTY_STRING "TYPE" "INV"

CS: block property: block_name=/amplcpld/EXPANDED_FlattenFull/amplcpld prop_name=TYPE prop_terse=XDM_PROPERTY_STRING "TYPE" "amplcpld"

CS: block property: block_name=/amplcpld/EXPANDED_FlattenFull/amplcpld/comb_C0B0MC592 prop_name=TYPE prop_terse=XDM_PROPERTY_STRING "TYPE" "INV"

CS: block property: block_name=/amplcpld/EXPANDED_FlattenFull/amplcpld prop_name=TYPE prop_terse=XDM_PROPERTY_STRING "TYPE" "amplcpld"

CS: block property: block_name=/amplcpld/EXPANDED_FlattenFull/amplcpld/comb_C0B0MC593 prop_name=TYPE prop_terse=XDM_PROPERTY_STRING "TYPE" "INV"

CS: block property: block_name=/amplcpld/EXPANDED_FlattenFull/amplcpld prop_name=TYPE prop_terse=XDM_PROPERTY_STRING "TYPE" "amplcpld"

CS: block property: block_name=/amplcpld/EXPANDED_FlattenFull/amplcpld/comb_C0B0MC594 prop_name=TYPE prop_terse=XDM_PROPERTY_STRING "TYPE" "OR4"

CS: block property: block_name=/amplcpld/EXPANDED_FlattenFull/amplcpld prop_name=TYPE prop_terse=XDM_PROPERTY_STRING "TYPE" "amplcpld"

CS: block property: block_name=/amplcpld/EXPANDED_FlattenFull/amplcpld/comb_C0B0MC581 prop_name=TYPE prop_terse=XDM_PROPERTY_STRING "TYPE" "INV"

CS: block property: block_name=/amplcpld/EXPANDED_FlattenFull/amplcpld prop_name=TYPE prop_terse=XDM_PROPERTY_STRING "TYPE" "amplcpld"

CS: block property: block_name=/amplcpld/EXPANDED_FlattenFull/amplcpld/comb_C0B0MC582 prop_name=TYPE prop_terse=XDM_PROPERTY_STRING "TYPE" "INV"

CS: block property: block_name=/amplcpld/EXPANDED_FlattenFull/amplcpld prop_name=TYPE prop_terse=XDM_PROPERTY_STRING "TYPE" "amplcpld"

CS: block property: block_name=/amplcpld/EXPANDED_FlattenFull/amplcpld/comb_C0B0MC583 prop_name=TYPE prop_terse=XDM_PROPERTY_STRING "TYPE" "INV"

CS: block property: block_name=/amplcpld/EXPANDED_FlattenFull/amplcpld prop_name=TYPE prop_terse=XDM_PROPERTY_STRING "TYPE" "amplcpld"

CS: block property: block_name=/amplcpld/EXPANDED_FlattenFull/amplcpld/comb_C0B0MC584 prop_name=TYPE prop_terse=XDM_PROPERTY_STRING "TYPE" "OR4"

CS: block property: block_name=/amplcpld/EXPANDED_FlattenFull/amplcpld prop_name=TYPE prop_terse=XDM_PROPERTY_STRING "TYPE" "amplcpld"

CS: block property: block_name=/amplcpld/EXPANDED_FlattenFull/amplcpld/comb_C0B0MC561 prop_name=TYPE prop_terse=XDM_PROPERTY_STRING "TYPE" "OR4"

CS: block property: block_name=/amplcpld/EXPANDED_FlattenFull/amplcpld prop_name=TYPE prop_terse=XDM_PROPERTY_STRING "TYPE" "amplcpld"

CS: block property: block_name=/amplcpld/EXPANDED_FlattenFull/amplcpld/comb_C0B0MC562 prop_name=TYPE prop_terse=XDM_PROPERTY_STRING "TYPE" "INV"

CS: block property: block_name=/amplcpld/EXPANDED_FlattenFull/amplcpld prop_name=TYPE prop_terse=XDM_PROPERTY_STRING "TYPE" "amplcpld"

CS: block property: block_name=/amplcpld/EXPANDED_FlattenFull/amplcpld/comb_C0B0MC563 prop_name=TYPE prop_terse=XDM_PROPERTY_STRING "TYPE" "OR2"

CS: block property: block_name=/amplcpld/EXPANDED_FlattenFull/amplcpld prop_name=TYPE prop_terse=XDM_PROPERTY_STRING "TYPE" "amplcpld"

CS: block property: block_name=/amplcpld/EXPANDED_FlattenFull/amplcpld/comb_C0B0MC551 prop_name=TYPE prop_terse=XDM_PROPERTY_STRING "TYPE" "INV"

CS: block property: block_name=/amplcpld/EXPANDED_FlattenFull/amplcpld prop_name=TYPE prop_terse=XDM_PROPERTY_STRING "TYPE" "amplcpld"

CS: block property: block_name=/amplcpld/EXPANDED_FlattenFull/amplcpld/comb_C0B0MC552 prop_name=TYPE prop_terse=XDM_PROPERTY_STRING "TYPE" "INV"

CS: block property: block_name=/amplcpld/EXPANDED_FlattenFull/amplcpld prop_name=TYPE prop_terse=XDM_PROPERTY_STRING "TYPE" "amplcpld"

CS: block property: block_name=/amplcpld/EXPANDED_FlattenFull/amplcpld/comb_C0B0MC553 prop_name=TYPE prop_terse=XDM_PROPERTY_STRING "TYPE" "OR3"

CS: block property: block_name=/amplcpld/EXPANDED_FlattenFull/amplcpld prop_name=TYPE prop_terse=XDM_PROPERTY_STRING "TYPE" "amplcpld"

CS: block property: block_name=/amplcpld/EXPANDED_FlattenFull/amplcpld/comb_C0B0MC541 prop_name=TYPE prop_terse=XDM_PROPERTY_STRING "TYPE" "INV"

CS: block property: block_name=/amplcpld/EXPANDED_FlattenFull/amplcpld prop_name=TYPE prop_terse=XDM_PROPERTY_STRING "TYPE" "amplcpld"

CS: block property: block_name=/amplcpld/EXPANDED_FlattenFull/amplcpld/comb_C0B0MC542 prop_name=TYPE prop_terse=XDM_PROPERTY_STRING "TYPE" "INV"

CS: block property: block_name=/amplcpld/EXPANDED_FlattenFull/amplcpld prop_name=TYPE prop_terse=XDM_PROPERTY_STRING "TYPE" "amplcpld"

CS: block property: block_name=/amplcpld/EXPANDED_FlattenFull/amplcpld/comb_C0B0MC543 prop_name=TYPE prop_terse=XDM_PROPERTY_STRING "TYPE" "INV"

CS: block property: block_name=/amplcpld/EXPANDED_FlattenFull/amplcpld prop_name=TYPE prop_terse=XDM_PROPERTY_STRING "TYPE" "amplcpld"

CS: block property: block_name=/amplcpld/EXPANDED_FlattenFull/amplcpld/comb_C0B0MC544 prop_name=TYPE prop_terse=XDM_PROPERTY_STRING "TYPE" "OR4"

CS: block property: block_name=/amplcpld/EXPANDED_FlattenFull/amplcpld prop_name=TYPE prop_terse=XDM_PROPERTY_STRING "TYPE" "amplcpld"

CS: block property: block_name=/amplcpld/EXPANDED_FlattenFull/amplcpld/comb_C0B0MC531 prop_name=TYPE prop_terse=XDM_PROPERTY_STRING "TYPE" "INV"

CS: block property: block_name=/amplcpld/EXPANDED_FlattenFull/amplcpld prop_name=TYPE prop_terse=XDM_PROPERTY_STRING "TYPE" "amplcpld"

CS: block property: block_name=/amplcpld/EXPANDED_FlattenFull/amplcpld/comb_C0B0MC532 prop_name=TYPE prop_terse=XDM_PROPERTY_STRING "TYPE" "INV"

CS: block property: block_name=/amplcpld/EXPANDED_FlattenFull/amplcpld prop_name=TYPE prop_terse=XDM_PROPERTY_STRING "TYPE" "amplcpld"

CS: block property: block_name=/amplcpld/EXPANDED_FlattenFull/amplcpld/comb_C0B0MC533 prop_name=TYPE prop_terse=XDM_PROPERTY_STRING "TYPE" "INV"

CS: block property: block_name=/amplcpld/EXPANDED_FlattenFull/amplcpld prop_name=TYPE prop_terse=XDM_PROPERTY_STRING "TYPE" "amplcpld"

CS: block property: block_name=/amplcpld/EXPANDED_FlattenFull/amplcpld/comb_C0B0MC534 prop_name=TYPE prop_terse=XDM_PROPERTY_STRING "TYPE" "OR3"

CS: block property: block_name=/amplcpld/EXPANDED_FlattenFull/amplcpld prop_name=TYPE prop_terse=XDM_PROPERTY_STRING "TYPE" "amplcpld"

CS: block property: block_name=/amplcpld/EXPANDED_FlattenFull/amplcpld/comb_C0B0MC535 prop_name=TYPE prop_terse=XDM_PROPERTY_STRING "TYPE" "AND2"

CS: block property: block_name=/amplcpld/EXPANDED_FlattenFull/amplcpld prop_name=TYPE prop_terse=XDM_PROPERTY_STRING "TYPE" "amplcpld"

CS: block property: block_name=/amplcpld/EXPANDED_FlattenFull/amplcpld/comb_C0B0MC536 prop_name=TYPE prop_terse=XDM_PROPERTY_STRING "TYPE" "AND2"

CS: block property: block_name=/amplcpld/EXPANDED_FlattenFull/amplcpld prop_name=TYPE prop_terse=XDM_PROPERTY_STRING "TYPE" "amplcpld"

CS: block property: block_name=/amplcpld/EXPANDED_FlattenFull/amplcpld/comb_C0B0MC537 prop_name=TYPE prop_terse=XDM_PROPERTY_STRING "TYPE" "OR2"

CS: block property: block_name=/amplcpld/EXPANDED_FlattenFull/amplcpld prop_name=TYPE prop_terse=XDM_PROPERTY_STRING "TYPE" "amplcpld"

CS: block property: block_name=/amplcpld/EXPANDED_FlattenFull/amplcpld/comb_C0B0MC521 prop_name=TYPE prop_terse=XDM_PROPERTY_STRING "TYPE" "INV"

CS: block property: block_name=/amplcpld/EXPANDED_FlattenFull/amplcpld prop_name=TYPE prop_terse=XDM_PROPERTY_STRING "TYPE" "amplcpld"

CS: block property: block_name=/amplcpld/EXPANDED_FlattenFull/amplcpld/comb_C0B0MC522 prop_name=TYPE prop_terse=XDM_PROPERTY_STRING "TYPE" "INV"

CS: block property: block_name=/amplcpld/EXPANDED_FlattenFull/amplcpld prop_name=TYPE prop_terse=XDM_PROPERTY_STRING "TYPE" "amplcpld"

CS: block property: block_name=/amplcpld/EXPANDED_FlattenFull/amplcpld/comb_C0B0MC523 prop_name=TYPE prop_terse=XDM_PROPERTY_STRING "TYPE" "INV"

CS: block property: block_name=/amplcpld/EXPANDED_FlattenFull/amplcpld prop_name=TYPE prop_terse=XDM_PROPERTY_STRING "TYPE" "amplcpld"

CS: block property: block_name=/amplcpld/EXPANDED_FlattenFull/amplcpld/comb_C0B0MC524 prop_name=TYPE prop_terse=XDM_PROPERTY_STRING "TYPE" "OR4"

CS: block property: block_name=/amplcpld/EXPANDED_FlattenFull/amplcpld prop_name=TYPE prop_terse=XDM_PROPERTY_STRING "TYPE" "amplcpld"

CS: block property: block_name=/amplcpld/EXPANDED_FlattenFull/amplcpld/comb_C0B0MC511 prop_name=TYPE prop_terse=XDM_PROPERTY_STRING "TYPE" "OR2"

CS: block property: block_name=/amplcpld/EXPANDED_FlattenFull/amplcpld prop_name=TYPE prop_terse=XDM_PROPERTY_STRING "TYPE" "amplcpld"

CS: block property: block_name=/amplcpld/EXPANDED_FlattenFull/amplcpld/comb_C0B0MC512 prop_name=TYPE prop_terse=XDM_PROPERTY_STRING "TYPE" "INV"

CS: block property: block_name=/amplcpld/EXPANDED_FlattenFull/amplcpld prop_name=TYPE prop_terse=XDM_PROPERTY_STRING "TYPE" "amplcpld"

CS: block property: block_name=/amplcpld/EXPANDED_FlattenFull/amplcpld/comb_C0B0MC513 prop_name=TYPE prop_terse=XDM_PROPERTY_STRING "TYPE" "INV"

CS: block property: block_name=/amplcpld/EXPANDED_FlattenFull/amplcpld prop_name=TYPE prop_terse=XDM_PROPERTY_STRING "TYPE" "amplcpld"

CS: block property: block_name=/amplcpld/EXPANDED_FlattenFull/amplcpld/comb_C0B0MC514 prop_name=TYPE prop_terse=XDM_PROPERTY_STRING "TYPE" "OR2"

CS: block property: block_name=/amplcpld/EXPANDED_FlattenFull/amplcpld prop_name=TYPE prop_terse=XDM_PROPERTY_STRING "TYPE" "amplcpld"

CS: block property: block_name=/amplcpld/EXPANDED_FlattenFull/amplcpld/comb_C0B0MC515 prop_name=TYPE prop_terse=XDM_PROPERTY_STRING "TYPE" "AND2"

CS: block property: block_name=/amplcpld/EXPANDED_FlattenFull/amplcpld prop_name=TYPE prop_terse=XDM_PROPERTY_STRING "TYPE" "amplcpld"

CS: block property: block_name=/amplcpld/EXPANDED_FlattenFull/amplcpld/drive_C0B1MC611 prop_name=TYPE prop_terse=XDM_PROPERTY_STRING "TYPE" "AND2"

CS: block property: block_name=/amplcpld/EXPANDED_FlattenFull/amplcpld prop_name=TYPE prop_terse=XDM_PROPERTY_STRING "TYPE" "amplcpld"

CS: block property: block_name=/amplcpld/EXPANDED_FlattenFull/amplcpld/drive_C0B1MC612 prop_name=TYPE prop_terse=XDM_PROPERTY_STRING "TYPE" "INV"

CS: block property: block_name=/amplcpld/EXPANDED_FlattenFull/amplcpld prop_name=TYPE prop_terse=XDM_PROPERTY_STRING "TYPE" "amplcpld"

CS: block property: block_name=/amplcpld/EXPANDED_FlattenFull/amplcpld/drive_C0B1MC613 prop_name=TYPE prop_terse=XDM_PROPERTY_STRING "TYPE" "OR2"

CS: block property: block_name=/amplcpld/EXPANDED_FlattenFull/amplcpld prop_name=TYPE prop_terse=XDM_PROPERTY_STRING "TYPE" "amplcpld"

CS: block property: block_name=/amplcpld/EXPANDED_FlattenFull/amplcpld/drive_C0B1MC614 prop_name=TYPE prop_terse=XDM_PROPERTY_STRING "TYPE" "INV"

CS: block property: block_name=/amplcpld/EXPANDED_FlattenFull/amplcpld prop_name=TYPE prop_terse=XDM_PROPERTY_STRING "TYPE" "amplcpld"

CS: block property: block_name=/amplcpld/EXPANDED_FlattenFull/amplcpld/drive_C0B1MC615 prop_name=TYPE prop_terse=XDM_PROPERTY_STRING "TYPE" "INV"

CS: block property: block_name=/amplcpld/EXPANDED_FlattenFull/amplcpld prop_name=TYPE prop_terse=XDM_PROPERTY_STRING "TYPE" "amplcpld"

CS: block property: block_name=/amplcpld/EXPANDED_FlattenFull/amplcpld/drive_C0B1MC616 prop_name=TYPE prop_terse=XDM_PROPERTY_STRING "TYPE" "OR2"

CS: block property: block_name=/amplcpld/EXPANDED_FlattenFull/amplcpld prop_name=TYPE prop_terse=XDM_PROPERTY_STRING "TYPE" "amplcpld"

CS: block property: block_name=/amplcpld/EXPANDED_FlattenFull/amplcpld/drive_C0B1MC617 prop_name=TYPE prop_terse=XDM_PROPERTY_STRING "TYPE" "AND2"

CS: block property: block_name=/amplcpld/EXPANDED_FlattenFull/amplcpld prop_name=TYPE prop_terse=XDM_PROPERTY_STRING "TYPE" "amplcpld"

CS: block property: block_name=/amplcpld/EXPANDED_FlattenFull/amplcpld/drive_C0B1MC618 prop_name=TYPE prop_terse=XDM_PROPERTY_STRING "TYPE" "AND2"

CS: block property: block_name=/amplcpld/EXPANDED_FlattenFull/amplcpld prop_name=TYPE prop_terse=XDM_PROPERTY_STRING "TYPE" "amplcpld"

CS: block property: block_name=/amplcpld/EXPANDED_FlattenFull/amplcpld/drive_C0B1MC619 prop_name=TYPE prop_terse=XDM_PROPERTY_STRING "TYPE" "OR2"

CS: block property: block_name=/amplcpld/EXPANDED_FlattenFull/amplcpld prop_name=TYPE prop_terse=XDM_PROPERTY_STRING "TYPE" "amplcpld"

CS: block property: block_name=/amplcpld/EXPANDED_FlattenFull/amplcpld/drive_C0B1MC6110 prop_name=TYPE prop_terse=XDM_PROPERTY_STRING "TYPE" "AND2"

CS: block property: block_name=/amplcpld/EXPANDED_FlattenFull/amplcpld prop_name=TYPE prop_terse=XDM_PROPERTY_STRING "TYPE" "amplcpld"

CS: block property: block_name=/amplcpld/EXPANDED_FlattenFull/amplcpld/drive_C0B1MC6111 prop_name=TYPE prop_terse=XDM_PROPERTY_STRING "TYPE" "OR2"

CS: block property: block_name=/amplcpld/EXPANDED_FlattenFull/amplcpld prop_name=TYPE prop_terse=XDM_PROPERTY_STRING "TYPE" "amplcpld"

CS: block property: block_name=/amplcpld/EXPANDED_FlattenFull/amplcpld/drive_C0B1MC711 prop_name=TYPE prop_terse=XDM_PROPERTY_STRING "TYPE" "OR2"

CS: block property: block_name=/amplcpld/EXPANDED_FlattenFull/amplcpld prop_name=TYPE prop_terse=XDM_PROPERTY_STRING "TYPE" "amplcpld"

CS: block property: block_name=/amplcpld/EXPANDED_FlattenFull/amplcpld/drive_C0B1MC712 prop_name=TYPE prop_terse=XDM_PROPERTY_STRING "TYPE" "INV"

CS: block property: block_name=/amplcpld/EXPANDED_FlattenFull/amplcpld prop_name=TYPE prop_terse=XDM_PROPERTY_STRING "TYPE" "amplcpld"

CS: block property: block_name=/amplcpld/EXPANDED_FlattenFull/amplcpld/drive_C0B1MC713 prop_name=TYPE prop_terse=XDM_PROPERTY_STRING "TYPE" "INV"

CS: block property: block_name=/amplcpld/EXPANDED_FlattenFull/amplcpld prop_name=TYPE prop_terse=XDM_PROPERTY_STRING "TYPE" "amplcpld"

CS: block property: block_name=/amplcpld/EXPANDED_FlattenFull/amplcpld/drive_C0B1MC714 prop_name=TYPE prop_terse=XDM_PROPERTY_STRING "TYPE" "OR2"

CS: block property: block_name=/amplcpld/EXPANDED_FlattenFull/amplcpld prop_name=TYPE prop_terse=XDM_PROPERTY_STRING "TYPE" "amplcpld"

CS: block property: block_name=/amplcpld/EXPANDED_FlattenFull/amplcpld/drive_C0B1MC715 prop_name=TYPE prop_terse=XDM_PROPERTY_STRING "TYPE" "AND2"

CS: block property: block_name=/amplcpld/EXPANDED_FlattenFull/amplcpld prop_name=TYPE prop_terse=XDM_PROPERTY_STRING "TYPE" "amplcpld"

CS: block property: block_name=/amplcpld/EXPANDED_FlattenFull/amplcpld/drive_C0B6MC1311 prop_name=TYPE prop_terse=XDM_PROPERTY_STRING "TYPE" "AND2"

CS: block property: block_name=/amplcpld/EXPANDED_FlattenFull/amplcpld prop_name=TYPE prop_terse=XDM_PROPERTY_STRING "TYPE" "amplcpld"

CS: block property: block_name=/amplcpld/EXPANDED_FlattenFull/amplcpld/drive_C0B6MC1312 prop_name=TYPE prop_terse=XDM_PROPERTY_STRING "TYPE" "AND2"

CS: block property: block_name=/amplcpld/EXPANDED_FlattenFull/amplcpld prop_name=TYPE prop_terse=XDM_PROPERTY_STRING "TYPE" "amplcpld"

CS: block property: block_name=/amplcpld/EXPANDED_FlattenFull/amplcpld/drive_C0B6MC1313 prop_name=TYPE prop_terse=XDM_PROPERTY_STRING "TYPE" "INV"

CS: block property: block_name=/amplcpld/EXPANDED_FlattenFull/amplcpld prop_name=TYPE prop_terse=XDM_PROPERTY_STRING "TYPE" "amplcpld"

CS: block property: block_name=/amplcpld/EXPANDED_FlattenFull/amplcpld/drive_C0B6MC1314 prop_name=TYPE prop_terse=XDM_PROPERTY_STRING "TYPE" "INV"

CS: block property: block_name=/amplcpld/EXPANDED_FlattenFull/amplcpld prop_name=TYPE prop_terse=XDM_PROPERTY_STRING "TYPE" "amplcpld"

CS: block property: block_name=/amplcpld/EXPANDED_FlattenFull/amplcpld/drive_C0B6MC1315 prop_name=TYPE prop_terse=XDM_PROPERTY_STRING "TYPE" "AND2"

CS: block property: block_name=/amplcpld/EXPANDED_FlattenFull/amplcpld prop_name=TYPE prop_terse=XDM_PROPERTY_STRING "TYPE" "amplcpld"

CS: block property: block_name=/amplcpld/EXPANDED_FlattenFull/amplcpld/drive_C0B6MC1316 prop_name=TYPE prop_terse=XDM_PROPERTY_STRING "TYPE" "AND2"

CS: block property: block_name=/amplcpld/EXPANDED_FlattenFull/amplcpld prop_name=TYPE prop_terse=XDM_PROPERTY_STRING "TYPE" "amplcpld"

CS: block property: block_name=/amplcpld/EXPANDED_FlattenFull/amplcpld/drive_C0B6MC1317 prop_name=TYPE prop_terse=XDM_PROPERTY_STRING "TYPE" "INV"

CS: block property: block_name=/amplcpld/EXPANDED_FlattenFull/amplcpld prop_name=TYPE prop_terse=XDM_PROPERTY_STRING "TYPE" "amplcpld"

CS: block property: block_name=/amplcpld/EXPANDED_FlattenFull/amplcpld/drive_C0B6MC1318 prop_name=TYPE prop_terse=XDM_PROPERTY_STRING "TYPE" "INV"

CS: block property: block_name=/amplcpld/EXPANDED_FlattenFull/amplcpld prop_name=TYPE prop_terse=XDM_PROPERTY_STRING "TYPE" "amplcpld"

CS: block property: block_name=/amplcpld/EXPANDED_FlattenFull/amplcpld/drive_C0B6MC1319 prop_name=TYPE prop_terse=XDM_PROPERTY_STRING "TYPE" "INV"

CS: block property: block_name=/amplcpld/EXPANDED_FlattenFull/amplcpld prop_name=TYPE prop_terse=XDM_PROPERTY_STRING "TYPE" "amplcpld"

CS: block property: block_name=/amplcpld/EXPANDED_FlattenFull/amplcpld/drive_C0B6MC13110 prop_name=TYPE prop_terse=XDM_PROPERTY_STRING "TYPE" "AND2"

CS: block property: block_name=/amplcpld/EXPANDED_FlattenFull/amplcpld prop_name=TYPE prop_terse=XDM_PROPERTY_STRING "TYPE" "amplcpld"

CS: block property: block_name=/amplcpld/EXPANDED_FlattenFull/amplcpld/drive_C0B6MC13111 prop_name=TYPE prop_terse=XDM_PROPERTY_STRING "TYPE" "AND2"

CS: block property: block_name=/amplcpld/EXPANDED_FlattenFull/amplcpld prop_name=TYPE prop_terse=XDM_PROPERTY_STRING "TYPE" "amplcpld"

CS: block property: block_name=/amplcpld/EXPANDED_FlattenFull/amplcpld/drive_C0B6MC13112 prop_name=TYPE prop_terse=XDM_PROPERTY_STRING "TYPE" "OR2"

CS: block property: block_name=/amplcpld/EXPANDED_FlattenFull/amplcpld prop_name=TYPE prop_terse=XDM_PROPERTY_STRING "TYPE" "amplcpld"

CS: block property: block_name=/amplcpld/EXPANDED_FlattenFull/amplcpld/drive_C0B6MC13113 prop_name=TYPE prop_terse=XDM_PROPERTY_STRING "TYPE" "OR2"

CS: block property: block_name=/amplcpld/EXPANDED_FlattenFull/amplcpld prop_name=TYPE prop_terse=XDM_PROPERTY_STRING "TYPE" "amplcpld"

CS: block property: block_name=/amplcpld/EXPANDED_FlattenFull/amplcpld/drive_C0B6MC13114 prop_name=TYPE prop_terse=XDM_PROPERTY_STRING "TYPE" "AND2"

CS: block property: block_name=/amplcpld/EXPANDED_FlattenFull/amplcpld prop_name=TYPE prop_terse=XDM_PROPERTY_STRING "TYPE" "amplcpld"

CS: block property: block_name=/amplcpld/EXPANDED_FlattenFull/amplcpld/drive_C0B6MC13115 prop_name=TYPE prop_terse=XDM_PROPERTY_STRING "TYPE" "AND2"

CS: block property: block_name=/amplcpld/EXPANDED_FlattenFull/amplcpld prop_name=TYPE prop_terse=XDM_PROPERTY_STRING "TYPE" "amplcpld"

CS: block property: block_name=/amplcpld/EXPANDED_FlattenFull/amplcpld/drive_C0B6MC13116 prop_name=TYPE prop_terse=XDM_PROPERTY_STRING "TYPE" "OR2"

CS: block property: block_name=/amplcpld/EXPANDED_FlattenFull/amplcpld prop_name=TYPE prop_terse=XDM_PROPERTY_STRING "TYPE" "amplcpld"

CS: block property: block_name=/amplcpld/EXPANDED_FlattenFull/amplcpld/drive_C0B6MC13117 prop_name=TYPE prop_terse=XDM_PROPERTY_STRING "TYPE" "OR2"

CS: block property: block_name=/amplcpld/EXPANDED_FlattenFull/amplcpld prop_name=TYPE prop_terse=XDM_PROPERTY_STRING "TYPE" "amplcpld"

CS: block property: block_name=/amplcpld/EXPANDED_FlattenFull/amplcpld/drive_C0B6MC13118 prop_name=TYPE prop_terse=XDM_PROPERTY_STRING "TYPE" "AND2"

CS: block property: block_name=/amplcpld/EXPANDED_FlattenFull/amplcpld prop_name=TYPE prop_terse=XDM_PROPERTY_STRING "TYPE" "amplcpld"

CS: block property: block_name=/amplcpld/EXPANDED_FlattenFull/amplcpld/drive_C0B6MC13119 prop_name=TYPE prop_terse=XDM_PROPERTY_STRING "TYPE" "AND2"

CS: block property: block_name=/amplcpld/EXPANDED_FlattenFull/amplcpld prop_name=TYPE prop_terse=XDM_PROPERTY_STRING "TYPE" "amplcpld"

CS: block property: block_name=/amplcpld/EXPANDED_FlattenFull/amplcpld/drive_C0B6MC13120 prop_name=TYPE prop_terse=XDM_PROPERTY_STRING "TYPE" "OR2"

CS: block property: block_name=/amplcpld/EXPANDED_FlattenFull/amplcpld prop_name=TYPE prop_terse=XDM_PROPERTY_STRING "TYPE" "amplcpld"

CS: block property: block_name=/amplcpld/EXPANDED_FlattenFull/amplcpld/drive_C0B6MC1411 prop_name=TYPE prop_terse=XDM_PROPERTY_STRING "TYPE" "AND2"

CS: block property: block_name=/amplcpld/EXPANDED_FlattenFull/amplcpld prop_name=TYPE prop_terse=XDM_PROPERTY_STRING "TYPE" "amplcpld"

CS: block property: block_name=/amplcpld/EXPANDED_FlattenFull/amplcpld/drive_C0B6MC1412 prop_name=TYPE prop_terse=XDM_PROPERTY_STRING "TYPE" "AND2"

CS: block property: block_name=/amplcpld/EXPANDED_FlattenFull/amplcpld prop_name=TYPE prop_terse=XDM_PROPERTY_STRING "TYPE" "amplcpld"

CS: block property: block_name=/amplcpld/EXPANDED_FlattenFull/amplcpld/drive_C0B6MC1413 prop_name=TYPE prop_terse=XDM_PROPERTY_STRING "TYPE" "INV"

CS: block property: block_name=/amplcpld/EXPANDED_FlattenFull/amplcpld prop_name=TYPE prop_terse=XDM_PROPERTY_STRING "TYPE" "amplcpld"

CS: block property: block_name=/amplcpld/EXPANDED_FlattenFull/amplcpld/drive_C0B6MC1414 prop_name=TYPE prop_terse=XDM_PROPERTY_STRING "TYPE" "INV"

CS: block property: block_name=/amplcpld/EXPANDED_FlattenFull/amplcpld prop_name=TYPE prop_terse=XDM_PROPERTY_STRING "TYPE" "amplcpld"

CS: block property: block_name=/amplcpld/EXPANDED_FlattenFull/amplcpld/drive_C0B6MC1415 prop_name=TYPE prop_terse=XDM_PROPERTY_STRING "TYPE" "AND2"

CS: block property: block_name=/amplcpld/EXPANDED_FlattenFull/amplcpld prop_name=TYPE prop_terse=XDM_PROPERTY_STRING "TYPE" "amplcpld"

CS: block property: block_name=/amplcpld/EXPANDED_FlattenFull/amplcpld/drive_C0B6MC1416 prop_name=TYPE prop_terse=XDM_PROPERTY_STRING "TYPE" "AND2"

CS: block property: block_name=/amplcpld/EXPANDED_FlattenFull/amplcpld prop_name=TYPE prop_terse=XDM_PROPERTY_STRING "TYPE" "amplcpld"

CS: block property: block_name=/amplcpld/EXPANDED_FlattenFull/amplcpld/drive_C0B6MC1417 prop_name=TYPE prop_terse=XDM_PROPERTY_STRING "TYPE" "INV"

CS: block property: block_name=/amplcpld/EXPANDED_FlattenFull/amplcpld prop_name=TYPE prop_terse=XDM_PROPERTY_STRING "TYPE" "amplcpld"

CS: block property: block_name=/amplcpld/EXPANDED_FlattenFull/amplcpld/drive_C0B6MC1418 prop_name=TYPE prop_terse=XDM_PROPERTY_STRING "TYPE" "INV"

CS: block property: block_name=/amplcpld/EXPANDED_FlattenFull/amplcpld prop_name=TYPE prop_terse=XDM_PROPERTY_STRING "TYPE" "amplcpld"

CS: block property: block_name=/amplcpld/EXPANDED_FlattenFull/amplcpld/drive_C0B6MC1419 prop_name=TYPE prop_terse=XDM_PROPERTY_STRING "TYPE" "INV"

CS: block property: block_name=/amplcpld/EXPANDED_FlattenFull/amplcpld prop_name=TYPE prop_terse=XDM_PROPERTY_STRING "TYPE" "amplcpld"

CS: block property: block_name=/amplcpld/EXPANDED_FlattenFull/amplcpld/drive_C0B6MC14110 prop_name=TYPE prop_terse=XDM_PROPERTY_STRING "TYPE" "AND2"

CS: block property: block_name=/amplcpld/EXPANDED_FlattenFull/amplcpld prop_name=TYPE prop_terse=XDM_PROPERTY_STRING "TYPE" "amplcpld"

CS: block property: block_name=/amplcpld/EXPANDED_FlattenFull/amplcpld/drive_C0B6MC14111 prop_name=TYPE prop_terse=XDM_PROPERTY_STRING "TYPE" "AND2"

CS: block property: block_name=/amplcpld/EXPANDED_FlattenFull/amplcpld prop_name=TYPE prop_terse=XDM_PROPERTY_STRING "TYPE" "amplcpld"

CS: block property: block_name=/amplcpld/EXPANDED_FlattenFull/amplcpld/drive_C0B6MC14112 prop_name=TYPE prop_terse=XDM_PROPERTY_STRING "TYPE" "OR2"

CS: block property: block_name=/amplcpld/EXPANDED_FlattenFull/amplcpld prop_name=TYPE prop_terse=XDM_PROPERTY_STRING "TYPE" "amplcpld"

CS: block property: block_name=/amplcpld/EXPANDED_FlattenFull/amplcpld/drive_C0B6MC14113 prop_name=TYPE prop_terse=XDM_PROPERTY_STRING "TYPE" "OR2"

CS: block property: block_name=/amplcpld/EXPANDED_FlattenFull/amplcpld prop_name=TYPE prop_terse=XDM_PROPERTY_STRING "TYPE" "amplcpld"

CS: block property: block_name=/amplcpld/EXPANDED_FlattenFull/amplcpld/drive_C0B6MC14114 prop_name=TYPE prop_terse=XDM_PROPERTY_STRING "TYPE" "AND2"

CS: block property: block_name=/amplcpld/EXPANDED_FlattenFull/amplcpld prop_name=TYPE prop_terse=XDM_PROPERTY_STRING "TYPE" "amplcpld"

CS: block property: block_name=/amplcpld/EXPANDED_FlattenFull/amplcpld/drive_C0B6MC14115 prop_name=TYPE prop_terse=XDM_PROPERTY_STRING "TYPE" "AND2"

CS: block property: block_name=/amplcpld/EXPANDED_FlattenFull/amplcpld prop_name=TYPE prop_terse=XDM_PROPERTY_STRING "TYPE" "amplcpld"

CS: block property: block_name=/amplcpld/EXPANDED_FlattenFull/amplcpld/drive_C0B6MC14116 prop_name=TYPE prop_terse=XDM_PROPERTY_STRING "TYPE" "OR2"

CS: block property: block_name=/amplcpld/EXPANDED_FlattenFull/amplcpld prop_name=TYPE prop_terse=XDM_PROPERTY_STRING "TYPE" "amplcpld"

CS: block property: block_name=/amplcpld/EXPANDED_FlattenFull/amplcpld/drive_C0B6MC14117 prop_name=TYPE prop_terse=XDM_PROPERTY_STRING "TYPE" "OR2"

CS: block property: block_name=/amplcpld/EXPANDED_FlattenFull/amplcpld prop_name=TYPE prop_terse=XDM_PROPERTY_STRING "TYPE" "amplcpld"

CS: block property: block_name=/amplcpld/EXPANDED_FlattenFull/amplcpld/drive_C0B6MC14118 prop_name=TYPE prop_terse=XDM_PROPERTY_STRING "TYPE" "AND2"

CS: block property: block_name=/amplcpld/EXPANDED_FlattenFull/amplcpld prop_name=TYPE prop_terse=XDM_PROPERTY_STRING "TYPE" "amplcpld"

CS: block property: block_name=/amplcpld/EXPANDED_FlattenFull/amplcpld/drive_C0B6MC14119 prop_name=TYPE prop_terse=XDM_PROPERTY_STRING "TYPE" "AND2"

CS: block property: block_name=/amplcpld/EXPANDED_FlattenFull/amplcpld prop_name=TYPE prop_terse=XDM_PROPERTY_STRING "TYPE" "amplcpld"

CS: block property: block_name=/amplcpld/EXPANDED_FlattenFull/amplcpld/drive_C0B6MC14120 prop_name=TYPE prop_terse=XDM_PROPERTY_STRING "TYPE" "OR2"

CS: block property: block_name=/amplcpld/EXPANDED_FlattenFull/amplcpld prop_name=TYPE prop_terse=XDM_PROPERTY_STRING "TYPE" "amplcpld"

CS: block property: block_name=/amplcpld/EXPANDED_FlattenFull/amplcpld/drive_C0B6MC1511 prop_name=TYPE prop_terse=XDM_PROPERTY_STRING "TYPE" "AND2"

CS: block property: block_name=/amplcpld/EXPANDED_FlattenFull/amplcpld prop_name=TYPE prop_terse=XDM_PROPERTY_STRING "TYPE" "amplcpld"

CS: block property: block_name=/amplcpld/EXPANDED_FlattenFull/amplcpld/drive_C0B6MC1512 prop_name=TYPE prop_terse=XDM_PROPERTY_STRING "TYPE" "AND2"

CS: block property: block_name=/amplcpld/EXPANDED_FlattenFull/amplcpld prop_name=TYPE prop_terse=XDM_PROPERTY_STRING "TYPE" "amplcpld"

CS: block property: block_name=/amplcpld/EXPANDED_FlattenFull/amplcpld/drive_C0B6MC1513 prop_name=TYPE prop_terse=XDM_PROPERTY_STRING "TYPE" "INV"

CS: block property: block_name=/amplcpld/EXPANDED_FlattenFull/amplcpld prop_name=TYPE prop_terse=XDM_PROPERTY_STRING "TYPE" "amplcpld"

CS: block property: block_name=/amplcpld/EXPANDED_FlattenFull/amplcpld/drive_C0B6MC1514 prop_name=TYPE prop_terse=XDM_PROPERTY_STRING "TYPE" "INV"

CS: block property: block_name=/amplcpld/EXPANDED_FlattenFull/amplcpld prop_name=TYPE prop_terse=XDM_PROPERTY_STRING "TYPE" "amplcpld"

CS: block property: block_name=/amplcpld/EXPANDED_FlattenFull/amplcpld/drive_C0B6MC1515 prop_name=TYPE prop_terse=XDM_PROPERTY_STRING "TYPE" "AND2"

CS: block property: block_name=/amplcpld/EXPANDED_FlattenFull/amplcpld prop_name=TYPE prop_terse=XDM_PROPERTY_STRING "TYPE" "amplcpld"

CS: block property: block_name=/amplcpld/EXPANDED_FlattenFull/amplcpld/drive_C0B6MC1516 prop_name=TYPE prop_terse=XDM_PROPERTY_STRING "TYPE" "AND2"

CS: block property: block_name=/amplcpld/EXPANDED_FlattenFull/amplcpld prop_name=TYPE prop_terse=XDM_PROPERTY_STRING "TYPE" "amplcpld"

CS: block property: block_name=/amplcpld/EXPANDED_FlattenFull/amplcpld/drive_C0B6MC1517 prop_name=TYPE prop_terse=XDM_PROPERTY_STRING "TYPE" "INV"

CS: block property: block_name=/amplcpld/EXPANDED_FlattenFull/amplcpld prop_name=TYPE prop_terse=XDM_PROPERTY_STRING "TYPE" "amplcpld"

CS: block property: block_name=/amplcpld/EXPANDED_FlattenFull/amplcpld/drive_C0B6MC1518 prop_name=TYPE prop_terse=XDM_PROPERTY_STRING "TYPE" "INV"

CS: block property: block_name=/amplcpld/EXPANDED_FlattenFull/amplcpld prop_name=TYPE prop_terse=XDM_PROPERTY_STRING "TYPE" "amplcpld"

CS: block property: block_name=/amplcpld/EXPANDED_FlattenFull/amplcpld/drive_C0B6MC1519 prop_name=TYPE prop_terse=XDM_PROPERTY_STRING "TYPE" "INV"

CS: block property: block_name=/amplcpld/EXPANDED_FlattenFull/amplcpld prop_name=TYPE prop_terse=XDM_PROPERTY_STRING "TYPE" "amplcpld"

CS: block property: block_name=/amplcpld/EXPANDED_FlattenFull/amplcpld/drive_C0B6MC15110 prop_name=TYPE prop_terse=XDM_PROPERTY_STRING "TYPE" "AND2"

CS: block property: block_name=/amplcpld/EXPANDED_FlattenFull/amplcpld prop_name=TYPE prop_terse=XDM_PROPERTY_STRING "TYPE" "amplcpld"

CS: block property: block_name=/amplcpld/EXPANDED_FlattenFull/amplcpld/drive_C0B6MC15111 prop_name=TYPE prop_terse=XDM_PROPERTY_STRING "TYPE" "AND2"

CS: block property: block_name=/amplcpld/EXPANDED_FlattenFull/amplcpld prop_name=TYPE prop_terse=XDM_PROPERTY_STRING "TYPE" "amplcpld"

CS: block property: block_name=/amplcpld/EXPANDED_FlattenFull/amplcpld/drive_C0B6MC15112 prop_name=TYPE prop_terse=XDM_PROPERTY_STRING "TYPE" "OR2"

CS: block property: block_name=/amplcpld/EXPANDED_FlattenFull/amplcpld prop_name=TYPE prop_terse=XDM_PROPERTY_STRING "TYPE" "amplcpld"

CS: block property: block_name=/amplcpld/EXPANDED_FlattenFull/amplcpld/drive_C0B6MC15113 prop_name=TYPE prop_terse=XDM_PROPERTY_STRING "TYPE" "OR2"

CS: block property: block_name=/amplcpld/EXPANDED_FlattenFull/amplcpld prop_name=TYPE prop_terse=XDM_PROPERTY_STRING "TYPE" "amplcpld"

CS: block property: block_name=/amplcpld/EXPANDED_FlattenFull/amplcpld/drive_C0B6MC15114 prop_name=TYPE prop_terse=XDM_PROPERTY_STRING "TYPE" "AND2"

CS: block property: block_name=/amplcpld/EXPANDED_FlattenFull/amplcpld prop_name=TYPE prop_terse=XDM_PROPERTY_STRING "TYPE" "amplcpld"

CS: block property: block_name=/amplcpld/EXPANDED_FlattenFull/amplcpld/drive_C0B6MC15115 prop_name=TYPE prop_terse=XDM_PROPERTY_STRING "TYPE" "AND2"

CS: block property: block_name=/amplcpld/EXPANDED_FlattenFull/amplcpld prop_name=TYPE prop_terse=XDM_PROPERTY_STRING "TYPE" "amplcpld"

CS: block property: block_name=/amplcpld/EXPANDED_FlattenFull/amplcpld/drive_C0B6MC15116 prop_name=TYPE prop_terse=XDM_PROPERTY_STRING "TYPE" "OR2"

CS: block property: block_name=/amplcpld/EXPANDED_FlattenFull/amplcpld prop_name=TYPE prop_terse=XDM_PROPERTY_STRING "TYPE" "amplcpld"

CS: block property: block_name=/amplcpld/EXPANDED_FlattenFull/amplcpld/drive_C0B6MC15117 prop_name=TYPE prop_terse=XDM_PROPERTY_STRING "TYPE" "OR2"

CS: block property: block_name=/amplcpld/EXPANDED_FlattenFull/amplcpld prop_name=TYPE prop_terse=XDM_PROPERTY_STRING "TYPE" "amplcpld"

CS: block property: block_name=/amplcpld/EXPANDED_FlattenFull/amplcpld/drive_C0B6MC15118 prop_name=TYPE prop_terse=XDM_PROPERTY_STRING "TYPE" "AND2"

CS: block property: block_name=/amplcpld/EXPANDED_FlattenFull/amplcpld prop_name=TYPE prop_terse=XDM_PROPERTY_STRING "TYPE" "amplcpld"

CS: block property: block_name=/amplcpld/EXPANDED_FlattenFull/amplcpld/drive_C0B6MC15119 prop_name=TYPE prop_terse=XDM_PROPERTY_STRING "TYPE" "AND2"

CS: block property: block_name=/amplcpld/EXPANDED_FlattenFull/amplcpld prop_name=TYPE prop_terse=XDM_PROPERTY_STRING "TYPE" "amplcpld"

CS: block property: block_name=/amplcpld/EXPANDED_FlattenFull/amplcpld/drive_C0B6MC15120 prop_name=TYPE prop_terse=XDM_PROPERTY_STRING "TYPE" "OR2"

CS: block property: block_name=/amplcpld/EXPANDED_FlattenFull/amplcpld prop_name=TYPE prop_terse=XDM_PROPERTY_STRING "TYPE" "amplcpld"

CS: block property: block_name=/amplcpld/EXPANDED_FlattenFull/amplcpld/drive_C0B2MC1011 prop_name=TYPE prop_terse=XDM_PROPERTY_STRING "TYPE" "AND2"

CS: block property: block_name=/amplcpld/EXPANDED_FlattenFull/amplcpld prop_name=TYPE prop_terse=XDM_PROPERTY_STRING "TYPE" "amplcpld"

CS: block property: block_name=/amplcpld/EXPANDED_FlattenFull/amplcpld/drive_C0B2MC1012 prop_name=TYPE prop_terse=XDM_PROPERTY_STRING "TYPE" "AND2"

CS: block property: block_name=/amplcpld/EXPANDED_FlattenFull/amplcpld prop_name=TYPE prop_terse=XDM_PROPERTY_STRING "TYPE" "amplcpld"

CS: block property: block_name=/amplcpld/EXPANDED_FlattenFull/amplcpld/drive_C0B2MC1013 prop_name=TYPE prop_terse=XDM_PROPERTY_STRING "TYPE" "INV"

CS: block property: block_name=/amplcpld/EXPANDED_FlattenFull/amplcpld prop_name=TYPE prop_terse=XDM_PROPERTY_STRING "TYPE" "amplcpld"

CS: block property: block_name=/amplcpld/EXPANDED_FlattenFull/amplcpld/drive_C0B2MC1014 prop_name=TYPE prop_terse=XDM_PROPERTY_STRING "TYPE" "INV"

CS: block property: block_name=/amplcpld/EXPANDED_FlattenFull/amplcpld prop_name=TYPE prop_terse=XDM_PROPERTY_STRING "TYPE" "amplcpld"

CS: block property: block_name=/amplcpld/EXPANDED_FlattenFull/amplcpld/drive_C0B2MC1015 prop_name=TYPE prop_terse=XDM_PROPERTY_STRING "TYPE" "AND2"

CS: block property: block_name=/amplcpld/EXPANDED_FlattenFull/amplcpld prop_name=TYPE prop_terse=XDM_PROPERTY_STRING "TYPE" "amplcpld"

CS: block property: block_name=/amplcpld/EXPANDED_FlattenFull/amplcpld/drive_C0B2MC1016 prop_name=TYPE prop_terse=XDM_PROPERTY_STRING "TYPE" "AND2"

CS: block property: block_name=/amplcpld/EXPANDED_FlattenFull/amplcpld prop_name=TYPE prop_terse=XDM_PROPERTY_STRING "TYPE" "amplcpld"

CS: block property: block_name=/amplcpld/EXPANDED_FlattenFull/amplcpld/drive_C0B2MC1017 prop_name=TYPE prop_terse=XDM_PROPERTY_STRING "TYPE" "INV"

CS: block property: block_name=/amplcpld/EXPANDED_FlattenFull/amplcpld prop_name=TYPE prop_terse=XDM_PROPERTY_STRING "TYPE" "amplcpld"

CS: block property: block_name=/amplcpld/EXPANDED_FlattenFull/amplcpld/drive_C0B2MC1018 prop_name=TYPE prop_terse=XDM_PROPERTY_STRING "TYPE" "INV"

CS: block property: block_name=/amplcpld/EXPANDED_FlattenFull/amplcpld prop_name=TYPE prop_terse=XDM_PROPERTY_STRING "TYPE" "amplcpld"

CS: block property: block_name=/amplcpld/EXPANDED_FlattenFull/amplcpld/drive_C0B2MC1019 prop_name=TYPE prop_terse=XDM_PROPERTY_STRING "TYPE" "INV"

CS: block property: block_name=/amplcpld/EXPANDED_FlattenFull/amplcpld prop_name=TYPE prop_terse=XDM_PROPERTY_STRING "TYPE" "amplcpld"

CS: block property: block_name=/amplcpld/EXPANDED_FlattenFull/amplcpld/drive_C0B2MC10110 prop_name=TYPE prop_terse=XDM_PROPERTY_STRING "TYPE" "AND2"

CS: block property: block_name=/amplcpld/EXPANDED_FlattenFull/amplcpld prop_name=TYPE prop_terse=XDM_PROPERTY_STRING "TYPE" "amplcpld"

CS: block property: block_name=/amplcpld/EXPANDED_FlattenFull/amplcpld/drive_C0B2MC10111 prop_name=TYPE prop_terse=XDM_PROPERTY_STRING "TYPE" "AND2"

CS: block property: block_name=/amplcpld/EXPANDED_FlattenFull/amplcpld prop_name=TYPE prop_terse=XDM_PROPERTY_STRING "TYPE" "amplcpld"

CS: block property: block_name=/amplcpld/EXPANDED_FlattenFull/amplcpld/drive_C0B2MC10112 prop_name=TYPE prop_terse=XDM_PROPERTY_STRING "TYPE" "OR2"

CS: block property: block_name=/amplcpld/EXPANDED_FlattenFull/amplcpld prop_name=TYPE prop_terse=XDM_PROPERTY_STRING "TYPE" "amplcpld"

CS: block property: block_name=/amplcpld/EXPANDED_FlattenFull/amplcpld/drive_C0B2MC10113 prop_name=TYPE prop_terse=XDM_PROPERTY_STRING "TYPE" "OR2"

CS: block property: block_name=/amplcpld/EXPANDED_FlattenFull/amplcpld prop_name=TYPE prop_terse=XDM_PROPERTY_STRING "TYPE" "amplcpld"

CS: block property: block_name=/amplcpld/EXPANDED_FlattenFull/amplcpld/drive_C0B2MC10114 prop_name=TYPE prop_terse=XDM_PROPERTY_STRING "TYPE" "AND2"

CS: block property: block_name=/amplcpld/EXPANDED_FlattenFull/amplcpld prop_name=TYPE prop_terse=XDM_PROPERTY_STRING "TYPE" "amplcpld"

CS: block property: block_name=/amplcpld/EXPANDED_FlattenFull/amplcpld/drive_C0B2MC10115 prop_name=TYPE prop_terse=XDM_PROPERTY_STRING "TYPE" "AND2"

CS: block property: block_name=/amplcpld/EXPANDED_FlattenFull/amplcpld prop_name=TYPE prop_terse=XDM_PROPERTY_STRING "TYPE" "amplcpld"

CS: block property: block_name=/amplcpld/EXPANDED_FlattenFull/amplcpld/drive_C0B2MC10116 prop_name=TYPE prop_terse=XDM_PROPERTY_STRING "TYPE" "OR2"

CS: block property: block_name=/amplcpld/EXPANDED_FlattenFull/amplcpld prop_name=TYPE prop_terse=XDM_PROPERTY_STRING "TYPE" "amplcpld"

CS: block property: block_name=/amplcpld/EXPANDED_FlattenFull/amplcpld/drive_C0B2MC10117 prop_name=TYPE prop_terse=XDM_PROPERTY_STRING "TYPE" "OR2"

CS: block property: block_name=/amplcpld/EXPANDED_FlattenFull/amplcpld prop_name=TYPE prop_terse=XDM_PROPERTY_STRING "TYPE" "amplcpld"

CS: block property: block_name=/amplcpld/EXPANDED_FlattenFull/amplcpld/drive_C0B2MC10118 prop_name=TYPE prop_terse=XDM_PROPERTY_STRING "TYPE" "AND2"

CS: block property: block_name=/amplcpld/EXPANDED_FlattenFull/amplcpld prop_name=TYPE prop_terse=XDM_PROPERTY_STRING "TYPE" "amplcpld"

CS: block property: block_name=/amplcpld/EXPANDED_FlattenFull/amplcpld/drive_C0B2MC10119 prop_name=TYPE prop_terse=XDM_PROPERTY_STRING "TYPE" "AND2"

CS: block property: block_name=/amplcpld/EXPANDED_FlattenFull/amplcpld prop_name=TYPE prop_terse=XDM_PROPERTY_STRING "TYPE" "amplcpld"

CS: block property: block_name=/amplcpld/EXPANDED_FlattenFull/amplcpld/drive_C0B2MC10120 prop_name=TYPE prop_terse=XDM_PROPERTY_STRING "TYPE" "OR2"

CS: block property: block_name=/amplcpld/EXPANDED_FlattenFull/amplcpld prop_name=TYPE prop_terse=XDM_PROPERTY_STRING "TYPE" "amplcpld"

CS: block property: block_name=/amplcpld/EXPANDED_FlattenFull/amplcpld/drive_C0B2MC1211 prop_name=TYPE prop_terse=XDM_PROPERTY_STRING "TYPE" "AND2"

CS: block property: block_name=/amplcpld/EXPANDED_FlattenFull/amplcpld prop_name=TYPE prop_terse=XDM_PROPERTY_STRING "TYPE" "amplcpld"

CS: block property: block_name=/amplcpld/EXPANDED_FlattenFull/amplcpld/drive_C0B2MC1212 prop_name=TYPE prop_terse=XDM_PROPERTY_STRING "TYPE" "AND2"

CS: block property: block_name=/amplcpld/EXPANDED_FlattenFull/amplcpld prop_name=TYPE prop_terse=XDM_PROPERTY_STRING "TYPE" "amplcpld"

CS: block property: block_name=/amplcpld/EXPANDED_FlattenFull/amplcpld/drive_C0B2MC1213 prop_name=TYPE prop_terse=XDM_PROPERTY_STRING "TYPE" "INV"

CS: block property: block_name=/amplcpld/EXPANDED_FlattenFull/amplcpld prop_name=TYPE prop_terse=XDM_PROPERTY_STRING "TYPE" "amplcpld"

CS: block property: block_name=/amplcpld/EXPANDED_FlattenFull/amplcpld/drive_C0B2MC1214 prop_name=TYPE prop_terse=XDM_PROPERTY_STRING "TYPE" "INV"

CS: block property: block_name=/amplcpld/EXPANDED_FlattenFull/amplcpld prop_name=TYPE prop_terse=XDM_PROPERTY_STRING "TYPE" "amplcpld"

CS: block property: block_name=/amplcpld/EXPANDED_FlattenFull/amplcpld/drive_C0B2MC1215 prop_name=TYPE prop_terse=XDM_PROPERTY_STRING "TYPE" "AND2"

CS: block property: block_name=/amplcpld/EXPANDED_FlattenFull/amplcpld prop_name=TYPE prop_terse=XDM_PROPERTY_STRING "TYPE" "amplcpld"

CS: block property: block_name=/amplcpld/EXPANDED_FlattenFull/amplcpld/drive_C0B2MC1216 prop_name=TYPE prop_terse=XDM_PROPERTY_STRING "TYPE" "AND2"

CS: block property: block_name=/amplcpld/EXPANDED_FlattenFull/amplcpld prop_name=TYPE prop_terse=XDM_PROPERTY_STRING "TYPE" "amplcpld"

CS: block property: block_name=/amplcpld/EXPANDED_FlattenFull/amplcpld/drive_C0B2MC1217 prop_name=TYPE prop_terse=XDM_PROPERTY_STRING "TYPE" "INV"

CS: block property: block_name=/amplcpld/EXPANDED_FlattenFull/amplcpld prop_name=TYPE prop_terse=XDM_PROPERTY_STRING "TYPE" "amplcpld"

CS: block property: block_name=/amplcpld/EXPANDED_FlattenFull/amplcpld/drive_C0B2MC1218 prop_name=TYPE prop_terse=XDM_PROPERTY_STRING "TYPE" "INV"

CS: block property: block_name=/amplcpld/EXPANDED_FlattenFull/amplcpld prop_name=TYPE prop_terse=XDM_PROPERTY_STRING "TYPE" "amplcpld"

CS: block property: block_name=/amplcpld/EXPANDED_FlattenFull/amplcpld/drive_C0B2MC1219 prop_name=TYPE prop_terse=XDM_PROPERTY_STRING "TYPE" "INV"

CS: block property: block_name=/amplcpld/EXPANDED_FlattenFull/amplcpld prop_name=TYPE prop_terse=XDM_PROPERTY_STRING "TYPE" "amplcpld"

CS: block property: block_name=/amplcpld/EXPANDED_FlattenFull/amplcpld/drive_C0B2MC12110 prop_name=TYPE prop_terse=XDM_PROPERTY_STRING "TYPE" "AND2"

CS: block property: block_name=/amplcpld/EXPANDED_FlattenFull/amplcpld prop_name=TYPE prop_terse=XDM_PROPERTY_STRING "TYPE" "amplcpld"

CS: block property: block_name=/amplcpld/EXPANDED_FlattenFull/amplcpld/drive_C0B2MC12111 prop_name=TYPE prop_terse=XDM_PROPERTY_STRING "TYPE" "AND2"

CS: block property: block_name=/amplcpld/EXPANDED_FlattenFull/amplcpld prop_name=TYPE prop_terse=XDM_PROPERTY_STRING "TYPE" "amplcpld"

CS: block property: block_name=/amplcpld/EXPANDED_FlattenFull/amplcpld/drive_C0B2MC12112 prop_name=TYPE prop_terse=XDM_PROPERTY_STRING "TYPE" "OR2"

CS: block property: block_name=/amplcpld/EXPANDED_FlattenFull/amplcpld prop_name=TYPE prop_terse=XDM_PROPERTY_STRING "TYPE" "amplcpld"

CS: block property: block_name=/amplcpld/EXPANDED_FlattenFull/amplcpld/drive_C0B2MC12113 prop_name=TYPE prop_terse=XDM_PROPERTY_STRING "TYPE" "OR2"

CS: block property: block_name=/amplcpld/EXPANDED_FlattenFull/amplcpld prop_name=TYPE prop_terse=XDM_PROPERTY_STRING "TYPE" "amplcpld"

CS: block property: block_name=/amplcpld/EXPANDED_FlattenFull/amplcpld/drive_C0B2MC12114 prop_name=TYPE prop_terse=XDM_PROPERTY_STRING "TYPE" "AND2"

CS: block property: block_name=/amplcpld/EXPANDED_FlattenFull/amplcpld prop_name=TYPE prop_terse=XDM_PROPERTY_STRING "TYPE" "amplcpld"

CS: block property: block_name=/amplcpld/EXPANDED_FlattenFull/amplcpld/drive_C0B2MC12115 prop_name=TYPE prop_terse=XDM_PROPERTY_STRING "TYPE" "AND2"

CS: block property: block_name=/amplcpld/EXPANDED_FlattenFull/amplcpld prop_name=TYPE prop_terse=XDM_PROPERTY_STRING "TYPE" "amplcpld"

CS: block property: block_name=/amplcpld/EXPANDED_FlattenFull/amplcpld/drive_C0B2MC12116 prop_name=TYPE prop_terse=XDM_PROPERTY_STRING "TYPE" "OR2"

CS: block property: block_name=/amplcpld/EXPANDED_FlattenFull/amplcpld prop_name=TYPE prop_terse=XDM_PROPERTY_STRING "TYPE" "amplcpld"

CS: block property: block_name=/amplcpld/EXPANDED_FlattenFull/amplcpld/drive_C0B2MC12117 prop_name=TYPE prop_terse=XDM_PROPERTY_STRING "TYPE" "OR2"

CS: block property: block_name=/amplcpld/EXPANDED_FlattenFull/amplcpld prop_name=TYPE prop_terse=XDM_PROPERTY_STRING "TYPE" "amplcpld"

CS: block property: block_name=/amplcpld/EXPANDED_FlattenFull/amplcpld/drive_C0B2MC12118 prop_name=TYPE prop_terse=XDM_PROPERTY_STRING "TYPE" "AND2"

CS: block property: block_name=/amplcpld/EXPANDED_FlattenFull/amplcpld prop_name=TYPE prop_terse=XDM_PROPERTY_STRING "TYPE" "amplcpld"

CS: block property: block_name=/amplcpld/EXPANDED_FlattenFull/amplcpld/drive_C0B2MC12119 prop_name=TYPE prop_terse=XDM_PROPERTY_STRING "TYPE" "AND2"

CS: block property: block_name=/amplcpld/EXPANDED_FlattenFull/amplcpld prop_name=TYPE prop_terse=XDM_PROPERTY_STRING "TYPE" "amplcpld"

CS: block property: block_name=/amplcpld/EXPANDED_FlattenFull/amplcpld/drive_C0B2MC12120 prop_name=TYPE prop_terse=XDM_PROPERTY_STRING "TYPE" "OR2"

CS: block property: block_name=/amplcpld/EXPANDED_FlattenFull/amplcpld prop_name=TYPE prop_terse=XDM_PROPERTY_STRING "TYPE" "amplcpld"

CS: block property: block_name=/amplcpld/EXPANDED_FlattenFull/amplcpld/drive_C0B2MC1311 prop_name=TYPE prop_terse=XDM_PROPERTY_STRING "TYPE" "AND2"

CS: block property: block_name=/amplcpld/EXPANDED_FlattenFull/amplcpld prop_name=TYPE prop_terse=XDM_PROPERTY_STRING "TYPE" "amplcpld"

CS: block property: block_name=/amplcpld/EXPANDED_FlattenFull/amplcpld/drive_C0B2MC1312 prop_name=TYPE prop_terse=XDM_PROPERTY_STRING "TYPE" "AND2"

CS: block property: block_name=/amplcpld/EXPANDED_FlattenFull/amplcpld prop_name=TYPE prop_terse=XDM_PROPERTY_STRING "TYPE" "amplcpld"

CS: block property: block_name=/amplcpld/EXPANDED_FlattenFull/amplcpld/drive_C0B2MC1313 prop_name=TYPE prop_terse=XDM_PROPERTY_STRING "TYPE" "INV"

CS: block property: block_name=/amplcpld/EXPANDED_FlattenFull/amplcpld prop_name=TYPE prop_terse=XDM_PROPERTY_STRING "TYPE" "amplcpld"

CS: block property: block_name=/amplcpld/EXPANDED_FlattenFull/amplcpld/drive_C0B2MC1314 prop_name=TYPE prop_terse=XDM_PROPERTY_STRING "TYPE" "INV"

CS: block property: block_name=/amplcpld/EXPANDED_FlattenFull/amplcpld prop_name=TYPE prop_terse=XDM_PROPERTY_STRING "TYPE" "amplcpld"

CS: block property: block_name=/amplcpld/EXPANDED_FlattenFull/amplcpld/drive_C0B2MC1315 prop_name=TYPE prop_terse=XDM_PROPERTY_STRING "TYPE" "AND2"

CS: block property: block_name=/amplcpld/EXPANDED_FlattenFull/amplcpld prop_name=TYPE prop_terse=XDM_PROPERTY_STRING "TYPE" "amplcpld"

CS: block property: block_name=/amplcpld/EXPANDED_FlattenFull/amplcpld/drive_C0B2MC1316 prop_name=TYPE prop_terse=XDM_PROPERTY_STRING "TYPE" "AND2"

CS: block property: block_name=/amplcpld/EXPANDED_FlattenFull/amplcpld prop_name=TYPE prop_terse=XDM_PROPERTY_STRING "TYPE" "amplcpld"

CS: block property: block_name=/amplcpld/EXPANDED_FlattenFull/amplcpld/drive_C0B2MC1317 prop_name=TYPE prop_terse=XDM_PROPERTY_STRING "TYPE" "INV"

CS: block property: block_name=/amplcpld/EXPANDED_FlattenFull/amplcpld prop_name=TYPE prop_terse=XDM_PROPERTY_STRING "TYPE" "amplcpld"

CS: block property: block_name=/amplcpld/EXPANDED_FlattenFull/amplcpld/drive_C0B2MC1318 prop_name=TYPE prop_terse=XDM_PROPERTY_STRING "TYPE" "INV"

CS: block property: block_name=/amplcpld/EXPANDED_FlattenFull/amplcpld prop_name=TYPE prop_terse=XDM_PROPERTY_STRING "TYPE" "amplcpld"

CS: block property: block_name=/amplcpld/EXPANDED_FlattenFull/amplcpld/drive_C0B2MC1319 prop_name=TYPE prop_terse=XDM_PROPERTY_STRING "TYPE" "INV"

CS: block property: block_name=/amplcpld/EXPANDED_FlattenFull/amplcpld prop_name=TYPE prop_terse=XDM_PROPERTY_STRING "TYPE" "amplcpld"

CS: block property: block_name=/amplcpld/EXPANDED_FlattenFull/amplcpld/drive_C0B2MC13110 prop_name=TYPE prop_terse=XDM_PROPERTY_STRING "TYPE" "AND2"

CS: block property: block_name=/amplcpld/EXPANDED_FlattenFull/amplcpld prop_name=TYPE prop_terse=XDM_PROPERTY_STRING "TYPE" "amplcpld"

CS: block property: block_name=/amplcpld/EXPANDED_FlattenFull/amplcpld/drive_C0B2MC13111 prop_name=TYPE prop_terse=XDM_PROPERTY_STRING "TYPE" "AND2"

CS: block property: block_name=/amplcpld/EXPANDED_FlattenFull/amplcpld prop_name=TYPE prop_terse=XDM_PROPERTY_STRING "TYPE" "amplcpld"

CS: block property: block_name=/amplcpld/EXPANDED_FlattenFull/amplcpld/drive_C0B2MC13112 prop_name=TYPE prop_terse=XDM_PROPERTY_STRING "TYPE" "OR2"

CS: block property: block_name=/amplcpld/EXPANDED_FlattenFull/amplcpld prop_name=TYPE prop_terse=XDM_PROPERTY_STRING "TYPE" "amplcpld"

CS: block property: block_name=/amplcpld/EXPANDED_FlattenFull/amplcpld/drive_C0B2MC13113 prop_name=TYPE prop_terse=XDM_PROPERTY_STRING "TYPE" "OR2"

CS: block property: block_name=/amplcpld/EXPANDED_FlattenFull/amplcpld prop_name=TYPE prop_terse=XDM_PROPERTY_STRING "TYPE" "amplcpld"

CS: block property: block_name=/amplcpld/EXPANDED_FlattenFull/amplcpld/drive_C0B2MC13114 prop_name=TYPE prop_terse=XDM_PROPERTY_STRING "TYPE" "AND2"

CS: block property: block_name=/amplcpld/EXPANDED_FlattenFull/amplcpld prop_name=TYPE prop_terse=XDM_PROPERTY_STRING "TYPE" "amplcpld"

CS: block property: block_name=/amplcpld/EXPANDED_FlattenFull/amplcpld/drive_C0B2MC13115 prop_name=TYPE prop_terse=XDM_PROPERTY_STRING "TYPE" "AND2"

CS: block property: block_name=/amplcpld/EXPANDED_FlattenFull/amplcpld prop_name=TYPE prop_terse=XDM_PROPERTY_STRING "TYPE" "amplcpld"

CS: block property: block_name=/amplcpld/EXPANDED_FlattenFull/amplcpld/drive_C0B2MC13116 prop_name=TYPE prop_terse=XDM_PROPERTY_STRING "TYPE" "OR2"

CS: block property: block_name=/amplcpld/EXPANDED_FlattenFull/amplcpld prop_name=TYPE prop_terse=XDM_PROPERTY_STRING "TYPE" "amplcpld"

CS: block property: block_name=/amplcpld/EXPANDED_FlattenFull/amplcpld/drive_C0B2MC13117 prop_name=TYPE prop_terse=XDM_PROPERTY_STRING "TYPE" "OR2"

CS: block property: block_name=/amplcpld/EXPANDED_FlattenFull/amplcpld prop_name=TYPE prop_terse=XDM_PROPERTY_STRING "TYPE" "amplcpld"

CS: block property: block_name=/amplcpld/EXPANDED_FlattenFull/amplcpld/drive_C0B2MC13118 prop_name=TYPE prop_terse=XDM_PROPERTY_STRING "TYPE" "AND2"

CS: block property: block_name=/amplcpld/EXPANDED_FlattenFull/amplcpld prop_name=TYPE prop_terse=XDM_PROPERTY_STRING "TYPE" "amplcpld"

CS: block property: block_name=/amplcpld/EXPANDED_FlattenFull/amplcpld/drive_C0B2MC13119 prop_name=TYPE prop_terse=XDM_PROPERTY_STRING "TYPE" "AND2"

CS: block property: block_name=/amplcpld/EXPANDED_FlattenFull/amplcpld prop_name=TYPE prop_terse=XDM_PROPERTY_STRING "TYPE" "amplcpld"

CS: block property: block_name=/amplcpld/EXPANDED_FlattenFull/amplcpld/drive_C0B2MC13120 prop_name=TYPE prop_terse=XDM_PROPERTY_STRING "TYPE" "OR2"

CS: block property: block_name=/amplcpld/EXPANDED_FlattenFull/amplcpld prop_name=TYPE prop_terse=XDM_PROPERTY_STRING "TYPE" "amplcpld"

CS: block property: block_name=/amplcpld/EXPANDED_FlattenFull/amplcpld/drive_C0B2MC1411 prop_name=TYPE prop_terse=XDM_PROPERTY_STRING "TYPE" "AND2"

CS: block property: block_name=/amplcpld/EXPANDED_FlattenFull/amplcpld prop_name=TYPE prop_terse=XDM_PROPERTY_STRING "TYPE" "amplcpld"

CS: block property: block_name=/amplcpld/EXPANDED_FlattenFull/amplcpld/drive_C0B2MC1412 prop_name=TYPE prop_terse=XDM_PROPERTY_STRING "TYPE" "AND2"

CS: block property: block_name=/amplcpld/EXPANDED_FlattenFull/amplcpld prop_name=TYPE prop_terse=XDM_PROPERTY_STRING "TYPE" "amplcpld"

CS: block property: block_name=/amplcpld/EXPANDED_FlattenFull/amplcpld/drive_C0B2MC1413 prop_name=TYPE prop_terse=XDM_PROPERTY_STRING "TYPE" "INV"

CS: block property: block_name=/amplcpld/EXPANDED_FlattenFull/amplcpld prop_name=TYPE prop_terse=XDM_PROPERTY_STRING "TYPE" "amplcpld"

CS: block property: block_name=/amplcpld/EXPANDED_FlattenFull/amplcpld/drive_C0B2MC1414 prop_name=TYPE prop_terse=XDM_PROPERTY_STRING "TYPE" "INV"

CS: block property: block_name=/amplcpld/EXPANDED_FlattenFull/amplcpld prop_name=TYPE prop_terse=XDM_PROPERTY_STRING "TYPE" "amplcpld"

CS: block property: block_name=/amplcpld/EXPANDED_FlattenFull/amplcpld/drive_C0B2MC1415 prop_name=TYPE prop_terse=XDM_PROPERTY_STRING "TYPE" "AND2"

CS: block property: block_name=/amplcpld/EXPANDED_FlattenFull/amplcpld prop_name=TYPE prop_terse=XDM_PROPERTY_STRING "TYPE" "amplcpld"

CS: block property: block_name=/amplcpld/EXPANDED_FlattenFull/amplcpld/drive_C0B2MC1416 prop_name=TYPE prop_terse=XDM_PROPERTY_STRING "TYPE" "AND2"

CS: block property: block_name=/amplcpld/EXPANDED_FlattenFull/amplcpld prop_name=TYPE prop_terse=XDM_PROPERTY_STRING "TYPE" "amplcpld"

CS: block property: block_name=/amplcpld/EXPANDED_FlattenFull/amplcpld/drive_C0B2MC1417 prop_name=TYPE prop_terse=XDM_PROPERTY_STRING "TYPE" "INV"

CS: block property: block_name=/amplcpld/EXPANDED_FlattenFull/amplcpld prop_name=TYPE prop_terse=XDM_PROPERTY_STRING "TYPE" "amplcpld"

CS: block property: block_name=/amplcpld/EXPANDED_FlattenFull/amplcpld/drive_C0B2MC1418 prop_name=TYPE prop_terse=XDM_PROPERTY_STRING "TYPE" "INV"

CS: block property: block_name=/amplcpld/EXPANDED_FlattenFull/amplcpld prop_name=TYPE prop_terse=XDM_PROPERTY_STRING "TYPE" "amplcpld"

CS: block property: block_name=/amplcpld/EXPANDED_FlattenFull/amplcpld/drive_C0B2MC1419 prop_name=TYPE prop_terse=XDM_PROPERTY_STRING "TYPE" "INV"

CS: block property: block_name=/amplcpld/EXPANDED_FlattenFull/amplcpld prop_name=TYPE prop_terse=XDM_PROPERTY_STRING "TYPE" "amplcpld"

CS: block property: block_name=/amplcpld/EXPANDED_FlattenFull/amplcpld/drive_C0B2MC14110 prop_name=TYPE prop_terse=XDM_PROPERTY_STRING "TYPE" "AND2"

CS: block property: block_name=/amplcpld/EXPANDED_FlattenFull/amplcpld prop_name=TYPE prop_terse=XDM_PROPERTY_STRING "TYPE" "amplcpld"

CS: block property: block_name=/amplcpld/EXPANDED_FlattenFull/amplcpld/drive_C0B2MC14111 prop_name=TYPE prop_terse=XDM_PROPERTY_STRING "TYPE" "AND2"

CS: block property: block_name=/amplcpld/EXPANDED_FlattenFull/amplcpld prop_name=TYPE prop_terse=XDM_PROPERTY_STRING "TYPE" "amplcpld"

CS: block property: block_name=/amplcpld/EXPANDED_FlattenFull/amplcpld/drive_C0B2MC14112 prop_name=TYPE prop_terse=XDM_PROPERTY_STRING "TYPE" "OR2"

CS: block property: block_name=/amplcpld/EXPANDED_FlattenFull/amplcpld prop_name=TYPE prop_terse=XDM_PROPERTY_STRING "TYPE" "amplcpld"

CS: block property: block_name=/amplcpld/EXPANDED_FlattenFull/amplcpld/drive_C0B2MC14113 prop_name=TYPE prop_terse=XDM_PROPERTY_STRING "TYPE" "OR2"

CS: block property: block_name=/amplcpld/EXPANDED_FlattenFull/amplcpld prop_name=TYPE prop_terse=XDM_PROPERTY_STRING "TYPE" "amplcpld"

CS: block property: block_name=/amplcpld/EXPANDED_FlattenFull/amplcpld/drive_C0B2MC14114 prop_name=TYPE prop_terse=XDM_PROPERTY_STRING "TYPE" "AND2"

CS: block property: block_name=/amplcpld/EXPANDED_FlattenFull/amplcpld prop_name=TYPE prop_terse=XDM_PROPERTY_STRING "TYPE" "amplcpld"

CS: block property: block_name=/amplcpld/EXPANDED_FlattenFull/amplcpld/drive_C0B2MC14115 prop_name=TYPE prop_terse=XDM_PROPERTY_STRING "TYPE" "AND2"

CS: block property: block_name=/amplcpld/EXPANDED_FlattenFull/amplcpld prop_name=TYPE prop_terse=XDM_PROPERTY_STRING "TYPE" "amplcpld"

CS: block property: block_name=/amplcpld/EXPANDED_FlattenFull/amplcpld/drive_C0B2MC14116 prop_name=TYPE prop_terse=XDM_PROPERTY_STRING "TYPE" "OR2"

CS: block property: block_name=/amplcpld/EXPANDED_FlattenFull/amplcpld prop_name=TYPE prop_terse=XDM_PROPERTY_STRING "TYPE" "amplcpld"

CS: block property: block_name=/amplcpld/EXPANDED_FlattenFull/amplcpld/drive_C0B2MC14117 prop_name=TYPE prop_terse=XDM_PROPERTY_STRING "TYPE" "OR2"

CS: block property: block_name=/amplcpld/EXPANDED_FlattenFull/amplcpld prop_name=TYPE prop_terse=XDM_PROPERTY_STRING "TYPE" "amplcpld"

CS: block property: block_name=/amplcpld/EXPANDED_FlattenFull/amplcpld/drive_C0B2MC14118 prop_name=TYPE prop_terse=XDM_PROPERTY_STRING "TYPE" "AND2"

CS: block property: block_name=/amplcpld/EXPANDED_FlattenFull/amplcpld prop_name=TYPE prop_terse=XDM_PROPERTY_STRING "TYPE" "amplcpld"

CS: block property: block_name=/amplcpld/EXPANDED_FlattenFull/amplcpld/drive_C0B2MC14119 prop_name=TYPE prop_terse=XDM_PROPERTY_STRING "TYPE" "AND2"

CS: block property: block_name=/amplcpld/EXPANDED_FlattenFull/amplcpld prop_name=TYPE prop_terse=XDM_PROPERTY_STRING "TYPE" "amplcpld"

CS: block property: block_name=/amplcpld/EXPANDED_FlattenFull/amplcpld/drive_C0B2MC14120 prop_name=TYPE prop_terse=XDM_PROPERTY_STRING "TYPE" "OR2"

CS: block property: block_name=/amplcpld/EXPANDED_FlattenFull/amplcpld prop_name=TYPE prop_terse=XDM_PROPERTY_STRING "TYPE" "amplcpld"

CS: block property: block_name=/amplcpld/EXPANDED_FlattenFull/amplcpld/drive_C0B2MC1511 prop_name=TYPE prop_terse=XDM_PROPERTY_STRING "TYPE" "AND2"

CS: block property: block_name=/amplcpld/EXPANDED_FlattenFull/amplcpld prop_name=TYPE prop_terse=XDM_PROPERTY_STRING "TYPE" "amplcpld"

CS: block property: block_name=/amplcpld/EXPANDED_FlattenFull/amplcpld/drive_C0B2MC1512 prop_name=TYPE prop_terse=XDM_PROPERTY_STRING "TYPE" "AND2"

CS: block property: block_name=/amplcpld/EXPANDED_FlattenFull/amplcpld prop_name=TYPE prop_terse=XDM_PROPERTY_STRING "TYPE" "amplcpld"

CS: block property: block_name=/amplcpld/EXPANDED_FlattenFull/amplcpld/drive_C0B2MC1513 prop_name=TYPE prop_terse=XDM_PROPERTY_STRING "TYPE" "INV"

CS: block property: block_name=/amplcpld/EXPANDED_FlattenFull/amplcpld prop_name=TYPE prop_terse=XDM_PROPERTY_STRING "TYPE" "amplcpld"

CS: block property: block_name=/amplcpld/EXPANDED_FlattenFull/amplcpld/drive_C0B2MC1514 prop_name=TYPE prop_terse=XDM_PROPERTY_STRING "TYPE" "INV"

CS: block property: block_name=/amplcpld/EXPANDED_FlattenFull/amplcpld prop_name=TYPE prop_terse=XDM_PROPERTY_STRING "TYPE" "amplcpld"

CS: block property: block_name=/amplcpld/EXPANDED_FlattenFull/amplcpld/drive_C0B2MC1515 prop_name=TYPE prop_terse=XDM_PROPERTY_STRING "TYPE" "AND2"

CS: block property: block_name=/amplcpld/EXPANDED_FlattenFull/amplcpld prop_name=TYPE prop_terse=XDM_PROPERTY_STRING "TYPE" "amplcpld"

CS: block property: block_name=/amplcpld/EXPANDED_FlattenFull/amplcpld/drive_C0B2MC1516 prop_name=TYPE prop_terse=XDM_PROPERTY_STRING "TYPE" "AND2"

CS: block property: block_name=/amplcpld/EXPANDED_FlattenFull/amplcpld prop_name=TYPE prop_terse=XDM_PROPERTY_STRING "TYPE" "amplcpld"

CS: block property: block_name=/amplcpld/EXPANDED_FlattenFull/amplcpld/drive_C0B2MC1517 prop_name=TYPE prop_terse=XDM_PROPERTY_STRING "TYPE" "INV"

CS: block property: block_name=/amplcpld/EXPANDED_FlattenFull/amplcpld prop_name=TYPE prop_terse=XDM_PROPERTY_STRING "TYPE" "amplcpld"

CS: block property: block_name=/amplcpld/EXPANDED_FlattenFull/amplcpld/drive_C0B2MC1518 prop_name=TYPE prop_terse=XDM_PROPERTY_STRING "TYPE" "INV"

CS: block property: block_name=/amplcpld/EXPANDED_FlattenFull/amplcpld prop_name=TYPE prop_terse=XDM_PROPERTY_STRING "TYPE" "amplcpld"

CS: block property: block_name=/amplcpld/EXPANDED_FlattenFull/amplcpld/drive_C0B2MC1519 prop_name=TYPE prop_terse=XDM_PROPERTY_STRING "TYPE" "INV"

CS: block property: block_name=/amplcpld/EXPANDED_FlattenFull/amplcpld prop_name=TYPE prop_terse=XDM_PROPERTY_STRING "TYPE" "amplcpld"

CS: block property: block_name=/amplcpld/EXPANDED_FlattenFull/amplcpld/drive_C0B2MC15110 prop_name=TYPE prop_terse=XDM_PROPERTY_STRING "TYPE" "AND2"

CS: block property: block_name=/amplcpld/EXPANDED_FlattenFull/amplcpld prop_name=TYPE prop_terse=XDM_PROPERTY_STRING "TYPE" "amplcpld"

CS: block property: block_name=/amplcpld/EXPANDED_FlattenFull/amplcpld/drive_C0B2MC15111 prop_name=TYPE prop_terse=XDM_PROPERTY_STRING "TYPE" "AND2"

CS: block property: block_name=/amplcpld/EXPANDED_FlattenFull/amplcpld prop_name=TYPE prop_terse=XDM_PROPERTY_STRING "TYPE" "amplcpld"

CS: block property: block_name=/amplcpld/EXPANDED_FlattenFull/amplcpld/drive_C0B2MC15112 prop_name=TYPE prop_terse=XDM_PROPERTY_STRING "TYPE" "OR2"

CS: block property: block_name=/amplcpld/EXPANDED_FlattenFull/amplcpld prop_name=TYPE prop_terse=XDM_PROPERTY_STRING "TYPE" "amplcpld"

CS: block property: block_name=/amplcpld/EXPANDED_FlattenFull/amplcpld/drive_C0B2MC15113 prop_name=TYPE prop_terse=XDM_PROPERTY_STRING "TYPE" "OR2"

CS: block property: block_name=/amplcpld/EXPANDED_FlattenFull/amplcpld prop_name=TYPE prop_terse=XDM_PROPERTY_STRING "TYPE" "amplcpld"

CS: block property: block_name=/amplcpld/EXPANDED_FlattenFull/amplcpld/drive_C0B2MC15114 prop_name=TYPE prop_terse=XDM_PROPERTY_STRING "TYPE" "AND2"

CS: block property: block_name=/amplcpld/EXPANDED_FlattenFull/amplcpld prop_name=TYPE prop_terse=XDM_PROPERTY_STRING "TYPE" "amplcpld"

CS: block property: block_name=/amplcpld/EXPANDED_FlattenFull/amplcpld/drive_C0B2MC15115 prop_name=TYPE prop_terse=XDM_PROPERTY_STRING "TYPE" "AND2"

CS: block property: block_name=/amplcpld/EXPANDED_FlattenFull/amplcpld prop_name=TYPE prop_terse=XDM_PROPERTY_STRING "TYPE" "amplcpld"

CS: block property: block_name=/amplcpld/EXPANDED_FlattenFull/amplcpld/drive_C0B2MC15116 prop_name=TYPE prop_terse=XDM_PROPERTY_STRING "TYPE" "OR2"

CS: block property: block_name=/amplcpld/EXPANDED_FlattenFull/amplcpld prop_name=TYPE prop_terse=XDM_PROPERTY_STRING "TYPE" "amplcpld"

CS: block property: block_name=/amplcpld/EXPANDED_FlattenFull/amplcpld/drive_C0B2MC15117 prop_name=TYPE prop_terse=XDM_PROPERTY_STRING "TYPE" "OR2"

CS: block property: block_name=/amplcpld/EXPANDED_FlattenFull/amplcpld prop_name=TYPE prop_terse=XDM_PROPERTY_STRING "TYPE" "amplcpld"

CS: block property: block_name=/amplcpld/EXPANDED_FlattenFull/amplcpld/drive_C0B2MC15118 prop_name=TYPE prop_terse=XDM_PROPERTY_STRING "TYPE" "AND2"

CS: block property: block_name=/amplcpld/EXPANDED_FlattenFull/amplcpld prop_name=TYPE prop_terse=XDM_PROPERTY_STRING "TYPE" "amplcpld"

CS: block property: block_name=/amplcpld/EXPANDED_FlattenFull/amplcpld/drive_C0B2MC15119 prop_name=TYPE prop_terse=XDM_PROPERTY_STRING "TYPE" "AND2"

CS: block property: block_name=/amplcpld/EXPANDED_FlattenFull/amplcpld prop_name=TYPE prop_terse=XDM_PROPERTY_STRING "TYPE" "amplcpld"

CS: block property: block_name=/amplcpld/EXPANDED_FlattenFull/amplcpld/drive_C0B2MC15120 prop_name=TYPE prop_terse=XDM_PROPERTY_STRING "TYPE" "OR2"

CS: block property: block_name=/amplcpld/EXPANDED_FlattenFull/amplcpld prop_name=TYPE prop_terse=XDM_PROPERTY_STRING "TYPE" "amplcpld"

CS: block property: block_name=/amplcpld/EXPANDED_FlattenFull/amplcpld/drive_C0B2MC311 prop_name=TYPE prop_terse=XDM_PROPERTY_STRING "TYPE" "AND2"

CS: block property: block_name=/amplcpld/EXPANDED_FlattenFull/amplcpld prop_name=TYPE prop_terse=XDM_PROPERTY_STRING "TYPE" "amplcpld"

CS: block property: block_name=/amplcpld/EXPANDED_FlattenFull/amplcpld/drive_C0B2MC312 prop_name=TYPE prop_terse=XDM_PROPERTY_STRING "TYPE" "AND2"

CS: block property: block_name=/amplcpld/EXPANDED_FlattenFull/amplcpld prop_name=TYPE prop_terse=XDM_PROPERTY_STRING "TYPE" "amplcpld"

CS: block property: block_name=/amplcpld/EXPANDED_FlattenFull/amplcpld/drive_C0B2MC313 prop_name=TYPE prop_terse=XDM_PROPERTY_STRING "TYPE" "INV"

CS: block property: block_name=/amplcpld/EXPANDED_FlattenFull/amplcpld prop_name=TYPE prop_terse=XDM_PROPERTY_STRING "TYPE" "amplcpld"

CS: block property: block_name=/amplcpld/EXPANDED_FlattenFull/amplcpld/drive_C0B2MC314 prop_name=TYPE prop_terse=XDM_PROPERTY_STRING "TYPE" "INV"

CS: block property: block_name=/amplcpld/EXPANDED_FlattenFull/amplcpld prop_name=TYPE prop_terse=XDM_PROPERTY_STRING "TYPE" "amplcpld"

CS: block property: block_name=/amplcpld/EXPANDED_FlattenFull/amplcpld/drive_C0B2MC315 prop_name=TYPE prop_terse=XDM_PROPERTY_STRING "TYPE" "AND2"

CS: block property: block_name=/amplcpld/EXPANDED_FlattenFull/amplcpld prop_name=TYPE prop_terse=XDM_PROPERTY_STRING "TYPE" "amplcpld"

CS: block property: block_name=/amplcpld/EXPANDED_FlattenFull/amplcpld/drive_C0B2MC316 prop_name=TYPE prop_terse=XDM_PROPERTY_STRING "TYPE" "AND2"

CS: block property: block_name=/amplcpld/EXPANDED_FlattenFull/amplcpld prop_name=TYPE prop_terse=XDM_PROPERTY_STRING "TYPE" "amplcpld"

CS: block property: block_name=/amplcpld/EXPANDED_FlattenFull/amplcpld/drive_C0B2MC317 prop_name=TYPE prop_terse=XDM_PROPERTY_STRING "TYPE" "INV"

CS: block property: block_name=/amplcpld/EXPANDED_FlattenFull/amplcpld prop_name=TYPE prop_terse=XDM_PROPERTY_STRING "TYPE" "amplcpld"

CS: block property: block_name=/amplcpld/EXPANDED_FlattenFull/amplcpld/drive_C0B2MC318 prop_name=TYPE prop_terse=XDM_PROPERTY_STRING "TYPE" "INV"

CS: block property: block_name=/amplcpld/EXPANDED_FlattenFull/amplcpld prop_name=TYPE prop_terse=XDM_PROPERTY_STRING "TYPE" "amplcpld"

CS: block property: block_name=/amplcpld/EXPANDED_FlattenFull/amplcpld/drive_C0B2MC319 prop_name=TYPE prop_terse=XDM_PROPERTY_STRING "TYPE" "INV"

CS: block property: block_name=/amplcpld/EXPANDED_FlattenFull/amplcpld prop_name=TYPE prop_terse=XDM_PROPERTY_STRING "TYPE" "amplcpld"

CS: block property: block_name=/amplcpld/EXPANDED_FlattenFull/amplcpld/drive_C0B2MC3110 prop_name=TYPE prop_terse=XDM_PROPERTY_STRING "TYPE" "AND2"

CS: block property: block_name=/amplcpld/EXPANDED_FlattenFull/amplcpld prop_name=TYPE prop_terse=XDM_PROPERTY_STRING "TYPE" "amplcpld"

CS: block property: block_name=/amplcpld/EXPANDED_FlattenFull/amplcpld/drive_C0B2MC3111 prop_name=TYPE prop_terse=XDM_PROPERTY_STRING "TYPE" "AND2"

CS: block property: block_name=/amplcpld/EXPANDED_FlattenFull/amplcpld prop_name=TYPE prop_terse=XDM_PROPERTY_STRING "TYPE" "amplcpld"

CS: block property: block_name=/amplcpld/EXPANDED_FlattenFull/amplcpld/drive_C0B2MC3112 prop_name=TYPE prop_terse=XDM_PROPERTY_STRING "TYPE" "OR2"

CS: block property: block_name=/amplcpld/EXPANDED_FlattenFull/amplcpld prop_name=TYPE prop_terse=XDM_PROPERTY_STRING "TYPE" "amplcpld"

CS: block property: block_name=/amplcpld/EXPANDED_FlattenFull/amplcpld/drive_C0B2MC3113 prop_name=TYPE prop_terse=XDM_PROPERTY_STRING "TYPE" "OR2"

CS: block property: block_name=/amplcpld/EXPANDED_FlattenFull/amplcpld prop_name=TYPE prop_terse=XDM_PROPERTY_STRING "TYPE" "amplcpld"

CS: block property: block_name=/amplcpld/EXPANDED_FlattenFull/amplcpld/drive_C0B2MC3114 prop_name=TYPE prop_terse=XDM_PROPERTY_STRING "TYPE" "AND2"

CS: block property: block_name=/amplcpld/EXPANDED_FlattenFull/amplcpld prop_name=TYPE prop_terse=XDM_PROPERTY_STRING "TYPE" "amplcpld"

CS: block property: block_name=/amplcpld/EXPANDED_FlattenFull/amplcpld/drive_C0B2MC3115 prop_name=TYPE prop_terse=XDM_PROPERTY_STRING "TYPE" "AND2"

CS: block property: block_name=/amplcpld/EXPANDED_FlattenFull/amplcpld prop_name=TYPE prop_terse=XDM_PROPERTY_STRING "TYPE" "amplcpld"

CS: block property: block_name=/amplcpld/EXPANDED_FlattenFull/amplcpld/drive_C0B2MC3116 prop_name=TYPE prop_terse=XDM_PROPERTY_STRING "TYPE" "OR2"

CS: block property: block_name=/amplcpld/EXPANDED_FlattenFull/amplcpld prop_name=TYPE prop_terse=XDM_PROPERTY_STRING "TYPE" "amplcpld"

CS: block property: block_name=/amplcpld/EXPANDED_FlattenFull/amplcpld/drive_C0B2MC3117 prop_name=TYPE prop_terse=XDM_PROPERTY_STRING "TYPE" "OR2"

CS: block property: block_name=/amplcpld/EXPANDED_FlattenFull/amplcpld prop_name=TYPE prop_terse=XDM_PROPERTY_STRING "TYPE" "amplcpld"

CS: block property: block_name=/amplcpld/EXPANDED_FlattenFull/amplcpld/drive_C0B2MC3118 prop_name=TYPE prop_terse=XDM_PROPERTY_STRING "TYPE" "AND2"

CS: block property: block_name=/amplcpld/EXPANDED_FlattenFull/amplcpld prop_name=TYPE prop_terse=XDM_PROPERTY_STRING "TYPE" "amplcpld"

CS: block property: block_name=/amplcpld/EXPANDED_FlattenFull/amplcpld/drive_C0B2MC3119 prop_name=TYPE prop_terse=XDM_PROPERTY_STRING "TYPE" "AND2"

CS: block property: block_name=/amplcpld/EXPANDED_FlattenFull/amplcpld prop_name=TYPE prop_terse=XDM_PROPERTY_STRING "TYPE" "amplcpld"

CS: block property: block_name=/amplcpld/EXPANDED_FlattenFull/amplcpld/drive_C0B2MC3120 prop_name=TYPE prop_terse=XDM_PROPERTY_STRING "TYPE" "OR2"

CS: block property: block_name=/amplcpld/EXPANDED_FlattenFull/amplcpld prop_name=TYPE prop_terse=XDM_PROPERTY_STRING "TYPE" "amplcpld"

CS: block property: block_name=/amplcpld/EXPANDED_FlattenFull/amplcpld/drive_C0B2MC411 prop_name=TYPE prop_terse=XDM_PROPERTY_STRING "TYPE" "AND2"

CS: block property: block_name=/amplcpld/EXPANDED_FlattenFull/amplcpld prop_name=TYPE prop_terse=XDM_PROPERTY_STRING "TYPE" "amplcpld"

CS: block property: block_name=/amplcpld/EXPANDED_FlattenFull/amplcpld/drive_C0B2MC412 prop_name=TYPE prop_terse=XDM_PROPERTY_STRING "TYPE" "AND2"

CS: block property: block_name=/amplcpld/EXPANDED_FlattenFull/amplcpld prop_name=TYPE prop_terse=XDM_PROPERTY_STRING "TYPE" "amplcpld"

CS: block property: block_name=/amplcpld/EXPANDED_FlattenFull/amplcpld/drive_C0B2MC413 prop_name=TYPE prop_terse=XDM_PROPERTY_STRING "TYPE" "INV"

CS: block property: block_name=/amplcpld/EXPANDED_FlattenFull/amplcpld prop_name=TYPE prop_terse=XDM_PROPERTY_STRING "TYPE" "amplcpld"

CS: block property: block_name=/amplcpld/EXPANDED_FlattenFull/amplcpld/drive_C0B2MC414 prop_name=TYPE prop_terse=XDM_PROPERTY_STRING "TYPE" "INV"

CS: block property: block_name=/amplcpld/EXPANDED_FlattenFull/amplcpld prop_name=TYPE prop_terse=XDM_PROPERTY_STRING "TYPE" "amplcpld"

CS: block property: block_name=/amplcpld/EXPANDED_FlattenFull/amplcpld/drive_C0B2MC415 prop_name=TYPE prop_terse=XDM_PROPERTY_STRING "TYPE" "AND2"

CS: block property: block_name=/amplcpld/EXPANDED_FlattenFull/amplcpld prop_name=TYPE prop_terse=XDM_PROPERTY_STRING "TYPE" "amplcpld"

CS: block property: block_name=/amplcpld/EXPANDED_FlattenFull/amplcpld/drive_C0B2MC416 prop_name=TYPE prop_terse=XDM_PROPERTY_STRING "TYPE" "AND2"

CS: block property: block_name=/amplcpld/EXPANDED_FlattenFull/amplcpld prop_name=TYPE prop_terse=XDM_PROPERTY_STRING "TYPE" "amplcpld"

CS: block property: block_name=/amplcpld/EXPANDED_FlattenFull/amplcpld/drive_C0B2MC417 prop_name=TYPE prop_terse=XDM_PROPERTY_STRING "TYPE" "INV"

CS: block property: block_name=/amplcpld/EXPANDED_FlattenFull/amplcpld prop_name=TYPE prop_terse=XDM_PROPERTY_STRING "TYPE" "amplcpld"

CS: block property: block_name=/amplcpld/EXPANDED_FlattenFull/amplcpld/drive_C0B2MC418 prop_name=TYPE prop_terse=XDM_PROPERTY_STRING "TYPE" "INV"

CS: block property: block_name=/amplcpld/EXPANDED_FlattenFull/amplcpld prop_name=TYPE prop_terse=XDM_PROPERTY_STRING "TYPE" "amplcpld"

CS: block property: block_name=/amplcpld/EXPANDED_FlattenFull/amplcpld/drive_C0B2MC419 prop_name=TYPE prop_terse=XDM_PROPERTY_STRING "TYPE" "INV"

CS: block property: block_name=/amplcpld/EXPANDED_FlattenFull/amplcpld prop_name=TYPE prop_terse=XDM_PROPERTY_STRING "TYPE" "amplcpld"

CS: block property: block_name=/amplcpld/EXPANDED_FlattenFull/amplcpld/drive_C0B2MC4110 prop_name=TYPE prop_terse=XDM_PROPERTY_STRING "TYPE" "AND2"

CS: block property: block_name=/amplcpld/EXPANDED_FlattenFull/amplcpld prop_name=TYPE prop_terse=XDM_PROPERTY_STRING "TYPE" "amplcpld"

CS: block property: block_name=/amplcpld/EXPANDED_FlattenFull/amplcpld/drive_C0B2MC4111 prop_name=TYPE prop_terse=XDM_PROPERTY_STRING "TYPE" "AND2"

CS: block property: block_name=/amplcpld/EXPANDED_FlattenFull/amplcpld prop_name=TYPE prop_terse=XDM_PROPERTY_STRING "TYPE" "amplcpld"

CS: block property: block_name=/amplcpld/EXPANDED_FlattenFull/amplcpld/drive_C0B2MC4112 prop_name=TYPE prop_terse=XDM_PROPERTY_STRING "TYPE" "OR2"

CS: block property: block_name=/amplcpld/EXPANDED_FlattenFull/amplcpld prop_name=TYPE prop_terse=XDM_PROPERTY_STRING "TYPE" "amplcpld"

CS: block property: block_name=/amplcpld/EXPANDED_FlattenFull/amplcpld/drive_C0B2MC4113 prop_name=TYPE prop_terse=XDM_PROPERTY_STRING "TYPE" "OR2"

CS: block property: block_name=/amplcpld/EXPANDED_FlattenFull/amplcpld prop_name=TYPE prop_terse=XDM_PROPERTY_STRING "TYPE" "amplcpld"

CS: block property: block_name=/amplcpld/EXPANDED_FlattenFull/amplcpld/drive_C0B2MC4114 prop_name=TYPE prop_terse=XDM_PROPERTY_STRING "TYPE" "AND2"

CS: block property: block_name=/amplcpld/EXPANDED_FlattenFull/amplcpld prop_name=TYPE prop_terse=XDM_PROPERTY_STRING "TYPE" "amplcpld"

CS: block property: block_name=/amplcpld/EXPANDED_FlattenFull/amplcpld/drive_C0B2MC4115 prop_name=TYPE prop_terse=XDM_PROPERTY_STRING "TYPE" "AND2"

CS: block property: block_name=/amplcpld/EXPANDED_FlattenFull/amplcpld prop_name=TYPE prop_terse=XDM_PROPERTY_STRING "TYPE" "amplcpld"

CS: block property: block_name=/amplcpld/EXPANDED_FlattenFull/amplcpld/drive_C0B2MC4116 prop_name=TYPE prop_terse=XDM_PROPERTY_STRING "TYPE" "OR2"

CS: block property: block_name=/amplcpld/EXPANDED_FlattenFull/amplcpld prop_name=TYPE prop_terse=XDM_PROPERTY_STRING "TYPE" "amplcpld"

CS: block property: block_name=/amplcpld/EXPANDED_FlattenFull/amplcpld/drive_C0B2MC4117 prop_name=TYPE prop_terse=XDM_PROPERTY_STRING "TYPE" "OR2"

CS: block property: block_name=/amplcpld/EXPANDED_FlattenFull/amplcpld prop_name=TYPE prop_terse=XDM_PROPERTY_STRING "TYPE" "amplcpld"

CS: block property: block_name=/amplcpld/EXPANDED_FlattenFull/amplcpld/drive_C0B2MC4118 prop_name=TYPE prop_terse=XDM_PROPERTY_STRING "TYPE" "AND2"

CS: block property: block_name=/amplcpld/EXPANDED_FlattenFull/amplcpld prop_name=TYPE prop_terse=XDM_PROPERTY_STRING "TYPE" "amplcpld"

CS: block property: block_name=/amplcpld/EXPANDED_FlattenFull/amplcpld/drive_C0B2MC4119 prop_name=TYPE prop_terse=XDM_PROPERTY_STRING "TYPE" "AND2"

CS: block property: block_name=/amplcpld/EXPANDED_FlattenFull/amplcpld prop_name=TYPE prop_terse=XDM_PROPERTY_STRING "TYPE" "amplcpld"

CS: block property: block_name=/amplcpld/EXPANDED_FlattenFull/amplcpld/drive_C0B2MC4120 prop_name=TYPE prop_terse=XDM_PROPERTY_STRING "TYPE" "OR2"

CS: block property: block_name=/amplcpld/EXPANDED_FlattenFull/amplcpld prop_name=TYPE prop_terse=XDM_PROPERTY_STRING "TYPE" "amplcpld"

CS: block property: block_name=/amplcpld/EXPANDED_FlattenFull/amplcpld/drive_C0B2MC511 prop_name=TYPE prop_terse=XDM_PROPERTY_STRING "TYPE" "AND2"

CS: block property: block_name=/amplcpld/EXPANDED_FlattenFull/amplcpld prop_name=TYPE prop_terse=XDM_PROPERTY_STRING "TYPE" "amplcpld"

CS: block property: block_name=/amplcpld/EXPANDED_FlattenFull/amplcpld/drive_C0B2MC512 prop_name=TYPE prop_terse=XDM_PROPERTY_STRING "TYPE" "AND2"

CS: block property: block_name=/amplcpld/EXPANDED_FlattenFull/amplcpld prop_name=TYPE prop_terse=XDM_PROPERTY_STRING "TYPE" "amplcpld"

CS: block property: block_name=/amplcpld/EXPANDED_FlattenFull/amplcpld/drive_C0B2MC513 prop_name=TYPE prop_terse=XDM_PROPERTY_STRING "TYPE" "INV"

CS: block property: block_name=/amplcpld/EXPANDED_FlattenFull/amplcpld prop_name=TYPE prop_terse=XDM_PROPERTY_STRING "TYPE" "amplcpld"

CS: block property: block_name=/amplcpld/EXPANDED_FlattenFull/amplcpld/drive_C0B2MC514 prop_name=TYPE prop_terse=XDM_PROPERTY_STRING "TYPE" "INV"

CS: block property: block_name=/amplcpld/EXPANDED_FlattenFull/amplcpld prop_name=TYPE prop_terse=XDM_PROPERTY_STRING "TYPE" "amplcpld"

CS: block property: block_name=/amplcpld/EXPANDED_FlattenFull/amplcpld/drive_C0B2MC515 prop_name=TYPE prop_terse=XDM_PROPERTY_STRING "TYPE" "AND2"

CS: block property: block_name=/amplcpld/EXPANDED_FlattenFull/amplcpld prop_name=TYPE prop_terse=XDM_PROPERTY_STRING "TYPE" "amplcpld"

CS: block property: block_name=/amplcpld/EXPANDED_FlattenFull/amplcpld/drive_C0B2MC516 prop_name=TYPE prop_terse=XDM_PROPERTY_STRING "TYPE" "AND2"

CS: block property: block_name=/amplcpld/EXPANDED_FlattenFull/amplcpld prop_name=TYPE prop_terse=XDM_PROPERTY_STRING "TYPE" "amplcpld"

CS: block property: block_name=/amplcpld/EXPANDED_FlattenFull/amplcpld/drive_C0B2MC517 prop_name=TYPE prop_terse=XDM_PROPERTY_STRING "TYPE" "INV"

CS: block property: block_name=/amplcpld/EXPANDED_FlattenFull/amplcpld prop_name=TYPE prop_terse=XDM_PROPERTY_STRING "TYPE" "amplcpld"

CS: block property: block_name=/amplcpld/EXPANDED_FlattenFull/amplcpld/drive_C0B2MC518 prop_name=TYPE prop_terse=XDM_PROPERTY_STRING "TYPE" "INV"

CS: block property: block_name=/amplcpld/EXPANDED_FlattenFull/amplcpld prop_name=TYPE prop_terse=XDM_PROPERTY_STRING "TYPE" "amplcpld"

CS: block property: block_name=/amplcpld/EXPANDED_FlattenFull/amplcpld/drive_C0B2MC519 prop_name=TYPE prop_terse=XDM_PROPERTY_STRING "TYPE" "INV"

CS: block property: block_name=/amplcpld/EXPANDED_FlattenFull/amplcpld prop_name=TYPE prop_terse=XDM_PROPERTY_STRING "TYPE" "amplcpld"

CS: block property: block_name=/amplcpld/EXPANDED_FlattenFull/amplcpld/drive_C0B2MC5110 prop_name=TYPE prop_terse=XDM_PROPERTY_STRING "TYPE" "AND2"

CS: block property: block_name=/amplcpld/EXPANDED_FlattenFull/amplcpld prop_name=TYPE prop_terse=XDM_PROPERTY_STRING "TYPE" "amplcpld"

CS: block property: block_name=/amplcpld/EXPANDED_FlattenFull/amplcpld/drive_C0B2MC5111 prop_name=TYPE prop_terse=XDM_PROPERTY_STRING "TYPE" "AND2"

CS: block property: block_name=/amplcpld/EXPANDED_FlattenFull/amplcpld prop_name=TYPE prop_terse=XDM_PROPERTY_STRING "TYPE" "amplcpld"

CS: block property: block_name=/amplcpld/EXPANDED_FlattenFull/amplcpld/drive_C0B2MC5112 prop_name=TYPE prop_terse=XDM_PROPERTY_STRING "TYPE" "OR2"

CS: block property: block_name=/amplcpld/EXPANDED_FlattenFull/amplcpld prop_name=TYPE prop_terse=XDM_PROPERTY_STRING "TYPE" "amplcpld"

CS: block property: block_name=/amplcpld/EXPANDED_FlattenFull/amplcpld/drive_C0B2MC5113 prop_name=TYPE prop_terse=XDM_PROPERTY_STRING "TYPE" "OR2"

CS: block property: block_name=/amplcpld/EXPANDED_FlattenFull/amplcpld prop_name=TYPE prop_terse=XDM_PROPERTY_STRING "TYPE" "amplcpld"

CS: block property: block_name=/amplcpld/EXPANDED_FlattenFull/amplcpld/drive_C0B2MC5114 prop_name=TYPE prop_terse=XDM_PROPERTY_STRING "TYPE" "AND2"

CS: block property: block_name=/amplcpld/EXPANDED_FlattenFull/amplcpld prop_name=TYPE prop_terse=XDM_PROPERTY_STRING "TYPE" "amplcpld"

CS: block property: block_name=/amplcpld/EXPANDED_FlattenFull/amplcpld/drive_C0B2MC5115 prop_name=TYPE prop_terse=XDM_PROPERTY_STRING "TYPE" "AND2"

CS: block property: block_name=/amplcpld/EXPANDED_FlattenFull/amplcpld prop_name=TYPE prop_terse=XDM_PROPERTY_STRING "TYPE" "amplcpld"

CS: block property: block_name=/amplcpld/EXPANDED_FlattenFull/amplcpld/drive_C0B2MC5116 prop_name=TYPE prop_terse=XDM_PROPERTY_STRING "TYPE" "OR2"

CS: block property: block_name=/amplcpld/EXPANDED_FlattenFull/amplcpld prop_name=TYPE prop_terse=XDM_PROPERTY_STRING "TYPE" "amplcpld"

CS: block property: block_name=/amplcpld/EXPANDED_FlattenFull/amplcpld/drive_C0B2MC5117 prop_name=TYPE prop_terse=XDM_PROPERTY_STRING "TYPE" "OR2"

CS: block property: block_name=/amplcpld/EXPANDED_FlattenFull/amplcpld prop_name=TYPE prop_terse=XDM_PROPERTY_STRING "TYPE" "amplcpld"

CS: block property: block_name=/amplcpld/EXPANDED_FlattenFull/amplcpld/drive_C0B2MC5118 prop_name=TYPE prop_terse=XDM_PROPERTY_STRING "TYPE" "AND2"

CS: block property: block_name=/amplcpld/EXPANDED_FlattenFull/amplcpld prop_name=TYPE prop_terse=XDM_PROPERTY_STRING "TYPE" "amplcpld"

CS: block property: block_name=/amplcpld/EXPANDED_FlattenFull/amplcpld/drive_C0B2MC5119 prop_name=TYPE prop_terse=XDM_PROPERTY_STRING "TYPE" "AND2"

CS: block property: block_name=/amplcpld/EXPANDED_FlattenFull/amplcpld prop_name=TYPE prop_terse=XDM_PROPERTY_STRING "TYPE" "amplcpld"

CS: block property: block_name=/amplcpld/EXPANDED_FlattenFull/amplcpld/drive_C0B2MC5120 prop_name=TYPE prop_terse=XDM_PROPERTY_STRING "TYPE" "OR2"

CS: block property: block_name=/amplcpld/EXPANDED_FlattenFull/amplcpld prop_name=TYPE prop_terse=XDM_PROPERTY_STRING "TYPE" "amplcpld"

CS: block property: block_name=/amplcpld/EXPANDED_FlattenFull/amplcpld/drive_C0B2MC611 prop_name=TYPE prop_terse=XDM_PROPERTY_STRING "TYPE" "AND2"

CS: block property: block_name=/amplcpld/EXPANDED_FlattenFull/amplcpld prop_name=TYPE prop_terse=XDM_PROPERTY_STRING "TYPE" "amplcpld"

CS: block property: block_name=/amplcpld/EXPANDED_FlattenFull/amplcpld/drive_C0B2MC612 prop_name=TYPE prop_terse=XDM_PROPERTY_STRING "TYPE" "AND2"

CS: block property: block_name=/amplcpld/EXPANDED_FlattenFull/amplcpld prop_name=TYPE prop_terse=XDM_PROPERTY_STRING "TYPE" "amplcpld"

CS: block property: block_name=/amplcpld/EXPANDED_FlattenFull/amplcpld/drive_C0B2MC613 prop_name=TYPE prop_terse=XDM_PROPERTY_STRING "TYPE" "INV"

CS: block property: block_name=/amplcpld/EXPANDED_FlattenFull/amplcpld prop_name=TYPE prop_terse=XDM_PROPERTY_STRING "TYPE" "amplcpld"

CS: block property: block_name=/amplcpld/EXPANDED_FlattenFull/amplcpld/drive_C0B2MC614 prop_name=TYPE prop_terse=XDM_PROPERTY_STRING "TYPE" "INV"

CS: block property: block_name=/amplcpld/EXPANDED_FlattenFull/amplcpld prop_name=TYPE prop_terse=XDM_PROPERTY_STRING "TYPE" "amplcpld"

CS: block property: block_name=/amplcpld/EXPANDED_FlattenFull/amplcpld/drive_C0B2MC615 prop_name=TYPE prop_terse=XDM_PROPERTY_STRING "TYPE" "AND2"

CS: block property: block_name=/amplcpld/EXPANDED_FlattenFull/amplcpld prop_name=TYPE prop_terse=XDM_PROPERTY_STRING "TYPE" "amplcpld"

CS: block property: block_name=/amplcpld/EXPANDED_FlattenFull/amplcpld/drive_C0B2MC616 prop_name=TYPE prop_terse=XDM_PROPERTY_STRING "TYPE" "AND2"

CS: block property: block_name=/amplcpld/EXPANDED_FlattenFull/amplcpld prop_name=TYPE prop_terse=XDM_PROPERTY_STRING "TYPE" "amplcpld"

CS: block property: block_name=/amplcpld/EXPANDED_FlattenFull/amplcpld/drive_C0B2MC617 prop_name=TYPE prop_terse=XDM_PROPERTY_STRING "TYPE" "INV"

CS: block property: block_name=/amplcpld/EXPANDED_FlattenFull/amplcpld prop_name=TYPE prop_terse=XDM_PROPERTY_STRING "TYPE" "amplcpld"

CS: block property: block_name=/amplcpld/EXPANDED_FlattenFull/amplcpld/drive_C0B2MC618 prop_name=TYPE prop_terse=XDM_PROPERTY_STRING "TYPE" "INV"

CS: block property: block_name=/amplcpld/EXPANDED_FlattenFull/amplcpld prop_name=TYPE prop_terse=XDM_PROPERTY_STRING "TYPE" "amplcpld"

CS: block property: block_name=/amplcpld/EXPANDED_FlattenFull/amplcpld/drive_C0B2MC619 prop_name=TYPE prop_terse=XDM_PROPERTY_STRING "TYPE" "INV"

CS: block property: block_name=/amplcpld/EXPANDED_FlattenFull/amplcpld prop_name=TYPE prop_terse=XDM_PROPERTY_STRING "TYPE" "amplcpld"

CS: block property: block_name=/amplcpld/EXPANDED_FlattenFull/amplcpld/drive_C0B2MC6110 prop_name=TYPE prop_terse=XDM_PROPERTY_STRING "TYPE" "AND2"

CS: block property: block_name=/amplcpld/EXPANDED_FlattenFull/amplcpld prop_name=TYPE prop_terse=XDM_PROPERTY_STRING "TYPE" "amplcpld"

CS: block property: block_name=/amplcpld/EXPANDED_FlattenFull/amplcpld/drive_C0B2MC6111 prop_name=TYPE prop_terse=XDM_PROPERTY_STRING "TYPE" "AND2"

CS: block property: block_name=/amplcpld/EXPANDED_FlattenFull/amplcpld prop_name=TYPE prop_terse=XDM_PROPERTY_STRING "TYPE" "amplcpld"

CS: block property: block_name=/amplcpld/EXPANDED_FlattenFull/amplcpld/drive_C0B2MC6112 prop_name=TYPE prop_terse=XDM_PROPERTY_STRING "TYPE" "OR2"

CS: block property: block_name=/amplcpld/EXPANDED_FlattenFull/amplcpld prop_name=TYPE prop_terse=XDM_PROPERTY_STRING "TYPE" "amplcpld"

CS: block property: block_name=/amplcpld/EXPANDED_FlattenFull/amplcpld/drive_C0B2MC6113 prop_name=TYPE prop_terse=XDM_PROPERTY_STRING "TYPE" "OR2"

CS: block property: block_name=/amplcpld/EXPANDED_FlattenFull/amplcpld prop_name=TYPE prop_terse=XDM_PROPERTY_STRING "TYPE" "amplcpld"

CS: block property: block_name=/amplcpld/EXPANDED_FlattenFull/amplcpld/drive_C0B2MC6114 prop_name=TYPE prop_terse=XDM_PROPERTY_STRING "TYPE" "AND2"

CS: block property: block_name=/amplcpld/EXPANDED_FlattenFull/amplcpld prop_name=TYPE prop_terse=XDM_PROPERTY_STRING "TYPE" "amplcpld"

CS: block property: block_name=/amplcpld/EXPANDED_FlattenFull/amplcpld/drive_C0B2MC6115 prop_name=TYPE prop_terse=XDM_PROPERTY_STRING "TYPE" "AND2"

CS: block property: block_name=/amplcpld/EXPANDED_FlattenFull/amplcpld prop_name=TYPE prop_terse=XDM_PROPERTY_STRING "TYPE" "amplcpld"

CS: block property: block_name=/amplcpld/EXPANDED_FlattenFull/amplcpld/drive_C0B2MC6116 prop_name=TYPE prop_terse=XDM_PROPERTY_STRING "TYPE" "OR2"

CS: block property: block_name=/amplcpld/EXPANDED_FlattenFull/amplcpld prop_name=TYPE prop_terse=XDM_PROPERTY_STRING "TYPE" "amplcpld"

CS: block property: block_name=/amplcpld/EXPANDED_FlattenFull/amplcpld/drive_C0B2MC6117 prop_name=TYPE prop_terse=XDM_PROPERTY_STRING "TYPE" "OR2"

CS: block property: block_name=/amplcpld/EXPANDED_FlattenFull/amplcpld prop_name=TYPE prop_terse=XDM_PROPERTY_STRING "TYPE" "amplcpld"

CS: block property: block_name=/amplcpld/EXPANDED_FlattenFull/amplcpld/drive_C0B2MC6118 prop_name=TYPE prop_terse=XDM_PROPERTY_STRING "TYPE" "AND2"

CS: block property: block_name=/amplcpld/EXPANDED_FlattenFull/amplcpld prop_name=TYPE prop_terse=XDM_PROPERTY_STRING "TYPE" "amplcpld"

CS: block property: block_name=/amplcpld/EXPANDED_FlattenFull/amplcpld/drive_C0B2MC6119 prop_name=TYPE prop_terse=XDM_PROPERTY_STRING "TYPE" "AND2"

CS: block property: block_name=/amplcpld/EXPANDED_FlattenFull/amplcpld prop_name=TYPE prop_terse=XDM_PROPERTY_STRING "TYPE" "amplcpld"

CS: block property: block_name=/amplcpld/EXPANDED_FlattenFull/amplcpld/drive_C0B2MC6120 prop_name=TYPE prop_terse=XDM_PROPERTY_STRING "TYPE" "OR2"

CS: block property: block_name=/amplcpld/EXPANDED_FlattenFull/amplcpld prop_name=TYPE prop_terse=XDM_PROPERTY_STRING "TYPE" "amplcpld"

CS: block property: block_name=/amplcpld/EXPANDED_FlattenFull/amplcpld/drive_C0B2MC811 prop_name=TYPE prop_terse=XDM_PROPERTY_STRING "TYPE" "OR2"

CS: block property: block_name=/amplcpld/EXPANDED_FlattenFull/amplcpld prop_name=TYPE prop_terse=XDM_PROPERTY_STRING "TYPE" "amplcpld"

CS: block property: block_name=/amplcpld/EXPANDED_FlattenFull/amplcpld/drive_C0B2MC812 prop_name=TYPE prop_terse=XDM_PROPERTY_STRING "TYPE" "INV"

CS: block property: block_name=/amplcpld/EXPANDED_FlattenFull/amplcpld prop_name=TYPE prop_terse=XDM_PROPERTY_STRING "TYPE" "amplcpld"

CS: block property: block_name=/amplcpld/EXPANDED_FlattenFull/amplcpld/drive_C0B2MC813 prop_name=TYPE prop_terse=XDM_PROPERTY_STRING "TYPE" "INV"

CS: block property: block_name=/amplcpld/EXPANDED_FlattenFull/amplcpld prop_name=TYPE prop_terse=XDM_PROPERTY_STRING "TYPE" "amplcpld"

CS: block property: block_name=/amplcpld/EXPANDED_FlattenFull/amplcpld/drive_C0B2MC814 prop_name=TYPE prop_terse=XDM_PROPERTY_STRING "TYPE" "OR2"

CS: block property: block_name=/amplcpld/EXPANDED_FlattenFull/amplcpld prop_name=TYPE prop_terse=XDM_PROPERTY_STRING "TYPE" "amplcpld"

CS: block property: block_name=/amplcpld/EXPANDED_FlattenFull/amplcpld/drive_C0B2MC815 prop_name=TYPE prop_terse=XDM_PROPERTY_STRING "TYPE" "AND2"

CS: block property: block_name=/amplcpld/EXPANDED_FlattenFull/amplcpld prop_name=TYPE prop_terse=XDM_PROPERTY_STRING "TYPE" "amplcpld"

CS: block property: block_name=/amplcpld/EXPANDED_FlattenFull/amplcpld/drive_C0B0MC9_or000011 prop_name=TYPE prop_terse=XDM_PROPERTY_STRING "TYPE" "INV"

CS: block property: block_name=/amplcpld/EXPANDED_FlattenFull/amplcpld prop_name=TYPE prop_terse=XDM_PROPERTY_STRING "TYPE" "amplcpld"

CS: block property: block_name=/amplcpld/EXPANDED_FlattenFull/amplcpld/drive_C0B0MC9_or000012 prop_name=TYPE prop_terse=XDM_PROPERTY_STRING "TYPE" "AND5"

CS: block property: block_name=/amplcpld/EXPANDED_FlattenFull/amplcpld prop_name=TYPE prop_terse=XDM_PROPERTY_STRING "TYPE" "amplcpld"

CS: block property: block_name=/amplcpld/EXPANDED_FlattenFull/amplcpld/drive_C0B0MC9_or000013 prop_name=TYPE prop_terse=XDM_PROPERTY_STRING "TYPE" "AND2"

CS: block property: block_name=/amplcpld/EXPANDED_FlattenFull/amplcpld prop_name=TYPE prop_terse=XDM_PROPERTY_STRING "TYPE" "amplcpld"

CS: block property: block_name=/amplcpld/EXPANDED_FlattenFull/amplcpld/drive_C0B0MC9_or000014 prop_name=TYPE prop_terse=XDM_PROPERTY_STRING "TYPE" "OR2"

CS: block property: block_name=/amplcpld/EXPANDED_FlattenFull/amplcpld prop_name=TYPE prop_terse=XDM_PROPERTY_STRING "TYPE" "amplcpld"

CS: block property: block_name=/amplcpld/EXPANDED_FlattenFull/amplcpld/drive_C0B0MC8_or0000111 prop_name=TYPE prop_terse=XDM_PROPERTY_STRING "TYPE" "OR4"

CS: block property: block_name=/amplcpld/EXPANDED_FlattenFull/amplcpld prop_name=TYPE prop_terse=XDM_PROPERTY_STRING "TYPE" "amplcpld"

CS: block property: block_name=/amplcpld/EXPANDED_FlattenFull/amplcpld/drive_C0B0MC8_or0000101 prop_name=TYPE prop_terse=XDM_PROPERTY_STRING "TYPE" "OR2"

CS: block property: block_name=/amplcpld/EXPANDED_FlattenFull/amplcpld prop_name=TYPE prop_terse=XDM_PROPERTY_STRING "TYPE" "amplcpld"

CS: block property: block_name=/amplcpld/EXPANDED_FlattenFull/amplcpld/drive_C0B0MC8_or0000102 prop_name=TYPE prop_terse=XDM_PROPERTY_STRING "TYPE" "INV"

CS: block property: block_name=/amplcpld/EXPANDED_FlattenFull/amplcpld prop_name=TYPE prop_terse=XDM_PROPERTY_STRING "TYPE" "amplcpld"

CS: block property: block_name=/amplcpld/EXPANDED_FlattenFull/amplcpld/drive_C0B0MC8_or0000103 prop_name=TYPE prop_terse=XDM_PROPERTY_STRING "TYPE" "INV"

CS: block property: block_name=/amplcpld/EXPANDED_FlattenFull/amplcpld prop_name=TYPE prop_terse=XDM_PROPERTY_STRING "TYPE" "amplcpld"

CS: block property: block_name=/amplcpld/EXPANDED_FlattenFull/amplcpld/drive_C0B0MC8_or0000104 prop_name=TYPE prop_terse=XDM_PROPERTY_STRING "TYPE" "OR2"

CS: block property: block_name=/amplcpld/EXPANDED_FlattenFull/amplcpld prop_name=TYPE prop_terse=XDM_PROPERTY_STRING "TYPE" "amplcpld"

CS: block property: block_name=/amplcpld/EXPANDED_FlattenFull/amplcpld/drive_C0B0MC8_or0000105 prop_name=TYPE prop_terse=XDM_PROPERTY_STRING "TYPE" "OR2"

CS: block property: block_name=/amplcpld/EXPANDED_FlattenFull/amplcpld prop_name=TYPE prop_terse=XDM_PROPERTY_STRING "TYPE" "amplcpld"

CS: block property: block_name=/amplcpld/EXPANDED_FlattenFull/amplcpld/drive_C0B0MC8_or000091 prop_name=TYPE prop_terse=XDM_PROPERTY_STRING "TYPE" "INV"

CS: block property: block_name=/amplcpld/EXPANDED_FlattenFull/amplcpld prop_name=TYPE prop_terse=XDM_PROPERTY_STRING "TYPE" "amplcpld"

CS: block property: block_name=/amplcpld/EXPANDED_FlattenFull/amplcpld/drive_C0B0MC8_or000092 prop_name=TYPE prop_terse=XDM_PROPERTY_STRING "TYPE" "INV"

CS: block property: block_name=/amplcpld/EXPANDED_FlattenFull/amplcpld prop_name=TYPE prop_terse=XDM_PROPERTY_STRING "TYPE" "amplcpld"

CS: block property: block_name=/amplcpld/EXPANDED_FlattenFull/amplcpld/drive_C0B0MC8_or000093 prop_name=TYPE prop_terse=XDM_PROPERTY_STRING "TYPE" "INV"

CS: block property: block_name=/amplcpld/EXPANDED_FlattenFull/amplcpld prop_name=TYPE prop_terse=XDM_PROPERTY_STRING "TYPE" "amplcpld"

CS: block property: block_name=/amplcpld/EXPANDED_FlattenFull/amplcpld/drive_C0B0MC8_or000094 prop_name=TYPE prop_terse=XDM_PROPERTY_STRING "TYPE" "OR4"

CS: block property: block_name=/amplcpld/EXPANDED_FlattenFull/amplcpld prop_name=TYPE prop_terse=XDM_PROPERTY_STRING "TYPE" "amplcpld"

CS: block property: block_name=/amplcpld/EXPANDED_FlattenFull/amplcpld/drive_C0B0MC8_or000081 prop_name=TYPE prop_terse=XDM_PROPERTY_STRING "TYPE" "INV"

CS: block property: block_name=/amplcpld/EXPANDED_FlattenFull/amplcpld prop_name=TYPE prop_terse=XDM_PROPERTY_STRING "TYPE" "amplcpld"

CS: block property: block_name=/amplcpld/EXPANDED_FlattenFull/amplcpld/drive_C0B0MC8_or000082 prop_name=TYPE prop_terse=XDM_PROPERTY_STRING "TYPE" "INV"

CS: block property: block_name=/amplcpld/EXPANDED_FlattenFull/amplcpld prop_name=TYPE prop_terse=XDM_PROPERTY_STRING "TYPE" "amplcpld"

CS: block property: block_name=/amplcpld/EXPANDED_FlattenFull/amplcpld/drive_C0B0MC8_or000083 prop_name=TYPE prop_terse=XDM_PROPERTY_STRING "TYPE" "INV"

CS: block property: block_name=/amplcpld/EXPANDED_FlattenFull/amplcpld prop_name=TYPE prop_terse=XDM_PROPERTY_STRING "TYPE" "amplcpld"

CS: block property: block_name=/amplcpld/EXPANDED_FlattenFull/amplcpld/drive_C0B0MC8_or000084 prop_name=TYPE prop_terse=XDM_PROPERTY_STRING "TYPE" "OR4"

CS: block property: block_name=/amplcpld/EXPANDED_FlattenFull/amplcpld prop_name=TYPE prop_terse=XDM_PROPERTY_STRING "TYPE" "amplcpld"

CS: block property: block_name=/amplcpld/EXPANDED_FlattenFull/amplcpld/drive_C0B0MC8_or000071 prop_name=TYPE prop_terse=XDM_PROPERTY_STRING "TYPE" "AND2"

CS: block property: block_name=/amplcpld/EXPANDED_FlattenFull/amplcpld prop_name=TYPE prop_terse=XDM_PROPERTY_STRING "TYPE" "amplcpld"

CS: block property: block_name=/amplcpld/EXPANDED_FlattenFull/amplcpld/drive_C0B0MC8_or000072 prop_name=TYPE prop_terse=XDM_PROPERTY_STRING "TYPE" "INV"

CS: block property: block_name=/amplcpld/EXPANDED_FlattenFull/amplcpld prop_name=TYPE prop_terse=XDM_PROPERTY_STRING "TYPE" "amplcpld"

CS: block property: block_name=/amplcpld/EXPANDED_FlattenFull/amplcpld/drive_C0B0MC8_or000073 prop_name=TYPE prop_terse=XDM_PROPERTY_STRING "TYPE" "AND2"

CS: block property: block_name=/amplcpld/EXPANDED_FlattenFull/amplcpld prop_name=TYPE prop_terse=XDM_PROPERTY_STRING "TYPE" "amplcpld"

CS: block property: block_name=/amplcpld/EXPANDED_FlattenFull/amplcpld/drive_C0B0MC8_or000074 prop_name=TYPE prop_terse=XDM_PROPERTY_STRING "TYPE" "AND2"

CS: block property: block_name=/amplcpld/EXPANDED_FlattenFull/amplcpld prop_name=TYPE prop_terse=XDM_PROPERTY_STRING "TYPE" "amplcpld"

CS: block property: block_name=/amplcpld/EXPANDED_FlattenFull/amplcpld/drive_C0B0MC8_or000061 prop_name=TYPE prop_terse=XDM_PROPERTY_STRING "TYPE" "OR2"

CS: block property: block_name=/amplcpld/EXPANDED_FlattenFull/amplcpld prop_name=TYPE prop_terse=XDM_PROPERTY_STRING "TYPE" "amplcpld"

CS: block property: block_name=/amplcpld/EXPANDED_FlattenFull/amplcpld/drive_C0B0MC8_or000062 prop_name=TYPE prop_terse=XDM_PROPERTY_STRING "TYPE" "INV"

CS: block property: block_name=/amplcpld/EXPANDED_FlattenFull/amplcpld prop_name=TYPE prop_terse=XDM_PROPERTY_STRING "TYPE" "amplcpld"

CS: block property: block_name=/amplcpld/EXPANDED_FlattenFull/amplcpld/drive_C0B0MC8_or000063 prop_name=TYPE prop_terse=XDM_PROPERTY_STRING "TYPE" "OR2"

CS: block property: block_name=/amplcpld/EXPANDED_FlattenFull/amplcpld prop_name=TYPE prop_terse=XDM_PROPERTY_STRING "TYPE" "amplcpld"

CS: block property: block_name=/amplcpld/EXPANDED_FlattenFull/amplcpld/drive_C0B0MC8_or000064 prop_name=TYPE prop_terse=XDM_PROPERTY_STRING "TYPE" "OR2"

CS: block property: block_name=/amplcpld/EXPANDED_FlattenFull/amplcpld prop_name=TYPE prop_terse=XDM_PROPERTY_STRING "TYPE" "amplcpld"

CS: block property: block_name=/amplcpld/EXPANDED_FlattenFull/amplcpld/drive_C0B0MC8_or000051 prop_name=TYPE prop_terse=XDM_PROPERTY_STRING "TYPE" "AND2"

CS: block property: block_name=/amplcpld/EXPANDED_FlattenFull/amplcpld prop_name=TYPE prop_terse=XDM_PROPERTY_STRING "TYPE" "amplcpld"

CS: block property: block_name=/amplcpld/EXPANDED_FlattenFull/amplcpld/drive_C0B0MC8_or000052 prop_name=TYPE prop_terse=XDM_PROPERTY_STRING "TYPE" "OR2"

CS: block property: block_name=/amplcpld/EXPANDED_FlattenFull/amplcpld prop_name=TYPE prop_terse=XDM_PROPERTY_STRING "TYPE" "amplcpld"

CS: block property: block_name=/amplcpld/EXPANDED_FlattenFull/amplcpld/drive_C0B0MC8_or000053 prop_name=TYPE prop_terse=XDM_PROPERTY_STRING "TYPE" "AND2"

CS: block property: block_name=/amplcpld/EXPANDED_FlattenFull/amplcpld prop_name=TYPE prop_terse=XDM_PROPERTY_STRING "TYPE" "amplcpld"

CS: block property: block_name=/amplcpld/EXPANDED_FlattenFull/amplcpld/drive_C0B0MC8_or000041 prop_name=TYPE prop_terse=XDM_PROPERTY_STRING "TYPE" "AND4"

CS: block property: block_name=/amplcpld/EXPANDED_FlattenFull/amplcpld prop_name=TYPE prop_terse=XDM_PROPERTY_STRING "TYPE" "amplcpld"

CS: block property: block_name=/amplcpld/EXPANDED_FlattenFull/amplcpld/drive_C0B0MC8_or000031 prop_name=TYPE prop_terse=XDM_PROPERTY_STRING "TYPE" "AND4"

CS: block property: block_name=/amplcpld/EXPANDED_FlattenFull/amplcpld prop_name=TYPE prop_terse=XDM_PROPERTY_STRING "TYPE" "amplcpld"

CS: block property: block_name=/amplcpld/EXPANDED_FlattenFull/amplcpld/drive_C0B0MC8_or000011 prop_name=TYPE prop_terse=XDM_PROPERTY_STRING "TYPE" "INV"

CS: block property: block_name=/amplcpld/EXPANDED_FlattenFull/amplcpld prop_name=TYPE prop_terse=XDM_PROPERTY_STRING "TYPE" "amplcpld"

CS: block property: block_name=/amplcpld/EXPANDED_FlattenFull/amplcpld/drive_C0B0MC8_or000012 prop_name=TYPE prop_terse=XDM_PROPERTY_STRING "TYPE" "INV"

CS: block property: block_name=/amplcpld/EXPANDED_FlattenFull/amplcpld prop_name=TYPE prop_terse=XDM_PROPERTY_STRING "TYPE" "amplcpld"

CS: block property: block_name=/amplcpld/EXPANDED_FlattenFull/amplcpld/drive_C0B0MC8_or000013 prop_name=TYPE prop_terse=XDM_PROPERTY_STRING "TYPE" "INV"

CS: block property: block_name=/amplcpld/EXPANDED_FlattenFull/amplcpld prop_name=TYPE prop_terse=XDM_PROPERTY_STRING "TYPE" "amplcpld"

CS: block property: block_name=/amplcpld/EXPANDED_FlattenFull/amplcpld/drive_C0B0MC8_or000014 prop_name=TYPE prop_terse=XDM_PROPERTY_STRING "TYPE" "INV"

CS: block property: block_name=/amplcpld/EXPANDED_FlattenFull/amplcpld prop_name=TYPE prop_terse=XDM_PROPERTY_STRING "TYPE" "amplcpld"

CS: block property: block_name=/amplcpld/EXPANDED_FlattenFull/amplcpld/drive_C0B0MC8_or000015 prop_name=TYPE prop_terse=XDM_PROPERTY_STRING "TYPE" "OR4"

CS: block property: block_name=/amplcpld/EXPANDED_FlattenFull/amplcpld prop_name=TYPE prop_terse=XDM_PROPERTY_STRING "TYPE" "amplcpld"

CS: block property: block_name=/amplcpld/EXPANDED_FlattenFull/amplcpld/drive_C0B0MC8_or000016 prop_name=TYPE prop_terse=XDM_PROPERTY_STRING "TYPE" "AND2"

CS: block property: block_name=/amplcpld/EXPANDED_FlattenFull/amplcpld prop_name=TYPE prop_terse=XDM_PROPERTY_STRING "TYPE" "amplcpld"

CS: block property: block_name=/amplcpld/EXPANDED_FlattenFull/amplcpld/drive_C0B0MC8_or000017 prop_name=TYPE prop_terse=XDM_PROPERTY_STRING "TYPE" "AND2"

CS: block property: block_name=/amplcpld/EXPANDED_FlattenFull/amplcpld prop_name=TYPE prop_terse=XDM_PROPERTY_STRING "TYPE" "amplcpld"

CS: block property: block_name=/amplcpld/EXPANDED_FlattenFull/amplcpld/drive_C0B0MC8_or000018 prop_name=TYPE prop_terse=XDM_PROPERTY_STRING "TYPE" "OR2"

CS: block property: block_name=/amplcpld/EXPANDED_FlattenFull/amplcpld prop_name=TYPE prop_terse=XDM_PROPERTY_STRING "TYPE" "amplcpld"

CS: block property: block_name=/amplcpld/EXPANDED_FlattenFull/amplcpld/EV_IBUF prop_name=TYPE prop_terse=XDM_PROPERTY_STRING "TYPE" "IBUF"

CS: block property: block_name=/amplcpld/EXPANDED_FlattenFull/amplcpld/EV_IBUF prop_name=IOCOMP prop_terse=XDM_PROPERTY_BOOL "IOCOMP"

CS: block property: block_name=/amplcpld/EXPANDED_FlattenFull/amplcpld prop_name=TYPE prop_terse=XDM_PROPERTY_STRING "TYPE" "amplcpld"

CS: block property: block_name=/amplcpld/EXPANDED_FlattenFull/amplcpld/ENA_IBUF prop_name=TYPE prop_terse=XDM_PROPERTY_STRING "TYPE" "IBUF"

CS: block property: block_name=/amplcpld/EXPANDED_FlattenFull/amplcpld/ENA_IBUF prop_name=IOCOMP prop_terse=XDM_PROPERTY_BOOL "IOCOMP"

CS: block property: block_name=/amplcpld/EXPANDED_FlattenFull/amplcpld prop_name=TYPE prop_terse=XDM_PROPERTY_STRING "TYPE" "amplcpld"

CS: block property: block_name=/amplcpld/EXPANDED_FlattenFull/amplcpld/STR_IBUF prop_name=TYPE prop_terse=XDM_PROPERTY_STRING "TYPE" "IBUF"

CS: block property: block_name=/amplcpld/EXPANDED_FlattenFull/amplcpld/STR_IBUF prop_name=IOCOMP prop_terse=XDM_PROPERTY_BOOL "IOCOMP"

CS: block property: block_name=/amplcpld/EXPANDED_FlattenFull/amplcpld prop_name=TYPE prop_terse=XDM_PROPERTY_STRING "TYPE" "amplcpld"

CS: block property: block_name=/amplcpld/EXPANDED_FlattenFull/amplcpld/CLK80_IBUF prop_name=TYPE prop_terse=XDM_PROPERTY_STRING "TYPE" "IBUF"

CS: block property: block_name=/amplcpld/EXPANDED_FlattenFull/amplcpld/CLK80_IBUF prop_name=IOCOMP prop_terse=XDM_PROPERTY_BOOL "IOCOMP"

CS: block property: block_name=/amplcpld/EXPANDED_FlattenFull/amplcpld prop_name=TYPE prop_terse=XDM_PROPERTY_STRING "TYPE" "amplcpld"

CS: block property: block_name=/amplcpld/EXPANDED_FlattenFull/amplcpld/ADC0_11_IBUF prop_name=TYPE prop_terse=XDM_PROPERTY_STRING "TYPE" "IBUF"

CS: block property: block_name=/amplcpld/EXPANDED_FlattenFull/amplcpld/ADC0_11_IBUF prop_name=IOCOMP prop_terse=XDM_PROPERTY_BOOL "IOCOMP"

CS: block property: block_name=/amplcpld/EXPANDED_FlattenFull/amplcpld prop_name=TYPE prop_terse=XDM_PROPERTY_STRING "TYPE" "amplcpld"

CS: block property: block_name=/amplcpld/EXPANDED_FlattenFull/amplcpld/ADC0_10_IBUF prop_name=TYPE prop_terse=XDM_PROPERTY_STRING "TYPE" "IBUF"

CS: block property: block_name=/amplcpld/EXPANDED_FlattenFull/amplcpld/ADC0_10_IBUF prop_name=IOCOMP prop_terse=XDM_PROPERTY_BOOL "IOCOMP"

CS: block property: block_name=/amplcpld/EXPANDED_FlattenFull/amplcpld prop_name=TYPE prop_terse=XDM_PROPERTY_STRING "TYPE" "amplcpld"

CS: block property: block_name=/amplcpld/EXPANDED_FlattenFull/amplcpld/ADC0_9_IBUF prop_name=TYPE prop_terse=XDM_PROPERTY_STRING "TYPE" "IBUF"

CS: block property: block_name=/amplcpld/EXPANDED_FlattenFull/amplcpld/ADC0_9_IBUF prop_name=IOCOMP prop_terse=XDM_PROPERTY_BOOL "IOCOMP"

CS: block property: block_name=/amplcpld/EXPANDED_FlattenFull/amplcpld prop_name=TYPE prop_terse=XDM_PROPERTY_STRING "TYPE" "amplcpld"

CS: block property: block_name=/amplcpld/EXPANDED_FlattenFull/amplcpld/ADC0_8_IBUF prop_name=TYPE prop_terse=XDM_PROPERTY_STRING "TYPE" "IBUF"

CS: block property: block_name=/amplcpld/EXPANDED_FlattenFull/amplcpld/ADC0_8_IBUF prop_name=IOCOMP prop_terse=XDM_PROPERTY_BOOL "IOCOMP"

CS: block property: block_name=/amplcpld/EXPANDED_FlattenFull/amplcpld prop_name=TYPE prop_terse=XDM_PROPERTY_STRING "TYPE" "amplcpld"

CS: block property: block_name=/amplcpld/EXPANDED_FlattenFull/amplcpld/ADC0_7_IBUF prop_name=TYPE prop_terse=XDM_PROPERTY_STRING "TYPE" "IBUF"

CS: block property: block_name=/amplcpld/EXPANDED_FlattenFull/amplcpld/ADC0_7_IBUF prop_name=IOCOMP prop_terse=XDM_PROPERTY_BOOL "IOCOMP"

CS: block property: block_name=/amplcpld/EXPANDED_FlattenFull/amplcpld prop_name=TYPE prop_terse=XDM_PROPERTY_STRING "TYPE" "amplcpld"

CS: block property: block_name=/amplcpld/EXPANDED_FlattenFull/amplcpld/ADC0_6_IBUF prop_name=TYPE prop_terse=XDM_PROPERTY_STRING "TYPE" "IBUF"

CS: block property: block_name=/amplcpld/EXPANDED_FlattenFull/amplcpld/ADC0_6_IBUF prop_name=IOCOMP prop_terse=XDM_PROPERTY_BOOL "IOCOMP"

CS: block property: block_name=/amplcpld/EXPANDED_FlattenFull/amplcpld prop_name=TYPE prop_terse=XDM_PROPERTY_STRING "TYPE" "amplcpld"

CS: block property: block_name=/amplcpld/EXPANDED_FlattenFull/amplcpld/ADC0_5_IBUF prop_name=TYPE prop_terse=XDM_PROPERTY_STRING "TYPE" "IBUF"

CS: block property: block_name=/amplcpld/EXPANDED_FlattenFull/amplcpld/ADC0_5_IBUF prop_name=IOCOMP prop_terse=XDM_PROPERTY_BOOL "IOCOMP"

CS: block property: block_name=/amplcpld/EXPANDED_FlattenFull/amplcpld prop_name=TYPE prop_terse=XDM_PROPERTY_STRING "TYPE" "amplcpld"

CS: block property: block_name=/amplcpld/EXPANDED_FlattenFull/amplcpld/ADC0_4_IBUF prop_name=TYPE prop_terse=XDM_PROPERTY_STRING "TYPE" "IBUF"

CS: block property: block_name=/amplcpld/EXPANDED_FlattenFull/amplcpld/ADC0_4_IBUF prop_name=IOCOMP prop_terse=XDM_PROPERTY_BOOL "IOCOMP"

CS: block property: block_name=/amplcpld/EXPANDED_FlattenFull/amplcpld prop_name=TYPE prop_terse=XDM_PROPERTY_STRING "TYPE" "amplcpld"

CS: block property: block_name=/amplcpld/EXPANDED_FlattenFull/amplcpld/ADC0_3_IBUF prop_name=TYPE prop_terse=XDM_PROPERTY_STRING "TYPE" "IBUF"

CS: block property: block_name=/amplcpld/EXPANDED_FlattenFull/amplcpld/ADC0_3_IBUF prop_name=IOCOMP prop_terse=XDM_PROPERTY_BOOL "IOCOMP"

CS: block property: block_name=/amplcpld/EXPANDED_FlattenFull/amplcpld prop_name=TYPE prop_terse=XDM_PROPERTY_STRING "TYPE" "amplcpld"

CS: block property: block_name=/amplcpld/EXPANDED_FlattenFull/amplcpld/ADC0_2_IBUF prop_name=TYPE prop_terse=XDM_PROPERTY_STRING "TYPE" "IBUF"

CS: block property: block_name=/amplcpld/EXPANDED_FlattenFull/amplcpld/ADC0_2_IBUF prop_name=IOCOMP prop_terse=XDM_PROPERTY_BOOL "IOCOMP"

CS: block property: block_name=/amplcpld/EXPANDED_FlattenFull/amplcpld prop_name=TYPE prop_terse=XDM_PROPERTY_STRING "TYPE" "amplcpld"

CS: block property: block_name=/amplcpld/EXPANDED_FlattenFull/amplcpld/ADC0_1_IBUF prop_name=TYPE prop_terse=XDM_PROPERTY_STRING "TYPE" "IBUF"

CS: block property: block_name=/amplcpld/EXPANDED_FlattenFull/amplcpld/ADC0_1_IBUF prop_name=IOCOMP prop_terse=XDM_PROPERTY_BOOL "IOCOMP"

CS: block property: block_name=/amplcpld/EXPANDED_FlattenFull/amplcpld prop_name=TYPE prop_terse=XDM_PROPERTY_STRING "TYPE" "amplcpld"

CS: block property: block_name=/amplcpld/EXPANDED_FlattenFull/amplcpld/ADC0_0_IBUF prop_name=TYPE prop_terse=XDM_PROPERTY_STRING "TYPE" "IBUF"

CS: block property: block_name=/amplcpld/EXPANDED_FlattenFull/amplcpld/ADC0_0_IBUF prop_name=IOCOMP prop_terse=XDM_PROPERTY_BOOL "IOCOMP"

CS: block property: block_name=/amplcpld/EXPANDED_FlattenFull/amplcpld prop_name=TYPE prop_terse=XDM_PROPERTY_STRING "TYPE" "amplcpld"

CS: block property: block_name=/amplcpld/EXPANDED_FlattenFull/amplcpld/ADC1_11_IBUF prop_name=TYPE prop_terse=XDM_PROPERTY_STRING "TYPE" "IBUF"

CS: block property: block_name=/amplcpld/EXPANDED_FlattenFull/amplcpld/ADC1_11_IBUF prop_name=IOCOMP prop_terse=XDM_PROPERTY_BOOL "IOCOMP"

CS: block property: block_name=/amplcpld/EXPANDED_FlattenFull/amplcpld prop_name=TYPE prop_terse=XDM_PROPERTY_STRING "TYPE" "amplcpld"

CS: block property: block_name=/amplcpld/EXPANDED_FlattenFull/amplcpld/ADC1_10_IBUF prop_name=TYPE prop_terse=XDM_PROPERTY_STRING "TYPE" "IBUF"

CS: block property: block_name=/amplcpld/EXPANDED_FlattenFull/amplcpld/ADC1_10_IBUF prop_name=IOCOMP prop_terse=XDM_PROPERTY_BOOL "IOCOMP"

CS: block property: block_name=/amplcpld/EXPANDED_FlattenFull/amplcpld prop_name=TYPE prop_terse=XDM_PROPERTY_STRING "TYPE" "amplcpld"

CS: block property: block_name=/amplcpld/EXPANDED_FlattenFull/amplcpld/ADC1_9_IBUF prop_name=TYPE prop_terse=XDM_PROPERTY_STRING "TYPE" "IBUF"

CS: block property: block_name=/amplcpld/EXPANDED_FlattenFull/amplcpld/ADC1_9_IBUF prop_name=IOCOMP prop_terse=XDM_PROPERTY_BOOL "IOCOMP"

CS: block property: block_name=/amplcpld/EXPANDED_FlattenFull/amplcpld prop_name=TYPE prop_terse=XDM_PROPERTY_STRING "TYPE" "amplcpld"

CS: block property: block_name=/amplcpld/EXPANDED_FlattenFull/amplcpld/ADC1_8_IBUF prop_name=TYPE prop_terse=XDM_PROPERTY_STRING "TYPE" "IBUF"

CS: block property: block_name=/amplcpld/EXPANDED_FlattenFull/amplcpld/ADC1_8_IBUF prop_name=IOCOMP prop_terse=XDM_PROPERTY_BOOL "IOCOMP"

CS: block property: block_name=/amplcpld/EXPANDED_FlattenFull/amplcpld prop_name=TYPE prop_terse=XDM_PROPERTY_STRING "TYPE" "amplcpld"

CS: block property: block_name=/amplcpld/EXPANDED_FlattenFull/amplcpld/ADC1_7_IBUF prop_name=TYPE prop_terse=XDM_PROPERTY_STRING "TYPE" "IBUF"

CS: block property: block_name=/amplcpld/EXPANDED_FlattenFull/amplcpld/ADC1_7_IBUF prop_name=IOCOMP prop_terse=XDM_PROPERTY_BOOL "IOCOMP"

CS: block property: block_name=/amplcpld/EXPANDED_FlattenFull/amplcpld prop_name=TYPE prop_terse=XDM_PROPERTY_STRING "TYPE" "amplcpld"

CS: block property: block_name=/amplcpld/EXPANDED_FlattenFull/amplcpld/ADC1_6_IBUF prop_name=TYPE prop_terse=XDM_PROPERTY_STRING "TYPE" "IBUF"

CS: block property: block_name=/amplcpld/EXPANDED_FlattenFull/amplcpld/ADC1_6_IBUF prop_name=IOCOMP prop_terse=XDM_PROPERTY_BOOL "IOCOMP"

CS: block property: block_name=/amplcpld/EXPANDED_FlattenFull/amplcpld prop_name=TYPE prop_terse=XDM_PROPERTY_STRING "TYPE" "amplcpld"

CS: block property: block_name=/amplcpld/EXPANDED_FlattenFull/amplcpld/ADC1_5_IBUF prop_name=TYPE prop_terse=XDM_PROPERTY_STRING "TYPE" "IBUF"

CS: block property: block_name=/amplcpld/EXPANDED_FlattenFull/amplcpld/ADC1_5_IBUF prop_name=IOCOMP prop_terse=XDM_PROPERTY_BOOL "IOCOMP"

CS: block property: block_name=/amplcpld/EXPANDED_FlattenFull/amplcpld prop_name=TYPE prop_terse=XDM_PROPERTY_STRING "TYPE" "amplcpld"

CS: block property: block_name=/amplcpld/EXPANDED_FlattenFull/amplcpld/ADC1_4_IBUF prop_name=TYPE prop_terse=XDM_PROPERTY_STRING "TYPE" "IBUF"

CS: block property: block_name=/amplcpld/EXPANDED_FlattenFull/amplcpld/ADC1_4_IBUF prop_name=IOCOMP prop_terse=XDM_PROPERTY_BOOL "IOCOMP"

CS: block property: block_name=/amplcpld/EXPANDED_FlattenFull/amplcpld prop_name=TYPE prop_terse=XDM_PROPERTY_STRING "TYPE" "amplcpld"

CS: block property: block_name=/amplcpld/EXPANDED_FlattenFull/amplcpld/ADC1_3_IBUF prop_name=TYPE prop_terse=XDM_PROPERTY_STRING "TYPE" "IBUF"

CS: block property: block_name=/amplcpld/EXPANDED_FlattenFull/amplcpld/ADC1_3_IBUF prop_name=IOCOMP prop_terse=XDM_PROPERTY_BOOL "IOCOMP"

CS: block property: block_name=/amplcpld/EXPANDED_FlattenFull/amplcpld prop_name=TYPE prop_terse=XDM_PROPERTY_STRING "TYPE" "amplcpld"

CS: block property: block_name=/amplcpld/EXPANDED_FlattenFull/amplcpld/ADC1_2_IBUF prop_name=TYPE prop_terse=XDM_PROPERTY_STRING "TYPE" "IBUF"

CS: block property: block_name=/amplcpld/EXPANDED_FlattenFull/amplcpld/ADC1_2_IBUF prop_name=IOCOMP prop_terse=XDM_PROPERTY_BOOL "IOCOMP"

CS: block property: block_name=/amplcpld/EXPANDED_FlattenFull/amplcpld prop_name=TYPE prop_terse=XDM_PROPERTY_STRING "TYPE" "amplcpld"

CS: block property: block_name=/amplcpld/EXPANDED_FlattenFull/amplcpld/ADC1_1_IBUF prop_name=TYPE prop_terse=XDM_PROPERTY_STRING "TYPE" "IBUF"

CS: block property: block_name=/amplcpld/EXPANDED_FlattenFull/amplcpld/ADC1_1_IBUF prop_name=IOCOMP prop_terse=XDM_PROPERTY_BOOL "IOCOMP"

CS: block property: block_name=/amplcpld/EXPANDED_FlattenFull/amplcpld prop_name=TYPE prop_terse=XDM_PROPERTY_STRING "TYPE" "amplcpld"

CS: block property: block_name=/amplcpld/EXPANDED_FlattenFull/amplcpld/ADC1_0_IBUF prop_name=TYPE prop_terse=XDM_PROPERTY_STRING "TYPE" "IBUF"

CS: block property: block_name=/amplcpld/EXPANDED_FlattenFull/amplcpld/ADC1_0_IBUF prop_name=IOCOMP prop_terse=XDM_PROPERTY_BOOL "IOCOMP"

CS: block property: block_name=/amplcpld/EXPANDED_FlattenFull/amplcpld prop_name=TYPE prop_terse=XDM_PROPERTY_STRING "TYPE" "amplcpld"

CS: block property: block_name=/amplcpld/EXPANDED_FlattenFull/amplcpld/EV_out_OBUF prop_name=TYPE prop_terse=XDM_PROPERTY_STRING "TYPE" "OBUF"

CS: block property: block_name=/amplcpld/EXPANDED_FlattenFull/amplcpld/EV_out_OBUF prop_name=IOCOMP prop_terse=XDM_PROPERTY_BOOL "IOCOMP"

CS: block property: block_name=/amplcpld/EXPANDED_FlattenFull/amplcpld prop_name=TYPE prop_terse=XDM_PROPERTY_STRING "TYPE" "amplcpld"

CS: block property: block_name=/amplcpld/EXPANDED_FlattenFull/amplcpld/CLK20_N_OBUF prop_name=TYPE prop_terse=XDM_PROPERTY_STRING "TYPE" "OBUF"

CS: block property: block_name=/amplcpld/EXPANDED_FlattenFull/amplcpld/CLK20_N_OBUF prop_name=IOCOMP prop_terse=XDM_PROPERTY_BOOL "IOCOMP"

CS: block property: block_name=/amplcpld/EXPANDED_FlattenFull/amplcpld prop_name=TYPE prop_terse=XDM_PROPERTY_STRING "TYPE" "amplcpld"

CS: block property: block_name=/amplcpld/EXPANDED_FlattenFull/amplcpld/CLK20_P_OBUF prop_name=TYPE prop_terse=XDM_PROPERTY_STRING "TYPE" "OBUF"

CS: block property: block_name=/amplcpld/EXPANDED_FlattenFull/amplcpld/CLK20_P_OBUF prop_name=IOCOMP prop_terse=XDM_PROPERTY_BOOL "IOCOMP"

CS: block property: block_name=/amplcpld/EXPANDED_FlattenFull/amplcpld prop_name=TYPE prop_terse=XDM_PROPERTY_STRING "TYPE" "amplcpld"

CS: block property: block_name=/amplcpld/EXPANDED_FlattenFull/amplcpld/DV_OBUF prop_name=TYPE prop_terse=XDM_PROPERTY_STRING "TYPE" "OBUF"

CS: block property: block_name=/amplcpld/EXPANDED_FlattenFull/amplcpld/DV_OBUF prop_name=IOCOMP prop_terse=XDM_PROPERTY_BOOL "IOCOMP"

CS: block property: block_name=/amplcpld/EXPANDED_FlattenFull/amplcpld prop_name=TYPE prop_terse=XDM_PROPERTY_STRING "TYPE" "amplcpld"

CS: block property: block_name=/amplcpld/EXPANDED_FlattenFull/amplcpld/CLK40_OBUF prop_name=TYPE prop_terse=XDM_PROPERTY_STRING "TYPE" "OBUF"

CS: block property: block_name=/amplcpld/EXPANDED_FlattenFull/amplcpld/CLK40_OBUF prop_name=IOCOMP prop_terse=XDM_PROPERTY_BOOL "IOCOMP"

CS: block property: block_name=/amplcpld/EXPANDED_FlattenFull/amplcpld prop_name=TYPE prop_terse=XDM_PROPERTY_STRING "TYPE" "amplcpld"

CS: block property: block_name=/amplcpld/EXPANDED_FlattenFull/amplcpld/DOUT_12_OBUF prop_name=TYPE prop_terse=XDM_PROPERTY_STRING "TYPE" "OBUF"

CS: block property: block_name=/amplcpld/EXPANDED_FlattenFull/amplcpld/DOUT_12_OBUF prop_name=IOCOMP prop_terse=XDM_PROPERTY_BOOL "IOCOMP"

CS: block property: block_name=/amplcpld/EXPANDED_FlattenFull/amplcpld prop_name=TYPE prop_terse=XDM_PROPERTY_STRING "TYPE" "amplcpld"

CS: block property: block_name=/amplcpld/EXPANDED_FlattenFull/amplcpld/DOUT_11_OBUF prop_name=TYPE prop_terse=XDM_PROPERTY_STRING "TYPE" "OBUF"

CS: block property: block_name=/amplcpld/EXPANDED_FlattenFull/amplcpld/DOUT_11_OBUF prop_name=IOCOMP prop_terse=XDM_PROPERTY_BOOL "IOCOMP"

CS: block property: block_name=/amplcpld/EXPANDED_FlattenFull/amplcpld prop_name=TYPE prop_terse=XDM_PROPERTY_STRING "TYPE" "amplcpld"

CS: block property: block_name=/amplcpld/EXPANDED_FlattenFull/amplcpld/DOUT_10_OBUF prop_name=TYPE prop_terse=XDM_PROPERTY_STRING "TYPE" "OBUF"

CS: block property: block_name=/amplcpld/EXPANDED_FlattenFull/amplcpld/DOUT_10_OBUF prop_name=IOCOMP prop_terse=XDM_PROPERTY_BOOL "IOCOMP"

CS: block property: block_name=/amplcpld/EXPANDED_FlattenFull/amplcpld prop_name=TYPE prop_terse=XDM_PROPERTY_STRING "TYPE" "amplcpld"

CS: block property: block_name=/amplcpld/EXPANDED_FlattenFull/amplcpld/DOUT_9_OBUF prop_name=TYPE prop_terse=XDM_PROPERTY_STRING "TYPE" "OBUF"

CS: block property: block_name=/amplcpld/EXPANDED_FlattenFull/amplcpld/DOUT_9_OBUF prop_name=IOCOMP prop_terse=XDM_PROPERTY_BOOL "IOCOMP"

CS: block property: block_name=/amplcpld/EXPANDED_FlattenFull/amplcpld prop_name=TYPE prop_terse=XDM_PROPERTY_STRING "TYPE" "amplcpld"

CS: block property: block_name=/amplcpld/EXPANDED_FlattenFull/amplcpld/DOUT_8_OBUF prop_name=TYPE prop_terse=XDM_PROPERTY_STRING "TYPE" "OBUF"

CS: block property: block_name=/amplcpld/EXPANDED_FlattenFull/amplcpld/DOUT_8_OBUF prop_name=IOCOMP prop_terse=XDM_PROPERTY_BOOL "IOCOMP"

CS: block property: block_name=/amplcpld/EXPANDED_FlattenFull/amplcpld prop_name=TYPE prop_terse=XDM_PROPERTY_STRING "TYPE" "amplcpld"

CS: block property: block_name=/amplcpld/EXPANDED_FlattenFull/amplcpld/DOUT_7_OBUF prop_name=TYPE prop_terse=XDM_PROPERTY_STRING "TYPE" "OBUF"

CS: block property: block_name=/amplcpld/EXPANDED_FlattenFull/amplcpld/DOUT_7_OBUF prop_name=IOCOMP prop_terse=XDM_PROPERTY_BOOL "IOCOMP"

CS: block property: block_name=/amplcpld/EXPANDED_FlattenFull/amplcpld prop_name=TYPE prop_terse=XDM_PROPERTY_STRING "TYPE" "amplcpld"

CS: block property: block_name=/amplcpld/EXPANDED_FlattenFull/amplcpld/DOUT_6_OBUF prop_name=TYPE prop_terse=XDM_PROPERTY_STRING "TYPE" "OBUF"

CS: block property: block_name=/amplcpld/EXPANDED_FlattenFull/amplcpld/DOUT_6_OBUF prop_name=IOCOMP prop_terse=XDM_PROPERTY_BOOL "IOCOMP"

CS: block property: block_name=/amplcpld/EXPANDED_FlattenFull/amplcpld prop_name=TYPE prop_terse=XDM_PROPERTY_STRING "TYPE" "amplcpld"

CS: block property: block_name=/amplcpld/EXPANDED_FlattenFull/amplcpld/DOUT_5_OBUF prop_name=TYPE prop_terse=XDM_PROPERTY_STRING "TYPE" "OBUF"

CS: block property: block_name=/amplcpld/EXPANDED_FlattenFull/amplcpld/DOUT_5_OBUF prop_name=IOCOMP prop_terse=XDM_PROPERTY_BOOL "IOCOMP"

CS: block property: block_name=/amplcpld/EXPANDED_FlattenFull/amplcpld prop_name=TYPE prop_terse=XDM_PROPERTY_STRING "TYPE" "amplcpld"

CS: block property: block_name=/amplcpld/EXPANDED_FlattenFull/amplcpld/DOUT_4_OBUF prop_name=TYPE prop_terse=XDM_PROPERTY_STRING "TYPE" "OBUF"

CS: block property: block_name=/amplcpld/EXPANDED_FlattenFull/amplcpld/DOUT_4_OBUF prop_name=IOCOMP prop_terse=XDM_PROPERTY_BOOL "IOCOMP"

CS: block property: block_name=/amplcpld/EXPANDED_FlattenFull/amplcpld prop_name=TYPE prop_terse=XDM_PROPERTY_STRING "TYPE" "amplcpld"

CS: block property: block_name=/amplcpld/EXPANDED_FlattenFull/amplcpld/DOUT_3_OBUF prop_name=TYPE prop_terse=XDM_PROPERTY_STRING "TYPE" "OBUF"

CS: block property: block_name=/amplcpld/EXPANDED_FlattenFull/amplcpld/DOUT_3_OBUF prop_name=IOCOMP prop_terse=XDM_PROPERTY_BOOL "IOCOMP"

CS: block property: block_name=/amplcpld/EXPANDED_FlattenFull/amplcpld prop_name=TYPE prop_terse=XDM_PROPERTY_STRING "TYPE" "amplcpld"

CS: block property: block_name=/amplcpld/EXPANDED_FlattenFull/amplcpld/DOUT_2_OBUF prop_name=TYPE prop_terse=XDM_PROPERTY_STRING "TYPE" "OBUF"

CS: block property: block_name=/amplcpld/EXPANDED_FlattenFull/amplcpld/DOUT_2_OBUF prop_name=IOCOMP prop_terse=XDM_PROPERTY_BOOL "IOCOMP"

CS: block property: block_name=/amplcpld/EXPANDED_FlattenFull/amplcpld prop_name=TYPE prop_terse=XDM_PROPERTY_STRING "TYPE" "amplcpld"

CS: block property: block_name=/amplcpld/EXPANDED_FlattenFull/amplcpld/DOUT_1_OBUF prop_name=TYPE prop_terse=XDM_PROPERTY_STRING "TYPE" "OBUF"

CS: block property: block_name=/amplcpld/EXPANDED_FlattenFull/amplcpld/DOUT_1_OBUF prop_name=IOCOMP prop_terse=XDM_PROPERTY_BOOL "IOCOMP"

CS: block property: block_name=/amplcpld/EXPANDED_FlattenFull/amplcpld prop_name=TYPE prop_terse=XDM_PROPERTY_STRING "TYPE" "amplcpld"

CS: block property: block_name=/amplcpld/EXPANDED_FlattenFull/amplcpld/DOUT_0_OBUF prop_name=TYPE prop_terse=XDM_PROPERTY_STRING "TYPE" "OBUF"

CS: block property: block_name=/amplcpld/EXPANDED_FlattenFull/amplcpld/DOUT_0_OBUF prop_name=IOCOMP prop_terse=XDM_PROPERTY_BOOL "IOCOMP"

CS: block property: block_name=/amplcpld/EXPANDED_FlattenFull/amplcpld prop_name=TYPE prop_terse=XDM_PROPERTY_STRING "TYPE" "amplcpld"

CS: block property: block_name=/amplcpld/EXPANDED_FlattenFull/amplcpld/ADC0<0> prop_name=LOC prop_terse=XDM_PROPERTY_STRING "LOC" "P35"

CS: block property: block_name=/amplcpld/EXPANDED_FlattenFull/amplcpld/ADC0<0> prop_name=IOSTANDARD prop_terse=XDM_PROPERTY_STRING "IOSTANDARD" "LVCMOS33"

CS: block property: block_name=/amplcpld/EXPANDED_FlattenFull/amplcpld prop_name=TYPE prop_terse=XDM_PROPERTY_STRING "TYPE" "amplcpld"

CS: block property: block_name=/amplcpld/EXPANDED_FlattenFull/amplcpld/ADC0<10> prop_name=LOC prop_terse=XDM_PROPERTY_STRING "LOC" "P19"

CS: block property: block_name=/amplcpld/EXPANDED_FlattenFull/amplcpld/ADC0<10> prop_name=IOSTANDARD prop_terse=XDM_PROPERTY_STRING "IOSTANDARD" "LVCMOS33"

CS: block property: block_name=/amplcpld/EXPANDED_FlattenFull/amplcpld prop_name=TYPE prop_terse=XDM_PROPERTY_STRING "TYPE" "amplcpld"

CS: block property: block_name=/amplcpld/EXPANDED_FlattenFull/amplcpld/ADC0<11> prop_name=LOC prop_terse=XDM_PROPERTY_STRING "LOC" "P18"

CS: block property: block_name=/amplcpld/EXPANDED_FlattenFull/amplcpld/ADC0<11> prop_name=IOSTANDARD prop_terse=XDM_PROPERTY_STRING "IOSTANDARD" "LVCMOS33"

CS: block property: block_name=/amplcpld/EXPANDED_FlattenFull/amplcpld prop_name=TYPE prop_terse=XDM_PROPERTY_STRING "TYPE" "amplcpld"

CS: block property: block_name=/amplcpld/EXPANDED_FlattenFull/amplcpld/ADC0<1> prop_name=LOC prop_terse=XDM_PROPERTY_STRING "LOC" "P34"

CS: block property: block_name=/amplcpld/EXPANDED_FlattenFull/amplcpld/ADC0<1> prop_name=IOSTANDARD prop_terse=XDM_PROPERTY_STRING "IOSTANDARD" "LVCMOS33"

CS: block property: block_name=/amplcpld/EXPANDED_FlattenFull/amplcpld prop_name=TYPE prop_terse=XDM_PROPERTY_STRING "TYPE" "amplcpld"

CS: block property: block_name=/amplcpld/EXPANDED_FlattenFull/amplcpld/ADC0<2> prop_name=LOC prop_terse=XDM_PROPERTY_STRING "LOC" "P33"

CS: block property: block_name=/amplcpld/EXPANDED_FlattenFull/amplcpld/ADC0<2> prop_name=IOSTANDARD prop_terse=XDM_PROPERTY_STRING "IOSTANDARD" "LVCMOS33"

CS: block property: block_name=/amplcpld/EXPANDED_FlattenFull/amplcpld prop_name=TYPE prop_terse=XDM_PROPERTY_STRING "TYPE" "amplcpld"

CS: block property: block_name=/amplcpld/EXPANDED_FlattenFull/amplcpld/ADC0<3> prop_name=LOC prop_terse=XDM_PROPERTY_STRING "LOC" "P32"

CS: block property: block_name=/amplcpld/EXPANDED_FlattenFull/amplcpld/ADC0<3> prop_name=IOSTANDARD prop_terse=XDM_PROPERTY_STRING "IOSTANDARD" "LVCMOS33"

CS: block property: block_name=/amplcpld/EXPANDED_FlattenFull/amplcpld prop_name=TYPE prop_terse=XDM_PROPERTY_STRING "TYPE" "amplcpld"

CS: block property: block_name=/amplcpld/EXPANDED_FlattenFull/amplcpld/ADC0<4> prop_name=LOC prop_terse=XDM_PROPERTY_STRING "LOC" "P30"

CS: block property: block_name=/amplcpld/EXPANDED_FlattenFull/amplcpld/ADC0<4> prop_name=IOSTANDARD prop_terse=XDM_PROPERTY_STRING "IOSTANDARD" "LVCMOS33"

CS: block property: block_name=/amplcpld/EXPANDED_FlattenFull/amplcpld prop_name=TYPE prop_terse=XDM_PROPERTY_STRING "TYPE" "amplcpld"

CS: block property: block_name=/amplcpld/EXPANDED_FlattenFull/amplcpld/ADC0<5> prop_name=LOC prop_terse=XDM_PROPERTY_STRING "LOC" "P29"

CS: block property: block_name=/amplcpld/EXPANDED_FlattenFull/amplcpld/ADC0<5> prop_name=IOSTANDARD prop_terse=XDM_PROPERTY_STRING "IOSTANDARD" "LVCMOS33"

CS: block property: block_name=/amplcpld/EXPANDED_FlattenFull/amplcpld prop_name=TYPE prop_terse=XDM_PROPERTY_STRING "TYPE" "amplcpld"

CS: block property: block_name=/amplcpld/EXPANDED_FlattenFull/amplcpld/ADC0<6> prop_name=LOC prop_terse=XDM_PROPERTY_STRING "LOC" "P28"

CS: block property: block_name=/amplcpld/EXPANDED_FlattenFull/amplcpld/ADC0<6> prop_name=IOSTANDARD prop_terse=XDM_PROPERTY_STRING "IOSTANDARD" "LVCMOS33"

CS: block property: block_name=/amplcpld/EXPANDED_FlattenFull/amplcpld prop_name=TYPE prop_terse=XDM_PROPERTY_STRING "TYPE" "amplcpld"

CS: block property: block_name=/amplcpld/EXPANDED_FlattenFull/amplcpld/ADC0<7> prop_name=LOC prop_terse=XDM_PROPERTY_STRING "LOC" "P23"

CS: block property: block_name=/amplcpld/EXPANDED_FlattenFull/amplcpld/ADC0<7> prop_name=IOSTANDARD prop_terse=XDM_PROPERTY_STRING "IOSTANDARD" "LVCMOS33"

CS: block property: block_name=/amplcpld/EXPANDED_FlattenFull/amplcpld prop_name=TYPE prop_terse=XDM_PROPERTY_STRING "TYPE" "amplcpld"

CS: block property: block_name=/amplcpld/EXPANDED_FlattenFull/amplcpld/ADC0<8> prop_name=LOC prop_terse=XDM_PROPERTY_STRING "LOC" "P24"

CS: block property: block_name=/amplcpld/EXPANDED_FlattenFull/amplcpld/ADC0<8> prop_name=IOSTANDARD prop_terse=XDM_PROPERTY_STRING "IOSTANDARD" "LVCMOS33"

CS: block property: block_name=/amplcpld/EXPANDED_FlattenFull/amplcpld prop_name=TYPE prop_terse=XDM_PROPERTY_STRING "TYPE" "amplcpld"

CS: block property: block_name=/amplcpld/EXPANDED_FlattenFull/amplcpld/ADC0<9> prop_name=LOC prop_terse=XDM_PROPERTY_STRING "LOC" "P22"

CS: block property: block_name=/amplcpld/EXPANDED_FlattenFull/amplcpld/ADC0<9> prop_name=IOSTANDARD prop_terse=XDM_PROPERTY_STRING "IOSTANDARD" "LVCMOS33"

CS: block property: block_name=/amplcpld/EXPANDED_FlattenFull/amplcpld prop_name=TYPE prop_terse=XDM_PROPERTY_STRING "TYPE" "amplcpld"

CS: block property: block_name=/amplcpld/EXPANDED_FlattenFull/amplcpld/ADC1<0> prop_name=LOC prop_terse=XDM_PROPERTY_STRING "LOC" "P52"

CS: block property: block_name=/amplcpld/EXPANDED_FlattenFull/amplcpld/ADC1<0> prop_name=IOSTANDARD prop_terse=XDM_PROPERTY_STRING "IOSTANDARD" "LVCMOS33"

CS: block property: block_name=/amplcpld/EXPANDED_FlattenFull/amplcpld prop_name=TYPE prop_terse=XDM_PROPERTY_STRING "TYPE" "amplcpld"

CS: block property: block_name=/amplcpld/EXPANDED_FlattenFull/amplcpld/ADC1<10> prop_name=LOC prop_terse=XDM_PROPERTY_STRING "LOC" "P37"

CS: block property: block_name=/amplcpld/EXPANDED_FlattenFull/amplcpld/ADC1<10> prop_name=IOSTANDARD prop_terse=XDM_PROPERTY_STRING "IOSTANDARD" "LVCMOS33"

CS: block property: block_name=/amplcpld/EXPANDED_FlattenFull/amplcpld prop_name=TYPE prop_terse=XDM_PROPERTY_STRING "TYPE" "amplcpld"

CS: block property: block_name=/amplcpld/EXPANDED_FlattenFull/amplcpld/ADC1<11> prop_name=LOC prop_terse=XDM_PROPERTY_STRING "LOC" "P36"

CS: block property: block_name=/amplcpld/EXPANDED_FlattenFull/amplcpld/ADC1<11> prop_name=IOSTANDARD prop_terse=XDM_PROPERTY_STRING "IOSTANDARD" "LVCMOS33"

CS: block property: block_name=/amplcpld/EXPANDED_FlattenFull/amplcpld prop_name=TYPE prop_terse=XDM_PROPERTY_STRING "TYPE" "amplcpld"

CS: block property: block_name=/amplcpld/EXPANDED_FlattenFull/amplcpld/ADC1<1> prop_name=LOC prop_terse=XDM_PROPERTY_STRING "LOC" "P50"

CS: block property: block_name=/amplcpld/EXPANDED_FlattenFull/amplcpld/ADC1<1> prop_name=IOSTANDARD prop_terse=XDM_PROPERTY_STRING "IOSTANDARD" "LVCMOS33"

CS: block property: block_name=/amplcpld/EXPANDED_FlattenFull/amplcpld prop_name=TYPE prop_terse=XDM_PROPERTY_STRING "TYPE" "amplcpld"

CS: block property: block_name=/amplcpld/EXPANDED_FlattenFull/amplcpld/ADC1<2> prop_name=LOC prop_terse=XDM_PROPERTY_STRING "LOC" "P49"

CS: block property: block_name=/amplcpld/EXPANDED_FlattenFull/amplcpld/ADC1<2> prop_name=IOSTANDARD prop_terse=XDM_PROPERTY_STRING "IOSTANDARD" "LVCMOS33"

CS: block property: block_name=/amplcpld/EXPANDED_FlattenFull/amplcpld prop_name=TYPE prop_terse=XDM_PROPERTY_STRING "TYPE" "amplcpld"

CS: block property: block_name=/amplcpld/EXPANDED_FlattenFull/amplcpld/ADC1<3> prop_name=LOC prop_terse=XDM_PROPERTY_STRING "LOC" "P46"

CS: block property: block_name=/amplcpld/EXPANDED_FlattenFull/amplcpld/ADC1<3> prop_name=IOSTANDARD prop_terse=XDM_PROPERTY_STRING "IOSTANDARD" "LVCMOS33"

CS: block property: block_name=/amplcpld/EXPANDED_FlattenFull/amplcpld prop_name=TYPE prop_terse=XDM_PROPERTY_STRING "TYPE" "amplcpld"

CS: block property: block_name=/amplcpld/EXPANDED_FlattenFull/amplcpld/ADC1<4> prop_name=LOC prop_terse=XDM_PROPERTY_STRING "LOC" "P44"

CS: block property: block_name=/amplcpld/EXPANDED_FlattenFull/amplcpld/ADC1<4> prop_name=IOSTANDARD prop_terse=XDM_PROPERTY_STRING "IOSTANDARD" "LVCMOS33"

CS: block property: block_name=/amplcpld/EXPANDED_FlattenFull/amplcpld prop_name=TYPE prop_terse=XDM_PROPERTY_STRING "TYPE" "amplcpld"

CS: block property: block_name=/amplcpld/EXPANDED_FlattenFull/amplcpld/ADC1<5> prop_name=LOC prop_terse=XDM_PROPERTY_STRING "LOC" "P43"

CS: block property: block_name=/amplcpld/EXPANDED_FlattenFull/amplcpld/ADC1<5> prop_name=IOSTANDARD prop_terse=XDM_PROPERTY_STRING "IOSTANDARD" "LVCMOS33"

CS: block property: block_name=/amplcpld/EXPANDED_FlattenFull/amplcpld prop_name=TYPE prop_terse=XDM_PROPERTY_STRING "TYPE" "amplcpld"

CS: block property: block_name=/amplcpld/EXPANDED_FlattenFull/amplcpld/ADC1<6> prop_name=LOC prop_terse=XDM_PROPERTY_STRING "LOC" "P42"

CS: block property: block_name=/amplcpld/EXPANDED_FlattenFull/amplcpld/ADC1<6> prop_name=IOSTANDARD prop_terse=XDM_PROPERTY_STRING "IOSTANDARD" "LVCMOS33"

CS: block property: block_name=/amplcpld/EXPANDED_FlattenFull/amplcpld prop_name=TYPE prop_terse=XDM_PROPERTY_STRING "TYPE" "amplcpld"

CS: block property: block_name=/amplcpld/EXPANDED_FlattenFull/amplcpld/ADC1<7> prop_name=LOC prop_terse=XDM_PROPERTY_STRING "LOC" "P41"

CS: block property: block_name=/amplcpld/EXPANDED_FlattenFull/amplcpld/ADC1<7> prop_name=IOSTANDARD prop_terse=XDM_PROPERTY_STRING "IOSTANDARD" "LVCMOS33"

CS: block property: block_name=/amplcpld/EXPANDED_FlattenFull/amplcpld prop_name=TYPE prop_terse=XDM_PROPERTY_STRING "TYPE" "amplcpld"

CS: block property: block_name=/amplcpld/EXPANDED_FlattenFull/amplcpld/ADC1<8> prop_name=LOC prop_terse=XDM_PROPERTY_STRING "LOC" "P40"

CS: block property: block_name=/amplcpld/EXPANDED_FlattenFull/amplcpld/ADC1<8> prop_name=IOSTANDARD prop_terse=XDM_PROPERTY_STRING "IOSTANDARD" "LVCMOS33"

CS: block property: block_name=/amplcpld/EXPANDED_FlattenFull/amplcpld prop_name=TYPE prop_terse=XDM_PROPERTY_STRING "TYPE" "amplcpld"

CS: block property: block_name=/amplcpld/EXPANDED_FlattenFull/amplcpld/ADC1<9> prop_name=LOC prop_terse=XDM_PROPERTY_STRING "LOC" "P39"

CS: block property: block_name=/amplcpld/EXPANDED_FlattenFull/amplcpld/ADC1<9> prop_name=IOSTANDARD prop_terse=XDM_PROPERTY_STRING "IOSTANDARD" "LVCMOS33"

CS: block property: block_name=/amplcpld/EXPANDED_FlattenFull/amplcpld prop_name=TYPE prop_terse=XDM_PROPERTY_STRING "TYPE" "amplcpld"

CS: block property: block_name=/amplcpld/EXPANDED_FlattenFull/amplcpld/CLK20_N prop_name=LOC prop_terse=XDM_PROPERTY_STRING "LOC" "P54"

CS: block property: block_name=/amplcpld/EXPANDED_FlattenFull/amplcpld/CLK20_N prop_name=IOSTANDARD prop_terse=XDM_PROPERTY_STRING "IOSTANDARD" "LVCMOS33"

CS: block property: block_name=/amplcpld/EXPANDED_FlattenFull/amplcpld/CLK20_N prop_name=SLOW prop_terse=XDM_PROPERTY_BOOL "SLOW"

CS: block property: block_name=/amplcpld/EXPANDED_FlattenFull/amplcpld prop_name=TYPE prop_terse=XDM_PROPERTY_STRING "TYPE" "amplcpld"

CS: block property: block_name=/amplcpld/EXPANDED_FlattenFull/amplcpld/CLK20_P prop_name=LOC prop_terse=XDM_PROPERTY_STRING "LOC" "P53"

CS: block property: block_name=/amplcpld/EXPANDED_FlattenFull/amplcpld/CLK20_P prop_name=IOSTANDARD prop_terse=XDM_PROPERTY_STRING "IOSTANDARD" "LVCMOS33"

CS: block property: block_name=/amplcpld/EXPANDED_FlattenFull/amplcpld/CLK20_P prop_name=SLOW prop_terse=XDM_PROPERTY_BOOL "SLOW"

CS: block property: block_name=/amplcpld/EXPANDED_FlattenFull/amplcpld prop_name=TYPE prop_terse=XDM_PROPERTY_STRING "TYPE" "amplcpld"

CS: block property: block_name=/amplcpld/EXPANDED_FlattenFull/amplcpld/CLK40 prop_name=LOC prop_terse=XDM_PROPERTY_STRING "LOC" "P81"

CS: block property: block_name=/amplcpld/EXPANDED_FlattenFull/amplcpld/CLK40 prop_name=IOSTANDARD prop_terse=XDM_PROPERTY_STRING "IOSTANDARD" "LVCMOS33"

CS: block property: block_name=/amplcpld/EXPANDED_FlattenFull/amplcpld/CLK40 prop_name=FAST prop_terse=XDM_PROPERTY_BOOL "FAST"

CS: block property: block_name=/amplcpld/EXPANDED_FlattenFull/amplcpld prop_name=TYPE prop_terse=XDM_PROPERTY_STRING "TYPE" "amplcpld"

CS: block property: block_name=/amplcpld/EXPANDED_FlattenFull/amplcpld/CLK80 prop_name=LOC prop_terse=XDM_PROPERTY_STRING "LOC" "P27"

CS: block property: block_name=/amplcpld/EXPANDED_FlattenFull/amplcpld/CLK80 prop_name=IOSTANDARD prop_terse=XDM_PROPERTY_STRING "IOSTANDARD" "LVCMOS33"

CS: block property: block_name=/amplcpld/EXPANDED_FlattenFull/amplcpld prop_name=TYPE prop_terse=XDM_PROPERTY_STRING "TYPE" "amplcpld"

CS: block property: block_name=/amplcpld/EXPANDED_FlattenFull/amplcpld/DOUT<0> prop_name=LOC prop_terse=XDM_PROPERTY_STRING "LOC" "P99"

CS: block property: block_name=/amplcpld/EXPANDED_FlattenFull/amplcpld/DOUT<0> prop_name=IOSTANDARD prop_terse=XDM_PROPERTY_STRING "IOSTANDARD" "LVCMOS33"

CS: block property: block_name=/amplcpld/EXPANDED_FlattenFull/amplcpld/DOUT<0> prop_name=SLOW prop_terse=XDM_PROPERTY_BOOL "SLOW"

CS: block property: block_name=/amplcpld/EXPANDED_FlattenFull/amplcpld prop_name=TYPE prop_terse=XDM_PROPERTY_STRING "TYPE" "amplcpld"

CS: block property: block_name=/amplcpld/EXPANDED_FlattenFull/amplcpld/DOUT<10> prop_name=LOC prop_terse=XDM_PROPERTY_STRING "LOC" "P87"

CS: block property: block_name=/amplcpld/EXPANDED_FlattenFull/amplcpld/DOUT<10> prop_name=IOSTANDARD prop_terse=XDM_PROPERTY_STRING "IOSTANDARD" "LVCMOS33"

CS: block property: block_name=/amplcpld/EXPANDED_FlattenFull/amplcpld/DOUT<10> prop_name=SLOW prop_terse=XDM_PROPERTY_BOOL "SLOW"

CS: block property: block_name=/amplcpld/EXPANDED_FlattenFull/amplcpld prop_name=TYPE prop_terse=XDM_PROPERTY_STRING "TYPE" "amplcpld"

CS: block property: block_name=/amplcpld/EXPANDED_FlattenFull/amplcpld/DOUT<11> prop_name=LOC prop_terse=XDM_PROPERTY_STRING "LOC" "P86"

CS: block property: block_name=/amplcpld/EXPANDED_FlattenFull/amplcpld/DOUT<11> prop_name=IOSTANDARD prop_terse=XDM_PROPERTY_STRING "IOSTANDARD" "LVCMOS33"

CS: block property: block_name=/amplcpld/EXPANDED_FlattenFull/amplcpld/DOUT<11> prop_name=SLOW prop_terse=XDM_PROPERTY_BOOL "SLOW"

CS: block property: block_name=/amplcpld/EXPANDED_FlattenFull/amplcpld prop_name=TYPE prop_terse=XDM_PROPERTY_STRING "TYPE" "amplcpld"

CS: block property: block_name=/amplcpld/EXPANDED_FlattenFull/amplcpld/DOUT<12> prop_name=LOC prop_terse=XDM_PROPERTY_STRING "LOC" "P85"

CS: block property: block_name=/amplcpld/EXPANDED_FlattenFull/amplcpld/DOUT<12> prop_name=IOSTANDARD prop_terse=XDM_PROPERTY_STRING "IOSTANDARD" "LVCMOS33"

CS: block property: block_name=/amplcpld/EXPANDED_FlattenFull/amplcpld/DOUT<12> prop_name=SLOW prop_terse=XDM_PROPERTY_BOOL "SLOW"

CS: block property: block_name=/amplcpld/EXPANDED_FlattenFull/amplcpld prop_name=TYPE prop_terse=XDM_PROPERTY_STRING "TYPE" "amplcpld"

CS: block property: block_name=/amplcpld/EXPANDED_FlattenFull/amplcpld/DOUT<1> prop_name=LOC prop_terse=XDM_PROPERTY_STRING "LOC" "P97"

CS: block property: block_name=/amplcpld/EXPANDED_FlattenFull/amplcpld/DOUT<1> prop_name=IOSTANDARD prop_terse=XDM_PROPERTY_STRING "IOSTANDARD" "LVCMOS33"

CS: block property: block_name=/amplcpld/EXPANDED_FlattenFull/amplcpld/DOUT<1> prop_name=SLOW prop_terse=XDM_PROPERTY_BOOL "SLOW"

CS: block property: block_name=/amplcpld/EXPANDED_FlattenFull/amplcpld prop_name=TYPE prop_terse=XDM_PROPERTY_STRING "TYPE" "amplcpld"

CS: block property: block_name=/amplcpld/EXPANDED_FlattenFull/amplcpld/DOUT<2> prop_name=LOC prop_terse=XDM_PROPERTY_STRING "LOC" "P96"

CS: block property: block_name=/amplcpld/EXPANDED_FlattenFull/amplcpld/DOUT<2> prop_name=IOSTANDARD prop_terse=XDM_PROPERTY_STRING "IOSTANDARD" "LVCMOS33"

CS: block property: block_name=/amplcpld/EXPANDED_FlattenFull/amplcpld/DOUT<2> prop_name=SLOW prop_terse=XDM_PROPERTY_BOOL "SLOW"

CS: block property: block_name=/amplcpld/EXPANDED_FlattenFull/amplcpld prop_name=TYPE prop_terse=XDM_PROPERTY_STRING "TYPE" "amplcpld"

CS: block property: block_name=/amplcpld/EXPANDED_FlattenFull/amplcpld/DOUT<3> prop_name=LOC prop_terse=XDM_PROPERTY_STRING "LOC" "P95"

CS: block property: block_name=/amplcpld/EXPANDED_FlattenFull/amplcpld/DOUT<3> prop_name=IOSTANDARD prop_terse=XDM_PROPERTY_STRING "IOSTANDARD" "LVCMOS33"

CS: block property: block_name=/amplcpld/EXPANDED_FlattenFull/amplcpld/DOUT<3> prop_name=SLOW prop_terse=XDM_PROPERTY_BOOL "SLOW"

CS: block property: block_name=/amplcpld/EXPANDED_FlattenFull/amplcpld prop_name=TYPE prop_terse=XDM_PROPERTY_STRING "TYPE" "amplcpld"

CS: block property: block_name=/amplcpld/EXPANDED_FlattenFull/amplcpld/DOUT<4> prop_name=LOC prop_terse=XDM_PROPERTY_STRING "LOC" "P94"

CS: block property: block_name=/amplcpld/EXPANDED_FlattenFull/amplcpld/DOUT<4> prop_name=IOSTANDARD prop_terse=XDM_PROPERTY_STRING "IOSTANDARD" "LVCMOS33"

CS: block property: block_name=/amplcpld/EXPANDED_FlattenFull/amplcpld/DOUT<4> prop_name=SLOW prop_terse=XDM_PROPERTY_BOOL "SLOW"

CS: block property: block_name=/amplcpld/EXPANDED_FlattenFull/amplcpld prop_name=TYPE prop_terse=XDM_PROPERTY_STRING "TYPE" "amplcpld"

CS: block property: block_name=/amplcpld/EXPANDED_FlattenFull/amplcpld/DOUT<5> prop_name=LOC prop_terse=XDM_PROPERTY_STRING "LOC" "P93"

CS: block property: block_name=/amplcpld/EXPANDED_FlattenFull/amplcpld/DOUT<5> prop_name=IOSTANDARD prop_terse=XDM_PROPERTY_STRING "IOSTANDARD" "LVCMOS33"

CS: block property: block_name=/amplcpld/EXPANDED_FlattenFull/amplcpld/DOUT<5> prop_name=SLOW prop_terse=XDM_PROPERTY_BOOL "SLOW"

CS: block property: block_name=/amplcpld/EXPANDED_FlattenFull/amplcpld prop_name=TYPE prop_terse=XDM_PROPERTY_STRING "TYPE" "amplcpld"

CS: block property: block_name=/amplcpld/EXPANDED_FlattenFull/amplcpld/DOUT<6> prop_name=LOC prop_terse=XDM_PROPERTY_STRING "LOC" "P92"

CS: block property: block_name=/amplcpld/EXPANDED_FlattenFull/amplcpld/DOUT<6> prop_name=IOSTANDARD prop_terse=XDM_PROPERTY_STRING "IOSTANDARD" "LVCMOS33"

CS: block property: block_name=/amplcpld/EXPANDED_FlattenFull/amplcpld/DOUT<6> prop_name=SLOW prop_terse=XDM_PROPERTY_BOOL "SLOW"

CS: block property: block_name=/amplcpld/EXPANDED_FlattenFull/amplcpld prop_name=TYPE prop_terse=XDM_PROPERTY_STRING "TYPE" "amplcpld"

CS: block property: block_name=/amplcpld/EXPANDED_FlattenFull/amplcpld/DOUT<7> prop_name=LOC prop_terse=XDM_PROPERTY_STRING "LOC" "P91"

CS: block property: block_name=/amplcpld/EXPANDED_FlattenFull/amplcpld/DOUT<7> prop_name=IOSTANDARD prop_terse=XDM_PROPERTY_STRING "IOSTANDARD" "LVCMOS33"

CS: block property: block_name=/amplcpld/EXPANDED_FlattenFull/amplcpld/DOUT<7> prop_name=SLOW prop_terse=XDM_PROPERTY_BOOL "SLOW"

CS: block property: block_name=/amplcpld/EXPANDED_FlattenFull/amplcpld prop_name=TYPE prop_terse=XDM_PROPERTY_STRING "TYPE" "amplcpld"

CS: block property: block_name=/amplcpld/EXPANDED_FlattenFull/amplcpld/DOUT<8> prop_name=LOC prop_terse=XDM_PROPERTY_STRING "LOC" "P90"

CS: block property: block_name=/amplcpld/EXPANDED_FlattenFull/amplcpld/DOUT<8> prop_name=IOSTANDARD prop_terse=XDM_PROPERTY_STRING "IOSTANDARD" "LVCMOS33"

CS: block property: block_name=/amplcpld/EXPANDED_FlattenFull/amplcpld/DOUT<8> prop_name=SLOW prop_terse=XDM_PROPERTY_BOOL "SLOW"

CS: block property: block_name=/amplcpld/EXPANDED_FlattenFull/amplcpld prop_name=TYPE prop_terse=XDM_PROPERTY_STRING "TYPE" "amplcpld"

CS: block property: block_name=/amplcpld/EXPANDED_FlattenFull/amplcpld/DOUT<9> prop_name=LOC prop_terse=XDM_PROPERTY_STRING "LOC" "P89"

CS: block property: block_name=/amplcpld/EXPANDED_FlattenFull/amplcpld/DOUT<9> prop_name=IOSTANDARD prop_terse=XDM_PROPERTY_STRING "IOSTANDARD" "LVCMOS33"

CS: block property: block_name=/amplcpld/EXPANDED_FlattenFull/amplcpld/DOUT<9> prop_name=SLOW prop_terse=XDM_PROPERTY_BOOL "SLOW"

CS: block property: block_name=/amplcpld/EXPANDED_FlattenFull/amplcpld prop_name=TYPE prop_terse=XDM_PROPERTY_STRING "TYPE" "amplcpld"

CS: block property: block_name=/amplcpld/EXPANDED_FlattenFull/amplcpld/DV prop_name=LOC prop_terse=XDM_PROPERTY_STRING "LOC" "P82"

CS: block property: block_name=/amplcpld/EXPANDED_FlattenFull/amplcpld/DV prop_name=IOSTANDARD prop_terse=XDM_PROPERTY_STRING "IOSTANDARD" "LVCMOS33"

CS: block property: block_name=/amplcpld/EXPANDED_FlattenFull/amplcpld/DV prop_name=SLOW prop_terse=XDM_PROPERTY_BOOL "SLOW"

CS: block property: block_name=/amplcpld/EXPANDED_FlattenFull/amplcpld prop_name=TYPE prop_terse=XDM_PROPERTY_STRING "TYPE" "amplcpld"

CS: block property: block_name=/amplcpld/EXPANDED_FlattenFull/amplcpld/ENA prop_name=LOC prop_terse=XDM_PROPERTY_STRING "LOC" "P64"

CS: block property: block_name=/amplcpld/EXPANDED_FlattenFull/amplcpld/ENA prop_name=IOSTANDARD prop_terse=XDM_PROPERTY_STRING "IOSTANDARD" "LVCMOS33"

CS: block property: block_name=/amplcpld/EXPANDED_FlattenFull/amplcpld prop_name=TYPE prop_terse=XDM_PROPERTY_STRING "TYPE" "amplcpld"

CS: block property: block_name=/amplcpld/EXPANDED_FlattenFull/amplcpld/EV prop_name=LOC prop_terse=XDM_PROPERTY_STRING "LOC" "P60"

CS: block property: block_name=/amplcpld/EXPANDED_FlattenFull/amplcpld/EV prop_name=IOSTANDARD prop_terse=XDM_PROPERTY_STRING "IOSTANDARD" "LVCMOS33"

CS: block property: block_name=/amplcpld/EXPANDED_FlattenFull/amplcpld prop_name=TYPE prop_terse=XDM_PROPERTY_STRING "TYPE" "amplcpld"

CS: block property: block_name=/amplcpld/EXPANDED_FlattenFull/amplcpld/EV_out prop_name=LOC prop_terse=XDM_PROPERTY_STRING "LOC" "P16"

CS: block property: block_name=/amplcpld/EXPANDED_FlattenFull/amplcpld/EV_out prop_name=IOSTANDARD prop_terse=XDM_PROPERTY_STRING "IOSTANDARD" "LVCMOS33"

CS: block property: block_name=/amplcpld/EXPANDED_FlattenFull/amplcpld/EV_out prop_name=SLOW prop_terse=XDM_PROPERTY_BOOL "SLOW"

CS: block property: block_name=/amplcpld/EXPANDED_FlattenFull/amplcpld prop_name=TYPE prop_terse=XDM_PROPERTY_STRING "TYPE" "amplcpld"

CS: block property: block_name=/amplcpld/EXPANDED_FlattenFull/amplcpld/STR prop_name=LOC prop_terse=XDM_PROPERTY_STRING "LOC" "P63"

CS: block property: block_name=/amplcpld/EXPANDED_FlattenFull/amplcpld/STR prop_name=IOSTANDARD prop_terse=XDM_PROPERTY_STRING "IOSTANDARD" "LVCMOS33"

CS: block property: block_name=/amplcpld/EXPANDED_FlattenFull/amplcpld prop_name=TYPE prop_terse=XDM_PROPERTY_STRING "TYPE" "amplcpld"

CS: block property: block_name=/amplcpld/EXPANDED_FlattenFull/amplcpld prop_name=TYPE prop_terse=XDM_PROPERTY_STRING "TYPE" "amplcpld"

INFO:Cpld - Inferring BUFG constraint for signal 'ADC0<7>' based upon the LOC
   constraint 'P23'. It is recommended that you declare this BUFG explicitedly
   in your design. Note that for certain device families the output of a BUFG
   constraint can not drive a gated clock, and the BUFG constraint will be
   ignored.
INFO:Cpld - Inferring BUFG constraint for signal 'ADC0<9>' based upon the LOC
   constraint 'P22'. It is recommended that you declare this BUFG explicitedly
   in your design. Note that for certain device families the output of a BUFG
   constraint can not drive a gated clock, and the BUFG constraint will be
   ignored.
INFO:Cpld - Inferring BUFG constraint for signal 'CLK80' based upon the LOC
   constraint 'P27'. It is recommended that you declare this BUFG explicitedly
   in your design. Note that for certain device families the output of a BUFG
   constraint can not drive a gated clock, and the BUFG constraint will be
   ignored.
WARNING:Cpld:1239 - The global clock designation (BUFG) on signal 'ADC0_9_IBUF'
   is ignored. Most likely the signal is gated and therefore cannot be used as a
   global control signal.
WARNING:Cpld:1239 - The global clock designation (BUFG) on signal 'ADC0_7_IBUF'
   is ignored. Most likely the signal is gated and therefore cannot be used as a
   global control signal.
Considering device XC2C128-7-VQ100.
Re-checking device resources ...
...
Synthesizing and Optimizing...
............................................................................................
...o
.......
Fitting...
....
...o

Design amplcpld has been optimized and fit into device XC2C128-7-VQ100.
