Release 14.7 - CPLD Optimizer/Partitioner P.20131013 (lin64)
Copyright (c) 1995-2013 Xilinx, Inc.  All rights reserved.
WARNING:Cpld - Unable to retrieve the path to the iSE Project Repository. Will
   use the default filename of 'amplcpld.ise'.
CS: block property: block_name=/amplcpld/EXPANDED_FlattenFull/amplcpld/XST_GND prop_name=TYPE prop_terse=XDM_PROPERTY_STRING "TYPE" "GND"

CS: block property: block_name=/amplcpld/EXPANDED_FlattenFull/amplcpld prop_name=TYPE prop_terse=XDM_PROPERTY_STRING "TYPE" "amplcpld"

CS: block property: block_name=/amplcpld/EXPANDED_FlattenFull/amplcpld/adc_bits[0].adc_ff\/Q\/FDCP prop_name=TYPE prop_terse=XDM_PROPERTY_STRING "TYPE" "FDCP"

CS: block property: block_name=/amplcpld/EXPANDED_FlattenFull/amplcpld/adc_bits[0].adc_ff\/Q\/FDCP prop_name=INIT prop_terse=XDM_PROPERTY_STRING "INIT" "1"

CS: block property: block_name=/amplcpld/EXPANDED_FlattenFull/amplcpld prop_name=TYPE prop_terse=XDM_PROPERTY_STRING "TYPE" "amplcpld"

CS: block property: block_name=/amplcpld/EXPANDED_FlattenFull/amplcpld/adc_bits[0].adc_ff\/Q\/X_ONE prop_name=TYPE prop_terse=XDM_PROPERTY_STRING "TYPE" "FDCP"

CS: block property: block_name=/amplcpld/EXPANDED_FlattenFull/amplcpld/adc_bits[0].adc_ff\/Q\/X_ONE prop_name=INIT prop_terse=XDM_PROPERTY_STRING "INIT" "1"

CS: block property: block_name=/amplcpld/EXPANDED_FlattenFull/amplcpld prop_name=TYPE prop_terse=XDM_PROPERTY_STRING "TYPE" "amplcpld"

CS: block property: block_name=/amplcpld/EXPANDED_FlattenFull/amplcpld/adc_bits[0].adc_ff\/$1I43 prop_name=TYPE prop_terse=XDM_PROPERTY_STRING "TYPE" "GND"

CS: block property: block_name=/amplcpld/EXPANDED_FlattenFull/amplcpld/adc_bits[0].adc_ff\/$1I43 prop_name=INIT prop_terse=XDM_PROPERTY_STRING "INIT" "1"

CS: block property: block_name=/amplcpld/EXPANDED_FlattenFull/amplcpld prop_name=TYPE prop_terse=XDM_PROPERTY_STRING "TYPE" "amplcpld"

CS: block property: block_name=/amplcpld/EXPANDED_FlattenFull/amplcpld/adc_bits[1].adc_ff\/Q\/FDCP prop_name=TYPE prop_terse=XDM_PROPERTY_STRING "TYPE" "FDCP"

CS: block property: block_name=/amplcpld/EXPANDED_FlattenFull/amplcpld/adc_bits[1].adc_ff\/Q\/FDCP prop_name=INIT prop_terse=XDM_PROPERTY_STRING "INIT" "1"

CS: block property: block_name=/amplcpld/EXPANDED_FlattenFull/amplcpld prop_name=TYPE prop_terse=XDM_PROPERTY_STRING "TYPE" "amplcpld"

CS: block property: block_name=/amplcpld/EXPANDED_FlattenFull/amplcpld/adc_bits[1].adc_ff\/Q\/X_ONE prop_name=TYPE prop_terse=XDM_PROPERTY_STRING "TYPE" "FDCP"

CS: block property: block_name=/amplcpld/EXPANDED_FlattenFull/amplcpld/adc_bits[1].adc_ff\/Q\/X_ONE prop_name=INIT prop_terse=XDM_PROPERTY_STRING "INIT" "1"

CS: block property: block_name=/amplcpld/EXPANDED_FlattenFull/amplcpld prop_name=TYPE prop_terse=XDM_PROPERTY_STRING "TYPE" "amplcpld"

CS: block property: block_name=/amplcpld/EXPANDED_FlattenFull/amplcpld/adc_bits[1].adc_ff\/$1I43 prop_name=TYPE prop_terse=XDM_PROPERTY_STRING "TYPE" "GND"

CS: block property: block_name=/amplcpld/EXPANDED_FlattenFull/amplcpld/adc_bits[1].adc_ff\/$1I43 prop_name=INIT prop_terse=XDM_PROPERTY_STRING "INIT" "1"

CS: block property: block_name=/amplcpld/EXPANDED_FlattenFull/amplcpld prop_name=TYPE prop_terse=XDM_PROPERTY_STRING "TYPE" "amplcpld"

CS: block property: block_name=/amplcpld/EXPANDED_FlattenFull/amplcpld/adc_bits[2].adc_ff\/Q\/FDCP prop_name=TYPE prop_terse=XDM_PROPERTY_STRING "TYPE" "FDCP"

CS: block property: block_name=/amplcpld/EXPANDED_FlattenFull/amplcpld/adc_bits[2].adc_ff\/Q\/FDCP prop_name=INIT prop_terse=XDM_PROPERTY_STRING "INIT" "1"

CS: block property: block_name=/amplcpld/EXPANDED_FlattenFull/amplcpld prop_name=TYPE prop_terse=XDM_PROPERTY_STRING "TYPE" "amplcpld"

CS: block property: block_name=/amplcpld/EXPANDED_FlattenFull/amplcpld/adc_bits[2].adc_ff\/Q\/X_ONE prop_name=TYPE prop_terse=XDM_PROPERTY_STRING "TYPE" "FDCP"

CS: block property: block_name=/amplcpld/EXPANDED_FlattenFull/amplcpld/adc_bits[2].adc_ff\/Q\/X_ONE prop_name=INIT prop_terse=XDM_PROPERTY_STRING "INIT" "1"

CS: block property: block_name=/amplcpld/EXPANDED_FlattenFull/amplcpld prop_name=TYPE prop_terse=XDM_PROPERTY_STRING "TYPE" "amplcpld"

CS: block property: block_name=/amplcpld/EXPANDED_FlattenFull/amplcpld/adc_bits[2].adc_ff\/$1I43 prop_name=TYPE prop_terse=XDM_PROPERTY_STRING "TYPE" "GND"

CS: block property: block_name=/amplcpld/EXPANDED_FlattenFull/amplcpld/adc_bits[2].adc_ff\/$1I43 prop_name=INIT prop_terse=XDM_PROPERTY_STRING "INIT" "1"

CS: block property: block_name=/amplcpld/EXPANDED_FlattenFull/amplcpld prop_name=TYPE prop_terse=XDM_PROPERTY_STRING "TYPE" "amplcpld"

CS: block property: block_name=/amplcpld/EXPANDED_FlattenFull/amplcpld/adc_bits[3].adc_ff\/Q\/FDCP prop_name=TYPE prop_terse=XDM_PROPERTY_STRING "TYPE" "FDCP"

CS: block property: block_name=/amplcpld/EXPANDED_FlattenFull/amplcpld/adc_bits[3].adc_ff\/Q\/FDCP prop_name=INIT prop_terse=XDM_PROPERTY_STRING "INIT" "1"

CS: block property: block_name=/amplcpld/EXPANDED_FlattenFull/amplcpld prop_name=TYPE prop_terse=XDM_PROPERTY_STRING "TYPE" "amplcpld"

CS: block property: block_name=/amplcpld/EXPANDED_FlattenFull/amplcpld/adc_bits[3].adc_ff\/Q\/X_ONE prop_name=TYPE prop_terse=XDM_PROPERTY_STRING "TYPE" "FDCP"

CS: block property: block_name=/amplcpld/EXPANDED_FlattenFull/amplcpld/adc_bits[3].adc_ff\/Q\/X_ONE prop_name=INIT prop_terse=XDM_PROPERTY_STRING "INIT" "1"

CS: block property: block_name=/amplcpld/EXPANDED_FlattenFull/amplcpld prop_name=TYPE prop_terse=XDM_PROPERTY_STRING "TYPE" "amplcpld"

CS: block property: block_name=/amplcpld/EXPANDED_FlattenFull/amplcpld/adc_bits[3].adc_ff\/$1I43 prop_name=TYPE prop_terse=XDM_PROPERTY_STRING "TYPE" "GND"

CS: block property: block_name=/amplcpld/EXPANDED_FlattenFull/amplcpld/adc_bits[3].adc_ff\/$1I43 prop_name=INIT prop_terse=XDM_PROPERTY_STRING "INIT" "1"

CS: block property: block_name=/amplcpld/EXPANDED_FlattenFull/amplcpld prop_name=TYPE prop_terse=XDM_PROPERTY_STRING "TYPE" "amplcpld"

CS: block property: block_name=/amplcpld/EXPANDED_FlattenFull/amplcpld/adc_bits[4].adc_ff\/Q\/FDCP prop_name=TYPE prop_terse=XDM_PROPERTY_STRING "TYPE" "FDCP"

CS: block property: block_name=/amplcpld/EXPANDED_FlattenFull/amplcpld/adc_bits[4].adc_ff\/Q\/FDCP prop_name=INIT prop_terse=XDM_PROPERTY_STRING "INIT" "1"

CS: block property: block_name=/amplcpld/EXPANDED_FlattenFull/amplcpld prop_name=TYPE prop_terse=XDM_PROPERTY_STRING "TYPE" "amplcpld"

CS: block property: block_name=/amplcpld/EXPANDED_FlattenFull/amplcpld/adc_bits[4].adc_ff\/Q\/X_ONE prop_name=TYPE prop_terse=XDM_PROPERTY_STRING "TYPE" "FDCP"

CS: block property: block_name=/amplcpld/EXPANDED_FlattenFull/amplcpld/adc_bits[4].adc_ff\/Q\/X_ONE prop_name=INIT prop_terse=XDM_PROPERTY_STRING "INIT" "1"

CS: block property: block_name=/amplcpld/EXPANDED_FlattenFull/amplcpld prop_name=TYPE prop_terse=XDM_PROPERTY_STRING "TYPE" "amplcpld"

CS: block property: block_name=/amplcpld/EXPANDED_FlattenFull/amplcpld/adc_bits[4].adc_ff\/$1I43 prop_name=TYPE prop_terse=XDM_PROPERTY_STRING "TYPE" "GND"

CS: block property: block_name=/amplcpld/EXPANDED_FlattenFull/amplcpld/adc_bits[4].adc_ff\/$1I43 prop_name=INIT prop_terse=XDM_PROPERTY_STRING "INIT" "1"

CS: block property: block_name=/amplcpld/EXPANDED_FlattenFull/amplcpld prop_name=TYPE prop_terse=XDM_PROPERTY_STRING "TYPE" "amplcpld"

CS: block property: block_name=/amplcpld/EXPANDED_FlattenFull/amplcpld/adc_bits[5].adc_ff\/Q\/FDCP prop_name=TYPE prop_terse=XDM_PROPERTY_STRING "TYPE" "FDCP"

CS: block property: block_name=/amplcpld/EXPANDED_FlattenFull/amplcpld/adc_bits[5].adc_ff\/Q\/FDCP prop_name=INIT prop_terse=XDM_PROPERTY_STRING "INIT" "1"

CS: block property: block_name=/amplcpld/EXPANDED_FlattenFull/amplcpld prop_name=TYPE prop_terse=XDM_PROPERTY_STRING "TYPE" "amplcpld"

CS: block property: block_name=/amplcpld/EXPANDED_FlattenFull/amplcpld/adc_bits[5].adc_ff\/Q\/X_ONE prop_name=TYPE prop_terse=XDM_PROPERTY_STRING "TYPE" "FDCP"

CS: block property: block_name=/amplcpld/EXPANDED_FlattenFull/amplcpld/adc_bits[5].adc_ff\/Q\/X_ONE prop_name=INIT prop_terse=XDM_PROPERTY_STRING "INIT" "1"

CS: block property: block_name=/amplcpld/EXPANDED_FlattenFull/amplcpld prop_name=TYPE prop_terse=XDM_PROPERTY_STRING "TYPE" "amplcpld"

CS: block property: block_name=/amplcpld/EXPANDED_FlattenFull/amplcpld/adc_bits[5].adc_ff\/$1I43 prop_name=TYPE prop_terse=XDM_PROPERTY_STRING "TYPE" "GND"

CS: block property: block_name=/amplcpld/EXPANDED_FlattenFull/amplcpld/adc_bits[5].adc_ff\/$1I43 prop_name=INIT prop_terse=XDM_PROPERTY_STRING "INIT" "1"

CS: block property: block_name=/amplcpld/EXPANDED_FlattenFull/amplcpld prop_name=TYPE prop_terse=XDM_PROPERTY_STRING "TYPE" "amplcpld"

CS: block property: block_name=/amplcpld/EXPANDED_FlattenFull/amplcpld/adc_bits[6].adc_ff\/Q\/FDCP prop_name=TYPE prop_terse=XDM_PROPERTY_STRING "TYPE" "FDCP"

CS: block property: block_name=/amplcpld/EXPANDED_FlattenFull/amplcpld/adc_bits[6].adc_ff\/Q\/FDCP prop_name=INIT prop_terse=XDM_PROPERTY_STRING "INIT" "1"

CS: block property: block_name=/amplcpld/EXPANDED_FlattenFull/amplcpld prop_name=TYPE prop_terse=XDM_PROPERTY_STRING "TYPE" "amplcpld"

CS: block property: block_name=/amplcpld/EXPANDED_FlattenFull/amplcpld/adc_bits[6].adc_ff\/Q\/X_ONE prop_name=TYPE prop_terse=XDM_PROPERTY_STRING "TYPE" "FDCP"

CS: block property: block_name=/amplcpld/EXPANDED_FlattenFull/amplcpld/adc_bits[6].adc_ff\/Q\/X_ONE prop_name=INIT prop_terse=XDM_PROPERTY_STRING "INIT" "1"

CS: block property: block_name=/amplcpld/EXPANDED_FlattenFull/amplcpld prop_name=TYPE prop_terse=XDM_PROPERTY_STRING "TYPE" "amplcpld"

CS: block property: block_name=/amplcpld/EXPANDED_FlattenFull/amplcpld/adc_bits[6].adc_ff\/$1I43 prop_name=TYPE prop_terse=XDM_PROPERTY_STRING "TYPE" "GND"

CS: block property: block_name=/amplcpld/EXPANDED_FlattenFull/amplcpld/adc_bits[6].adc_ff\/$1I43 prop_name=INIT prop_terse=XDM_PROPERTY_STRING "INIT" "1"

CS: block property: block_name=/amplcpld/EXPANDED_FlattenFull/amplcpld prop_name=TYPE prop_terse=XDM_PROPERTY_STRING "TYPE" "amplcpld"

CS: block property: block_name=/amplcpld/EXPANDED_FlattenFull/amplcpld/adc_bits[7].adc_ff\/Q\/FDCP prop_name=TYPE prop_terse=XDM_PROPERTY_STRING "TYPE" "FDCP"

CS: block property: block_name=/amplcpld/EXPANDED_FlattenFull/amplcpld/adc_bits[7].adc_ff\/Q\/FDCP prop_name=INIT prop_terse=XDM_PROPERTY_STRING "INIT" "1"

CS: block property: block_name=/amplcpld/EXPANDED_FlattenFull/amplcpld prop_name=TYPE prop_terse=XDM_PROPERTY_STRING "TYPE" "amplcpld"

CS: block property: block_name=/amplcpld/EXPANDED_FlattenFull/amplcpld/adc_bits[7].adc_ff\/Q\/X_ONE prop_name=TYPE prop_terse=XDM_PROPERTY_STRING "TYPE" "FDCP"

CS: block property: block_name=/amplcpld/EXPANDED_FlattenFull/amplcpld/adc_bits[7].adc_ff\/Q\/X_ONE prop_name=INIT prop_terse=XDM_PROPERTY_STRING "INIT" "1"

CS: block property: block_name=/amplcpld/EXPANDED_FlattenFull/amplcpld prop_name=TYPE prop_terse=XDM_PROPERTY_STRING "TYPE" "amplcpld"

CS: block property: block_name=/amplcpld/EXPANDED_FlattenFull/amplcpld/adc_bits[7].adc_ff\/$1I43 prop_name=TYPE prop_terse=XDM_PROPERTY_STRING "TYPE" "GND"

CS: block property: block_name=/amplcpld/EXPANDED_FlattenFull/amplcpld/adc_bits[7].adc_ff\/$1I43 prop_name=INIT prop_terse=XDM_PROPERTY_STRING "INIT" "1"

CS: block property: block_name=/amplcpld/EXPANDED_FlattenFull/amplcpld prop_name=TYPE prop_terse=XDM_PROPERTY_STRING "TYPE" "amplcpld"

CS: block property: block_name=/amplcpld/EXPANDED_FlattenFull/amplcpld/adc_bits[8].adc_ff\/Q\/FDCP prop_name=TYPE prop_terse=XDM_PROPERTY_STRING "TYPE" "FDCP"

CS: block property: block_name=/amplcpld/EXPANDED_FlattenFull/amplcpld/adc_bits[8].adc_ff\/Q\/FDCP prop_name=INIT prop_terse=XDM_PROPERTY_STRING "INIT" "1"

CS: block property: block_name=/amplcpld/EXPANDED_FlattenFull/amplcpld prop_name=TYPE prop_terse=XDM_PROPERTY_STRING "TYPE" "amplcpld"

CS: block property: block_name=/amplcpld/EXPANDED_FlattenFull/amplcpld/adc_bits[8].adc_ff\/Q\/X_ONE prop_name=TYPE prop_terse=XDM_PROPERTY_STRING "TYPE" "FDCP"

CS: block property: block_name=/amplcpld/EXPANDED_FlattenFull/amplcpld/adc_bits[8].adc_ff\/Q\/X_ONE prop_name=INIT prop_terse=XDM_PROPERTY_STRING "INIT" "1"

CS: block property: block_name=/amplcpld/EXPANDED_FlattenFull/amplcpld prop_name=TYPE prop_terse=XDM_PROPERTY_STRING "TYPE" "amplcpld"

CS: block property: block_name=/amplcpld/EXPANDED_FlattenFull/amplcpld/adc_bits[8].adc_ff\/$1I43 prop_name=TYPE prop_terse=XDM_PROPERTY_STRING "TYPE" "GND"

CS: block property: block_name=/amplcpld/EXPANDED_FlattenFull/amplcpld/adc_bits[8].adc_ff\/$1I43 prop_name=INIT prop_terse=XDM_PROPERTY_STRING "INIT" "1"

CS: block property: block_name=/amplcpld/EXPANDED_FlattenFull/amplcpld prop_name=TYPE prop_terse=XDM_PROPERTY_STRING "TYPE" "amplcpld"

CS: block property: block_name=/amplcpld/EXPANDED_FlattenFull/amplcpld/adc_bits[9].adc_ff\/Q\/FDCP prop_name=TYPE prop_terse=XDM_PROPERTY_STRING "TYPE" "FDCP"

CS: block property: block_name=/amplcpld/EXPANDED_FlattenFull/amplcpld/adc_bits[9].adc_ff\/Q\/FDCP prop_name=INIT prop_terse=XDM_PROPERTY_STRING "INIT" "1"

CS: block property: block_name=/amplcpld/EXPANDED_FlattenFull/amplcpld prop_name=TYPE prop_terse=XDM_PROPERTY_STRING "TYPE" "amplcpld"

CS: block property: block_name=/amplcpld/EXPANDED_FlattenFull/amplcpld/adc_bits[9].adc_ff\/Q\/X_ONE prop_name=TYPE prop_terse=XDM_PROPERTY_STRING "TYPE" "FDCP"

CS: block property: block_name=/amplcpld/EXPANDED_FlattenFull/amplcpld/adc_bits[9].adc_ff\/Q\/X_ONE prop_name=INIT prop_terse=XDM_PROPERTY_STRING "INIT" "1"

CS: block property: block_name=/amplcpld/EXPANDED_FlattenFull/amplcpld prop_name=TYPE prop_terse=XDM_PROPERTY_STRING "TYPE" "amplcpld"

CS: block property: block_name=/amplcpld/EXPANDED_FlattenFull/amplcpld/adc_bits[9].adc_ff\/$1I43 prop_name=TYPE prop_terse=XDM_PROPERTY_STRING "TYPE" "GND"

CS: block property: block_name=/amplcpld/EXPANDED_FlattenFull/amplcpld/adc_bits[9].adc_ff\/$1I43 prop_name=INIT prop_terse=XDM_PROPERTY_STRING "INIT" "1"

CS: block property: block_name=/amplcpld/EXPANDED_FlattenFull/amplcpld prop_name=TYPE prop_terse=XDM_PROPERTY_STRING "TYPE" "amplcpld"

CS: block property: block_name=/amplcpld/EXPANDED_FlattenFull/amplcpld/adc_bits[10].adc_ff\/Q\/FDCP prop_name=TYPE prop_terse=XDM_PROPERTY_STRING "TYPE" "FDCP"

CS: block property: block_name=/amplcpld/EXPANDED_FlattenFull/amplcpld/adc_bits[10].adc_ff\/Q\/FDCP prop_name=INIT prop_terse=XDM_PROPERTY_STRING "INIT" "1"

CS: block property: block_name=/amplcpld/EXPANDED_FlattenFull/amplcpld prop_name=TYPE prop_terse=XDM_PROPERTY_STRING "TYPE" "amplcpld"

CS: block property: block_name=/amplcpld/EXPANDED_FlattenFull/amplcpld/adc_bits[10].adc_ff\/Q\/X_ONE prop_name=TYPE prop_terse=XDM_PROPERTY_STRING "TYPE" "FDCP"

CS: block property: block_name=/amplcpld/EXPANDED_FlattenFull/amplcpld/adc_bits[10].adc_ff\/Q\/X_ONE prop_name=INIT prop_terse=XDM_PROPERTY_STRING "INIT" "1"

CS: block property: block_name=/amplcpld/EXPANDED_FlattenFull/amplcpld prop_name=TYPE prop_terse=XDM_PROPERTY_STRING "TYPE" "amplcpld"

CS: block property: block_name=/amplcpld/EXPANDED_FlattenFull/amplcpld/adc_bits[10].adc_ff\/$1I43 prop_name=TYPE prop_terse=XDM_PROPERTY_STRING "TYPE" "GND"

CS: block property: block_name=/amplcpld/EXPANDED_FlattenFull/amplcpld/adc_bits[10].adc_ff\/$1I43 prop_name=INIT prop_terse=XDM_PROPERTY_STRING "INIT" "1"

CS: block property: block_name=/amplcpld/EXPANDED_FlattenFull/amplcpld prop_name=TYPE prop_terse=XDM_PROPERTY_STRING "TYPE" "amplcpld"

CS: block property: block_name=/amplcpld/EXPANDED_FlattenFull/amplcpld/adc_bits[11].adc_ff\/Q\/FDCP prop_name=TYPE prop_terse=XDM_PROPERTY_STRING "TYPE" "FDCP"

CS: block property: block_name=/amplcpld/EXPANDED_FlattenFull/amplcpld/adc_bits[11].adc_ff\/Q\/FDCP prop_name=INIT prop_terse=XDM_PROPERTY_STRING "INIT" "1"

CS: block property: block_name=/amplcpld/EXPANDED_FlattenFull/amplcpld prop_name=TYPE prop_terse=XDM_PROPERTY_STRING "TYPE" "amplcpld"

CS: block property: block_name=/amplcpld/EXPANDED_FlattenFull/amplcpld/adc_bits[11].adc_ff\/Q\/X_ONE prop_name=TYPE prop_terse=XDM_PROPERTY_STRING "TYPE" "FDCP"

CS: block property: block_name=/amplcpld/EXPANDED_FlattenFull/amplcpld/adc_bits[11].adc_ff\/Q\/X_ONE prop_name=INIT prop_terse=XDM_PROPERTY_STRING "INIT" "1"

CS: block property: block_name=/amplcpld/EXPANDED_FlattenFull/amplcpld prop_name=TYPE prop_terse=XDM_PROPERTY_STRING "TYPE" "amplcpld"

CS: block property: block_name=/amplcpld/EXPANDED_FlattenFull/amplcpld/adc_bits[11].adc_ff\/$1I43 prop_name=TYPE prop_terse=XDM_PROPERTY_STRING "TYPE" "GND"

CS: block property: block_name=/amplcpld/EXPANDED_FlattenFull/amplcpld/adc_bits[11].adc_ff\/$1I43 prop_name=INIT prop_terse=XDM_PROPERTY_STRING "INIT" "1"

CS: block property: block_name=/amplcpld/EXPANDED_FlattenFull/amplcpld prop_name=TYPE prop_terse=XDM_PROPERTY_STRING "TYPE" "amplcpld"

CS: block property: block_name=/amplcpld/EXPANDED_FlattenFull/amplcpld/raw_str_toggle\/Q\/FDCP prop_name=TYPE prop_terse=XDM_PROPERTY_STRING "TYPE" "FDCP"

CS: block property: block_name=/amplcpld/EXPANDED_FlattenFull/amplcpld/raw_str_toggle\/Q\/FDCP prop_name=INIT prop_terse=XDM_PROPERTY_STRING "INIT" "1"

CS: block property: block_name=/amplcpld/EXPANDED_FlattenFull/amplcpld prop_name=TYPE prop_terse=XDM_PROPERTY_STRING "TYPE" "amplcpld"

CS: block property: block_name=/amplcpld/EXPANDED_FlattenFull/amplcpld/raw_str_toggle\/Q\/X_ONE prop_name=TYPE prop_terse=XDM_PROPERTY_STRING "TYPE" "FDCP"

CS: block property: block_name=/amplcpld/EXPANDED_FlattenFull/amplcpld/raw_str_toggle\/Q\/X_ONE prop_name=INIT prop_terse=XDM_PROPERTY_STRING "INIT" "1"

CS: block property: block_name=/amplcpld/EXPANDED_FlattenFull/amplcpld prop_name=TYPE prop_terse=XDM_PROPERTY_STRING "TYPE" "amplcpld"

CS: block property: block_name=/amplcpld/EXPANDED_FlattenFull/amplcpld/raw_str_toggle\/$1I43 prop_name=TYPE prop_terse=XDM_PROPERTY_STRING "TYPE" "GND"

CS: block property: block_name=/amplcpld/EXPANDED_FlattenFull/amplcpld/raw_str_toggle\/$1I43 prop_name=INIT prop_terse=XDM_PROPERTY_STRING "INIT" "1"

CS: block property: block_name=/amplcpld/EXPANDED_FlattenFull/amplcpld prop_name=TYPE prop_terse=XDM_PROPERTY_STRING "TYPE" "amplcpld"

CS: block property: block_name=/amplcpld/EXPANDED_FlattenFull/amplcpld/cal_phase\/Q prop_name=TYPE prop_terse=XDM_PROPERTY_STRING "TYPE" "FDCE"

CS: block property: block_name=/amplcpld/EXPANDED_FlattenFull/amplcpld/cal_phase\/Q prop_name=INIT prop_terse=XDM_PROPERTY_STRING "INIT" "1"

CS: block property: block_name=/amplcpld/EXPANDED_FlattenFull/amplcpld prop_name=TYPE prop_terse=XDM_PROPERTY_STRING "TYPE" "amplcpld"

CS: block property: block_name=/amplcpld/EXPANDED_FlattenFull/amplcpld/cal_phase\/X_ZERO prop_name=TYPE prop_terse=XDM_PROPERTY_STRING "TYPE" "FDCE"

CS: block property: block_name=/amplcpld/EXPANDED_FlattenFull/amplcpld/cal_phase\/X_ZERO prop_name=INIT prop_terse=XDM_PROPERTY_STRING "INIT" "1"

CS: block property: block_name=/amplcpld/EXPANDED_FlattenFull/amplcpld prop_name=TYPE prop_terse=XDM_PROPERTY_STRING "TYPE" "amplcpld"

CS: block property: block_name=/amplcpld/EXPANDED_FlattenFull/amplcpld/raw_stretch\/Q prop_name=TYPE prop_terse=XDM_PROPERTY_STRING "TYPE" "FDCE"

CS: block property: block_name=/amplcpld/EXPANDED_FlattenFull/amplcpld/raw_stretch\/Q prop_name=INIT prop_terse=XDM_PROPERTY_STRING "INIT" "1"

CS: block property: block_name=/amplcpld/EXPANDED_FlattenFull/amplcpld prop_name=TYPE prop_terse=XDM_PROPERTY_STRING "TYPE" "amplcpld"

CS: block property: block_name=/amplcpld/EXPANDED_FlattenFull/amplcpld/raw_stretch\/X_ZERO prop_name=TYPE prop_terse=XDM_PROPERTY_STRING "TYPE" "FDCE"

CS: block property: block_name=/amplcpld/EXPANDED_FlattenFull/amplcpld/raw_stretch\/X_ZERO prop_name=INIT prop_terse=XDM_PROPERTY_STRING "INIT" "1"

CS: block property: block_name=/amplcpld/EXPANDED_FlattenFull/amplcpld prop_name=TYPE prop_terse=XDM_PROPERTY_STRING "TYPE" "amplcpld"

CS: block property: block_name=/amplcpld/EXPANDED_FlattenFull/amplcpld/raw_edge\/Q\/FDCP prop_name=TYPE prop_terse=XDM_PROPERTY_STRING "TYPE" "FDCP"

CS: block property: block_name=/amplcpld/EXPANDED_FlattenFull/amplcpld/raw_edge\/Q\/FDCP prop_name=INIT prop_terse=XDM_PROPERTY_STRING "INIT" "1"

CS: block property: block_name=/amplcpld/EXPANDED_FlattenFull/amplcpld prop_name=TYPE prop_terse=XDM_PROPERTY_STRING "TYPE" "amplcpld"

CS: block property: block_name=/amplcpld/EXPANDED_FlattenFull/amplcpld/raw_edge\/Q\/X_ONE prop_name=TYPE prop_terse=XDM_PROPERTY_STRING "TYPE" "FDCP"

CS: block property: block_name=/amplcpld/EXPANDED_FlattenFull/amplcpld/raw_edge\/Q\/X_ONE prop_name=INIT prop_terse=XDM_PROPERTY_STRING "INIT" "1"

CS: block property: block_name=/amplcpld/EXPANDED_FlattenFull/amplcpld prop_name=TYPE prop_terse=XDM_PROPERTY_STRING "TYPE" "amplcpld"

CS: block property: block_name=/amplcpld/EXPANDED_FlattenFull/amplcpld/raw_edge\/$1I43 prop_name=TYPE prop_terse=XDM_PROPERTY_STRING "TYPE" "GND"

CS: block property: block_name=/amplcpld/EXPANDED_FlattenFull/amplcpld/raw_edge\/$1I43 prop_name=INIT prop_terse=XDM_PROPERTY_STRING "INIT" "1"

CS: block property: block_name=/amplcpld/EXPANDED_FlattenFull/amplcpld prop_name=TYPE prop_terse=XDM_PROPERTY_STRING "TYPE" "amplcpld"

CS: block property: block_name=/amplcpld/EXPANDED_FlattenFull/amplcpld/str_div\/Q prop_name=TYPE prop_terse=XDM_PROPERTY_STRING "TYPE" "FDCE"

CS: block property: block_name=/amplcpld/EXPANDED_FlattenFull/amplcpld/str_div\/Q prop_name=INIT prop_terse=XDM_PROPERTY_STRING "INIT" "1"

CS: block property: block_name=/amplcpld/EXPANDED_FlattenFull/amplcpld prop_name=TYPE prop_terse=XDM_PROPERTY_STRING "TYPE" "amplcpld"

CS: block property: block_name=/amplcpld/EXPANDED_FlattenFull/amplcpld/str_div\/X_ZERO prop_name=TYPE prop_terse=XDM_PROPERTY_STRING "TYPE" "FDCE"

CS: block property: block_name=/amplcpld/EXPANDED_FlattenFull/amplcpld/str_div\/X_ZERO prop_name=INIT prop_terse=XDM_PROPERTY_STRING "INIT" "1"

CS: block property: block_name=/amplcpld/EXPANDED_FlattenFull/amplcpld prop_name=TYPE prop_terse=XDM_PROPERTY_STRING "TYPE" "amplcpld"

CS: block property: block_name=/amplcpld/EXPANDED_FlattenFull/amplcpld/c_count_0\/Q prop_name=TYPE prop_terse=XDM_PROPERTY_STRING "TYPE" "FDCE"

CS: block property: block_name=/amplcpld/EXPANDED_FlattenFull/amplcpld/c_count_0\/Q prop_name=INIT prop_terse=XDM_PROPERTY_STRING "INIT" "1"

CS: block property: block_name=/amplcpld/EXPANDED_FlattenFull/amplcpld prop_name=TYPE prop_terse=XDM_PROPERTY_STRING "TYPE" "amplcpld"

CS: block property: block_name=/amplcpld/EXPANDED_FlattenFull/amplcpld/c_count_0\/X_ZERO prop_name=TYPE prop_terse=XDM_PROPERTY_STRING "TYPE" "FDCE"

CS: block property: block_name=/amplcpld/EXPANDED_FlattenFull/amplcpld/c_count_0\/X_ZERO prop_name=INIT prop_terse=XDM_PROPERTY_STRING "INIT" "1"

CS: block property: block_name=/amplcpld/EXPANDED_FlattenFull/amplcpld prop_name=TYPE prop_terse=XDM_PROPERTY_STRING "TYPE" "amplcpld"

CS: block property: block_name=/amplcpld/EXPANDED_FlattenFull/amplcpld/c_count_1\/Q prop_name=TYPE prop_terse=XDM_PROPERTY_STRING "TYPE" "FDCE"

CS: block property: block_name=/amplcpld/EXPANDED_FlattenFull/amplcpld/c_count_1\/Q prop_name=INIT prop_terse=XDM_PROPERTY_STRING "INIT" "1"

CS: block property: block_name=/amplcpld/EXPANDED_FlattenFull/amplcpld prop_name=TYPE prop_terse=XDM_PROPERTY_STRING "TYPE" "amplcpld"

CS: block property: block_name=/amplcpld/EXPANDED_FlattenFull/amplcpld/c_count_1\/X_ZERO prop_name=TYPE prop_terse=XDM_PROPERTY_STRING "TYPE" "FDCE"

CS: block property: block_name=/amplcpld/EXPANDED_FlattenFull/amplcpld/c_count_1\/X_ZERO prop_name=INIT prop_terse=XDM_PROPERTY_STRING "INIT" "1"

CS: block property: block_name=/amplcpld/EXPANDED_FlattenFull/amplcpld prop_name=TYPE prop_terse=XDM_PROPERTY_STRING "TYPE" "amplcpld"

CS: block property: block_name=/amplcpld/EXPANDED_FlattenFull/amplcpld/c_count_2\/Q prop_name=TYPE prop_terse=XDM_PROPERTY_STRING "TYPE" "FDCE"

CS: block property: block_name=/amplcpld/EXPANDED_FlattenFull/amplcpld/c_count_2\/Q prop_name=INIT prop_terse=XDM_PROPERTY_STRING "INIT" "1"

CS: block property: block_name=/amplcpld/EXPANDED_FlattenFull/amplcpld prop_name=TYPE prop_terse=XDM_PROPERTY_STRING "TYPE" "amplcpld"

CS: block property: block_name=/amplcpld/EXPANDED_FlattenFull/amplcpld/c_count_2\/X_ZERO prop_name=TYPE prop_terse=XDM_PROPERTY_STRING "TYPE" "FDCE"

CS: block property: block_name=/amplcpld/EXPANDED_FlattenFull/amplcpld/c_count_2\/X_ZERO prop_name=INIT prop_terse=XDM_PROPERTY_STRING "INIT" "1"

CS: block property: block_name=/amplcpld/EXPANDED_FlattenFull/amplcpld prop_name=TYPE prop_terse=XDM_PROPERTY_STRING "TYPE" "amplcpld"

CS: block property: block_name=/amplcpld/EXPANDED_FlattenFull/amplcpld/O_12\/Q prop_name=TYPE prop_terse=XDM_PROPERTY_STRING "TYPE" "FDCE"

CS: block property: block_name=/amplcpld/EXPANDED_FlattenFull/amplcpld/O_12\/Q prop_name=INIT prop_terse=XDM_PROPERTY_STRING "INIT" "1"

CS: block property: block_name=/amplcpld/EXPANDED_FlattenFull/amplcpld prop_name=TYPE prop_terse=XDM_PROPERTY_STRING "TYPE" "amplcpld"

CS: block property: block_name=/amplcpld/EXPANDED_FlattenFull/amplcpld/O_12\/X_ZERO prop_name=TYPE prop_terse=XDM_PROPERTY_STRING "TYPE" "FDCE"

CS: block property: block_name=/amplcpld/EXPANDED_FlattenFull/amplcpld/O_12\/X_ZERO prop_name=INIT prop_terse=XDM_PROPERTY_STRING "INIT" "1"

CS: block property: block_name=/amplcpld/EXPANDED_FlattenFull/amplcpld prop_name=TYPE prop_terse=XDM_PROPERTY_STRING "TYPE" "amplcpld"

CS: block property: block_name=/amplcpld/EXPANDED_FlattenFull/amplcpld/c_count_3\/Q prop_name=TYPE prop_terse=XDM_PROPERTY_STRING "TYPE" "FDCE"

CS: block property: block_name=/amplcpld/EXPANDED_FlattenFull/amplcpld/c_count_3\/Q prop_name=INIT prop_terse=XDM_PROPERTY_STRING "INIT" "1"

CS: block property: block_name=/amplcpld/EXPANDED_FlattenFull/amplcpld prop_name=TYPE prop_terse=XDM_PROPERTY_STRING "TYPE" "amplcpld"

CS: block property: block_name=/amplcpld/EXPANDED_FlattenFull/amplcpld/c_count_3\/X_ZERO prop_name=TYPE prop_terse=XDM_PROPERTY_STRING "TYPE" "FDCE"

CS: block property: block_name=/amplcpld/EXPANDED_FlattenFull/amplcpld/c_count_3\/X_ZERO prop_name=INIT prop_terse=XDM_PROPERTY_STRING "INIT" "1"

CS: block property: block_name=/amplcpld/EXPANDED_FlattenFull/amplcpld prop_name=TYPE prop_terse=XDM_PROPERTY_STRING "TYPE" "amplcpld"

CS: block property: block_name=/amplcpld/EXPANDED_FlattenFull/amplcpld/c_count_4\/Q prop_name=TYPE prop_terse=XDM_PROPERTY_STRING "TYPE" "FDCE"

CS: block property: block_name=/amplcpld/EXPANDED_FlattenFull/amplcpld/c_count_4\/Q prop_name=INIT prop_terse=XDM_PROPERTY_STRING "INIT" "1"

CS: block property: block_name=/amplcpld/EXPANDED_FlattenFull/amplcpld prop_name=TYPE prop_terse=XDM_PROPERTY_STRING "TYPE" "amplcpld"

CS: block property: block_name=/amplcpld/EXPANDED_FlattenFull/amplcpld/c_count_4\/X_ZERO prop_name=TYPE prop_terse=XDM_PROPERTY_STRING "TYPE" "FDCE"

CS: block property: block_name=/amplcpld/EXPANDED_FlattenFull/amplcpld/c_count_4\/X_ZERO prop_name=INIT prop_terse=XDM_PROPERTY_STRING "INIT" "1"

CS: block property: block_name=/amplcpld/EXPANDED_FlattenFull/amplcpld prop_name=TYPE prop_terse=XDM_PROPERTY_STRING "TYPE" "amplcpld"

CS: block property: block_name=/amplcpld/EXPANDED_FlattenFull/amplcpld/str1\/Q prop_name=TYPE prop_terse=XDM_PROPERTY_STRING "TYPE" "FDCE"

CS: block property: block_name=/amplcpld/EXPANDED_FlattenFull/amplcpld/str1\/Q prop_name=INIT prop_terse=XDM_PROPERTY_STRING "INIT" "1"

CS: block property: block_name=/amplcpld/EXPANDED_FlattenFull/amplcpld prop_name=TYPE prop_terse=XDM_PROPERTY_STRING "TYPE" "amplcpld"

CS: block property: block_name=/amplcpld/EXPANDED_FlattenFull/amplcpld/str1\/X_ZERO prop_name=TYPE prop_terse=XDM_PROPERTY_STRING "TYPE" "FDCE"

CS: block property: block_name=/amplcpld/EXPANDED_FlattenFull/amplcpld/str1\/X_ZERO prop_name=INIT prop_terse=XDM_PROPERTY_STRING "INIT" "1"

CS: block property: block_name=/amplcpld/EXPANDED_FlattenFull/amplcpld prop_name=TYPE prop_terse=XDM_PROPERTY_STRING "TYPE" "amplcpld"

CS: block property: block_name=/amplcpld/EXPANDED_FlattenFull/amplcpld/str2\/Q\/FDCP prop_name=TYPE prop_terse=XDM_PROPERTY_STRING "TYPE" "FDCP"

CS: block property: block_name=/amplcpld/EXPANDED_FlattenFull/amplcpld/str2\/Q\/FDCP prop_name=INIT prop_terse=XDM_PROPERTY_STRING "INIT" "1"

CS: block property: block_name=/amplcpld/EXPANDED_FlattenFull/amplcpld prop_name=TYPE prop_terse=XDM_PROPERTY_STRING "TYPE" "amplcpld"

CS: block property: block_name=/amplcpld/EXPANDED_FlattenFull/amplcpld/str2\/Q\/X_ONE prop_name=TYPE prop_terse=XDM_PROPERTY_STRING "TYPE" "FDCP"

CS: block property: block_name=/amplcpld/EXPANDED_FlattenFull/amplcpld/str2\/Q\/X_ONE prop_name=INIT prop_terse=XDM_PROPERTY_STRING "INIT" "1"

CS: block property: block_name=/amplcpld/EXPANDED_FlattenFull/amplcpld prop_name=TYPE prop_terse=XDM_PROPERTY_STRING "TYPE" "amplcpld"

CS: block property: block_name=/amplcpld/EXPANDED_FlattenFull/amplcpld/str2\/$1I43 prop_name=TYPE prop_terse=XDM_PROPERTY_STRING "TYPE" "GND"

CS: block property: block_name=/amplcpld/EXPANDED_FlattenFull/amplcpld/str2\/$1I43 prop_name=INIT prop_terse=XDM_PROPERTY_STRING "INIT" "1"

CS: block property: block_name=/amplcpld/EXPANDED_FlattenFull/amplcpld prop_name=TYPE prop_terse=XDM_PROPERTY_STRING "TYPE" "amplcpld"

CS: block property: block_name=/amplcpld/EXPANDED_FlattenFull/amplcpld/c_count_5\/Q prop_name=TYPE prop_terse=XDM_PROPERTY_STRING "TYPE" "FDCE"

CS: block property: block_name=/amplcpld/EXPANDED_FlattenFull/amplcpld/c_count_5\/Q prop_name=INIT prop_terse=XDM_PROPERTY_STRING "INIT" "1"

CS: block property: block_name=/amplcpld/EXPANDED_FlattenFull/amplcpld prop_name=TYPE prop_terse=XDM_PROPERTY_STRING "TYPE" "amplcpld"

CS: block property: block_name=/amplcpld/EXPANDED_FlattenFull/amplcpld/c_count_5\/X_ZERO prop_name=TYPE prop_terse=XDM_PROPERTY_STRING "TYPE" "FDCE"

CS: block property: block_name=/amplcpld/EXPANDED_FlattenFull/amplcpld/c_count_5\/X_ZERO prop_name=INIT prop_terse=XDM_PROPERTY_STRING "INIT" "1"

CS: block property: block_name=/amplcpld/EXPANDED_FlattenFull/amplcpld prop_name=TYPE prop_terse=XDM_PROPERTY_STRING "TYPE" "amplcpld"

CS: block property: block_name=/amplcpld/EXPANDED_FlattenFull/amplcpld/dv_reg\/Q\/FDCP prop_name=TYPE prop_terse=XDM_PROPERTY_STRING "TYPE" "FDCP"

CS: block property: block_name=/amplcpld/EXPANDED_FlattenFull/amplcpld/dv_reg\/Q\/FDCP prop_name=INIT prop_terse=XDM_PROPERTY_STRING "INIT" "1"

CS: block property: block_name=/amplcpld/EXPANDED_FlattenFull/amplcpld prop_name=TYPE prop_terse=XDM_PROPERTY_STRING "TYPE" "amplcpld"

CS: block property: block_name=/amplcpld/EXPANDED_FlattenFull/amplcpld/dv_reg\/Q\/X_ONE prop_name=TYPE prop_terse=XDM_PROPERTY_STRING "TYPE" "FDCP"

CS: block property: block_name=/amplcpld/EXPANDED_FlattenFull/amplcpld/dv_reg\/Q\/X_ONE prop_name=INIT prop_terse=XDM_PROPERTY_STRING "INIT" "1"

CS: block property: block_name=/amplcpld/EXPANDED_FlattenFull/amplcpld prop_name=TYPE prop_terse=XDM_PROPERTY_STRING "TYPE" "amplcpld"

CS: block property: block_name=/amplcpld/EXPANDED_FlattenFull/amplcpld/dv_reg\/$1I43 prop_name=TYPE prop_terse=XDM_PROPERTY_STRING "TYPE" "GND"

CS: block property: block_name=/amplcpld/EXPANDED_FlattenFull/amplcpld/dv_reg\/$1I43 prop_name=INIT prop_terse=XDM_PROPERTY_STRING "INIT" "1"

CS: block property: block_name=/amplcpld/EXPANDED_FlattenFull/amplcpld prop_name=TYPE prop_terse=XDM_PROPERTY_STRING "TYPE" "amplcpld"

CS: block property: block_name=/amplcpld/EXPANDED_FlattenFull/amplcpld/clk20n_reg\/Q\/FDCP prop_name=TYPE prop_terse=XDM_PROPERTY_STRING "TYPE" "FDCP"

CS: block property: block_name=/amplcpld/EXPANDED_FlattenFull/amplcpld/clk20n_reg\/Q\/FDCP prop_name=INIT prop_terse=XDM_PROPERTY_STRING "INIT" "0"

CS: block property: block_name=/amplcpld/EXPANDED_FlattenFull/amplcpld prop_name=TYPE prop_terse=XDM_PROPERTY_STRING "TYPE" "amplcpld"

CS: block property: block_name=/amplcpld/EXPANDED_FlattenFull/amplcpld/clk20n_reg\/Q\/X_ONE prop_name=TYPE prop_terse=XDM_PROPERTY_STRING "TYPE" "FDCP"

CS: block property: block_name=/amplcpld/EXPANDED_FlattenFull/amplcpld/clk20n_reg\/Q\/X_ONE prop_name=INIT prop_terse=XDM_PROPERTY_STRING "INIT" "0"

CS: block property: block_name=/amplcpld/EXPANDED_FlattenFull/amplcpld prop_name=TYPE prop_terse=XDM_PROPERTY_STRING "TYPE" "amplcpld"

CS: block property: block_name=/amplcpld/EXPANDED_FlattenFull/amplcpld/clk20n_reg\/$1I43 prop_name=TYPE prop_terse=XDM_PROPERTY_STRING "TYPE" "GND"

CS: block property: block_name=/amplcpld/EXPANDED_FlattenFull/amplcpld/clk20n_reg\/$1I43 prop_name=INIT prop_terse=XDM_PROPERTY_STRING "INIT" "0"

CS: block property: block_name=/amplcpld/EXPANDED_FlattenFull/amplcpld prop_name=TYPE prop_terse=XDM_PROPERTY_STRING "TYPE" "amplcpld"

CS: block property: block_name=/amplcpld/EXPANDED_FlattenFull/amplcpld/c_count_6\/Q prop_name=TYPE prop_terse=XDM_PROPERTY_STRING "TYPE" "FDCE"

CS: block property: block_name=/amplcpld/EXPANDED_FlattenFull/amplcpld/c_count_6\/Q prop_name=INIT prop_terse=XDM_PROPERTY_STRING "INIT" "1"

CS: block property: block_name=/amplcpld/EXPANDED_FlattenFull/amplcpld prop_name=TYPE prop_terse=XDM_PROPERTY_STRING "TYPE" "amplcpld"

CS: block property: block_name=/amplcpld/EXPANDED_FlattenFull/amplcpld/c_count_6\/X_ZERO prop_name=TYPE prop_terse=XDM_PROPERTY_STRING "TYPE" "FDCE"

CS: block property: block_name=/amplcpld/EXPANDED_FlattenFull/amplcpld/c_count_6\/X_ZERO prop_name=INIT prop_terse=XDM_PROPERTY_STRING "INIT" "1"

CS: block property: block_name=/amplcpld/EXPANDED_FlattenFull/amplcpld prop_name=TYPE prop_terse=XDM_PROPERTY_STRING "TYPE" "amplcpld"

CS: block property: block_name=/amplcpld/EXPANDED_FlattenFull/amplcpld/c_count_7\/Q prop_name=TYPE prop_terse=XDM_PROPERTY_STRING "TYPE" "FDCE"

CS: block property: block_name=/amplcpld/EXPANDED_FlattenFull/amplcpld/c_count_7\/Q prop_name=INIT prop_terse=XDM_PROPERTY_STRING "INIT" "1"

CS: block property: block_name=/amplcpld/EXPANDED_FlattenFull/amplcpld prop_name=TYPE prop_terse=XDM_PROPERTY_STRING "TYPE" "amplcpld"

CS: block property: block_name=/amplcpld/EXPANDED_FlattenFull/amplcpld/c_count_7\/X_ZERO prop_name=TYPE prop_terse=XDM_PROPERTY_STRING "TYPE" "FDCE"

CS: block property: block_name=/amplcpld/EXPANDED_FlattenFull/amplcpld/c_count_7\/X_ZERO prop_name=INIT prop_terse=XDM_PROPERTY_STRING "INIT" "1"

CS: block property: block_name=/amplcpld/EXPANDED_FlattenFull/amplcpld prop_name=TYPE prop_terse=XDM_PROPERTY_STRING "TYPE" "amplcpld"

CS: block property: block_name=/amplcpld/EXPANDED_FlattenFull/amplcpld/c_count_8\/Q prop_name=TYPE prop_terse=XDM_PROPERTY_STRING "TYPE" "FDCE"

CS: block property: block_name=/amplcpld/EXPANDED_FlattenFull/amplcpld/c_count_8\/Q prop_name=INIT prop_terse=XDM_PROPERTY_STRING "INIT" "1"

CS: block property: block_name=/amplcpld/EXPANDED_FlattenFull/amplcpld prop_name=TYPE prop_terse=XDM_PROPERTY_STRING "TYPE" "amplcpld"

CS: block property: block_name=/amplcpld/EXPANDED_FlattenFull/amplcpld/c_count_8\/X_ZERO prop_name=TYPE prop_terse=XDM_PROPERTY_STRING "TYPE" "FDCE"

CS: block property: block_name=/amplcpld/EXPANDED_FlattenFull/amplcpld/c_count_8\/X_ZERO prop_name=INIT prop_terse=XDM_PROPERTY_STRING "INIT" "1"

CS: block property: block_name=/amplcpld/EXPANDED_FlattenFull/amplcpld prop_name=TYPE prop_terse=XDM_PROPERTY_STRING "TYPE" "amplcpld"

CS: block property: block_name=/amplcpld/EXPANDED_FlattenFull/amplcpld/c_count_9\/Q prop_name=TYPE prop_terse=XDM_PROPERTY_STRING "TYPE" "FDCE"

CS: block property: block_name=/amplcpld/EXPANDED_FlattenFull/amplcpld/c_count_9\/Q prop_name=INIT prop_terse=XDM_PROPERTY_STRING "INIT" "1"

CS: block property: block_name=/amplcpld/EXPANDED_FlattenFull/amplcpld prop_name=TYPE prop_terse=XDM_PROPERTY_STRING "TYPE" "amplcpld"

CS: block property: block_name=/amplcpld/EXPANDED_FlattenFull/amplcpld/c_count_9\/X_ZERO prop_name=TYPE prop_terse=XDM_PROPERTY_STRING "TYPE" "FDCE"

CS: block property: block_name=/amplcpld/EXPANDED_FlattenFull/amplcpld/c_count_9\/X_ZERO prop_name=INIT prop_terse=XDM_PROPERTY_STRING "INIT" "1"

CS: block property: block_name=/amplcpld/EXPANDED_FlattenFull/amplcpld prop_name=TYPE prop_terse=XDM_PROPERTY_STRING "TYPE" "amplcpld"

CS: block property: block_name=/amplcpld/EXPANDED_FlattenFull/amplcpld/cal_sample\/Q prop_name=TYPE prop_terse=XDM_PROPERTY_STRING "TYPE" "FDCE"

CS: block property: block_name=/amplcpld/EXPANDED_FlattenFull/amplcpld/cal_sample\/Q prop_name=INIT prop_terse=XDM_PROPERTY_STRING "INIT" "1"

CS: block property: block_name=/amplcpld/EXPANDED_FlattenFull/amplcpld prop_name=TYPE prop_terse=XDM_PROPERTY_STRING "TYPE" "amplcpld"

CS: block property: block_name=/amplcpld/EXPANDED_FlattenFull/amplcpld/cal_sample\/X_ZERO prop_name=TYPE prop_terse=XDM_PROPERTY_STRING "TYPE" "FDCE"

CS: block property: block_name=/amplcpld/EXPANDED_FlattenFull/amplcpld/cal_sample\/X_ZERO prop_name=INIT prop_terse=XDM_PROPERTY_STRING "INIT" "1"

CS: block property: block_name=/amplcpld/EXPANDED_FlattenFull/amplcpld prop_name=TYPE prop_terse=XDM_PROPERTY_STRING "TYPE" "amplcpld"

CS: block property: block_name=/amplcpld/EXPANDED_FlattenFull/amplcpld/inhibit_pipe_0\/Q prop_name=TYPE prop_terse=XDM_PROPERTY_STRING "TYPE" "FDCE"

CS: block property: block_name=/amplcpld/EXPANDED_FlattenFull/amplcpld/inhibit_pipe_0\/Q prop_name=INIT prop_terse=XDM_PROPERTY_STRING "INIT" "1"

CS: block property: block_name=/amplcpld/EXPANDED_FlattenFull/amplcpld prop_name=TYPE prop_terse=XDM_PROPERTY_STRING "TYPE" "amplcpld"

CS: block property: block_name=/amplcpld/EXPANDED_FlattenFull/amplcpld/inhibit_pipe_0\/X_ZERO prop_name=TYPE prop_terse=XDM_PROPERTY_STRING "TYPE" "FDCE"

CS: block property: block_name=/amplcpld/EXPANDED_FlattenFull/amplcpld/inhibit_pipe_0\/X_ZERO prop_name=INIT prop_terse=XDM_PROPERTY_STRING "INIT" "1"

CS: block property: block_name=/amplcpld/EXPANDED_FlattenFull/amplcpld prop_name=TYPE prop_terse=XDM_PROPERTY_STRING "TYPE" "amplcpld"

CS: block property: block_name=/amplcpld/EXPANDED_FlattenFull/amplcpld/inhibit_pipe_1\/Q prop_name=TYPE prop_terse=XDM_PROPERTY_STRING "TYPE" "FDCE"

CS: block property: block_name=/amplcpld/EXPANDED_FlattenFull/amplcpld/inhibit_pipe_1\/Q prop_name=INIT prop_terse=XDM_PROPERTY_STRING "INIT" "1"

CS: block property: block_name=/amplcpld/EXPANDED_FlattenFull/amplcpld prop_name=TYPE prop_terse=XDM_PROPERTY_STRING "TYPE" "amplcpld"

CS: block property: block_name=/amplcpld/EXPANDED_FlattenFull/amplcpld/inhibit_pipe_1\/X_ZERO prop_name=TYPE prop_terse=XDM_PROPERTY_STRING "TYPE" "FDCE"

CS: block property: block_name=/amplcpld/EXPANDED_FlattenFull/amplcpld/inhibit_pipe_1\/X_ZERO prop_name=INIT prop_terse=XDM_PROPERTY_STRING "INIT" "1"

CS: block property: block_name=/amplcpld/EXPANDED_FlattenFull/amplcpld prop_name=TYPE prop_terse=XDM_PROPERTY_STRING "TYPE" "amplcpld"

CS: block property: block_name=/amplcpld/EXPANDED_FlattenFull/amplcpld/inhibit_pipe_2\/Q prop_name=TYPE prop_terse=XDM_PROPERTY_STRING "TYPE" "FDCE"

CS: block property: block_name=/amplcpld/EXPANDED_FlattenFull/amplcpld/inhibit_pipe_2\/Q prop_name=INIT prop_terse=XDM_PROPERTY_STRING "INIT" "1"

CS: block property: block_name=/amplcpld/EXPANDED_FlattenFull/amplcpld prop_name=TYPE prop_terse=XDM_PROPERTY_STRING "TYPE" "amplcpld"

CS: block property: block_name=/amplcpld/EXPANDED_FlattenFull/amplcpld/inhibit_pipe_2\/X_ZERO prop_name=TYPE prop_terse=XDM_PROPERTY_STRING "TYPE" "FDCE"

CS: block property: block_name=/amplcpld/EXPANDED_FlattenFull/amplcpld/inhibit_pipe_2\/X_ZERO prop_name=INIT prop_terse=XDM_PROPERTY_STRING "INIT" "1"

CS: block property: block_name=/amplcpld/EXPANDED_FlattenFull/amplcpld prop_name=TYPE prop_terse=XDM_PROPERTY_STRING "TYPE" "amplcpld"

CS: block property: block_name=/amplcpld/EXPANDED_FlattenFull/amplcpld/inhibit_pipe_3\/Q prop_name=TYPE prop_terse=XDM_PROPERTY_STRING "TYPE" "FDCE"

CS: block property: block_name=/amplcpld/EXPANDED_FlattenFull/amplcpld/inhibit_pipe_3\/Q prop_name=INIT prop_terse=XDM_PROPERTY_STRING "INIT" "1"

CS: block property: block_name=/amplcpld/EXPANDED_FlattenFull/amplcpld prop_name=TYPE prop_terse=XDM_PROPERTY_STRING "TYPE" "amplcpld"

CS: block property: block_name=/amplcpld/EXPANDED_FlattenFull/amplcpld/inhibit_pipe_3\/X_ZERO prop_name=TYPE prop_terse=XDM_PROPERTY_STRING "TYPE" "FDCE"

CS: block property: block_name=/amplcpld/EXPANDED_FlattenFull/amplcpld/inhibit_pipe_3\/X_ZERO prop_name=INIT prop_terse=XDM_PROPERTY_STRING "INIT" "1"

CS: block property: block_name=/amplcpld/EXPANDED_FlattenFull/amplcpld prop_name=TYPE prop_terse=XDM_PROPERTY_STRING "TYPE" "amplcpld"

CS: block property: block_name=/amplcpld/EXPANDED_FlattenFull/amplcpld/dly_0\/Q\/FDCP prop_name=TYPE prop_terse=XDM_PROPERTY_STRING "TYPE" "FDCP"

CS: block property: block_name=/amplcpld/EXPANDED_FlattenFull/amplcpld/dly_0\/Q\/FDCP prop_name=INIT prop_terse=XDM_PROPERTY_STRING "INIT" "1"

CS: block property: block_name=/amplcpld/EXPANDED_FlattenFull/amplcpld prop_name=TYPE prop_terse=XDM_PROPERTY_STRING "TYPE" "amplcpld"

CS: block property: block_name=/amplcpld/EXPANDED_FlattenFull/amplcpld/dly_0\/Q\/X_ONE prop_name=TYPE prop_terse=XDM_PROPERTY_STRING "TYPE" "FDCP"

CS: block property: block_name=/amplcpld/EXPANDED_FlattenFull/amplcpld/dly_0\/Q\/X_ONE prop_name=INIT prop_terse=XDM_PROPERTY_STRING "INIT" "1"

CS: block property: block_name=/amplcpld/EXPANDED_FlattenFull/amplcpld prop_name=TYPE prop_terse=XDM_PROPERTY_STRING "TYPE" "amplcpld"

CS: block property: block_name=/amplcpld/EXPANDED_FlattenFull/amplcpld/dly_0\/$1I43 prop_name=TYPE prop_terse=XDM_PROPERTY_STRING "TYPE" "GND"

CS: block property: block_name=/amplcpld/EXPANDED_FlattenFull/amplcpld/dly_0\/$1I43 prop_name=INIT prop_terse=XDM_PROPERTY_STRING "INIT" "1"

CS: block property: block_name=/amplcpld/EXPANDED_FlattenFull/amplcpld prop_name=TYPE prop_terse=XDM_PROPERTY_STRING "TYPE" "amplcpld"

CS: block property: block_name=/amplcpld/EXPANDED_FlattenFull/amplcpld/dly_1\/Q\/FDCP prop_name=TYPE prop_terse=XDM_PROPERTY_STRING "TYPE" "FDCP"

CS: block property: block_name=/amplcpld/EXPANDED_FlattenFull/amplcpld/dly_1\/Q\/FDCP prop_name=INIT prop_terse=XDM_PROPERTY_STRING "INIT" "1"

CS: block property: block_name=/amplcpld/EXPANDED_FlattenFull/amplcpld prop_name=TYPE prop_terse=XDM_PROPERTY_STRING "TYPE" "amplcpld"

CS: block property: block_name=/amplcpld/EXPANDED_FlattenFull/amplcpld/dly_1\/Q\/X_ONE prop_name=TYPE prop_terse=XDM_PROPERTY_STRING "TYPE" "FDCP"

CS: block property: block_name=/amplcpld/EXPANDED_FlattenFull/amplcpld/dly_1\/Q\/X_ONE prop_name=INIT prop_terse=XDM_PROPERTY_STRING "INIT" "1"

CS: block property: block_name=/amplcpld/EXPANDED_FlattenFull/amplcpld prop_name=TYPE prop_terse=XDM_PROPERTY_STRING "TYPE" "amplcpld"

CS: block property: block_name=/amplcpld/EXPANDED_FlattenFull/amplcpld/dly_1\/$1I43 prop_name=TYPE prop_terse=XDM_PROPERTY_STRING "TYPE" "GND"

CS: block property: block_name=/amplcpld/EXPANDED_FlattenFull/amplcpld/dly_1\/$1I43 prop_name=INIT prop_terse=XDM_PROPERTY_STRING "INIT" "1"

CS: block property: block_name=/amplcpld/EXPANDED_FlattenFull/amplcpld prop_name=TYPE prop_terse=XDM_PROPERTY_STRING "TYPE" "amplcpld"

CS: block property: block_name=/amplcpld/EXPANDED_FlattenFull/amplcpld/dly_2\/Q\/FDCP prop_name=TYPE prop_terse=XDM_PROPERTY_STRING "TYPE" "FDCP"

CS: block property: block_name=/amplcpld/EXPANDED_FlattenFull/amplcpld/dly_2\/Q\/FDCP prop_name=INIT prop_terse=XDM_PROPERTY_STRING "INIT" "1"

CS: block property: block_name=/amplcpld/EXPANDED_FlattenFull/amplcpld prop_name=TYPE prop_terse=XDM_PROPERTY_STRING "TYPE" "amplcpld"

CS: block property: block_name=/amplcpld/EXPANDED_FlattenFull/amplcpld/dly_2\/Q\/X_ONE prop_name=TYPE prop_terse=XDM_PROPERTY_STRING "TYPE" "FDCP"

CS: block property: block_name=/amplcpld/EXPANDED_FlattenFull/amplcpld/dly_2\/Q\/X_ONE prop_name=INIT prop_terse=XDM_PROPERTY_STRING "INIT" "1"

CS: block property: block_name=/amplcpld/EXPANDED_FlattenFull/amplcpld prop_name=TYPE prop_terse=XDM_PROPERTY_STRING "TYPE" "amplcpld"

CS: block property: block_name=/amplcpld/EXPANDED_FlattenFull/amplcpld/dly_2\/$1I43 prop_name=TYPE prop_terse=XDM_PROPERTY_STRING "TYPE" "GND"

CS: block property: block_name=/amplcpld/EXPANDED_FlattenFull/amplcpld/dly_2\/$1I43 prop_name=INIT prop_terse=XDM_PROPERTY_STRING "INIT" "1"

CS: block property: block_name=/amplcpld/EXPANDED_FlattenFull/amplcpld prop_name=TYPE prop_terse=XDM_PROPERTY_STRING "TYPE" "amplcpld"

CS: block property: block_name=/amplcpld/EXPANDED_FlattenFull/amplcpld/dly_3\/Q\/FDCP prop_name=TYPE prop_terse=XDM_PROPERTY_STRING "TYPE" "FDCP"

CS: block property: block_name=/amplcpld/EXPANDED_FlattenFull/amplcpld/dly_3\/Q\/FDCP prop_name=INIT prop_terse=XDM_PROPERTY_STRING "INIT" "1"

CS: block property: block_name=/amplcpld/EXPANDED_FlattenFull/amplcpld prop_name=TYPE prop_terse=XDM_PROPERTY_STRING "TYPE" "amplcpld"

CS: block property: block_name=/amplcpld/EXPANDED_FlattenFull/amplcpld/dly_3\/Q\/X_ONE prop_name=TYPE prop_terse=XDM_PROPERTY_STRING "TYPE" "FDCP"

CS: block property: block_name=/amplcpld/EXPANDED_FlattenFull/amplcpld/dly_3\/Q\/X_ONE prop_name=INIT prop_terse=XDM_PROPERTY_STRING "INIT" "1"

CS: block property: block_name=/amplcpld/EXPANDED_FlattenFull/amplcpld prop_name=TYPE prop_terse=XDM_PROPERTY_STRING "TYPE" "amplcpld"

CS: block property: block_name=/amplcpld/EXPANDED_FlattenFull/amplcpld/dly_3\/$1I43 prop_name=TYPE prop_terse=XDM_PROPERTY_STRING "TYPE" "GND"

CS: block property: block_name=/amplcpld/EXPANDED_FlattenFull/amplcpld/dly_3\/$1I43 prop_name=INIT prop_terse=XDM_PROPERTY_STRING "INIT" "1"

CS: block property: block_name=/amplcpld/EXPANDED_FlattenFull/amplcpld prop_name=TYPE prop_terse=XDM_PROPERTY_STRING "TYPE" "amplcpld"

CS: block property: block_name=/amplcpld/EXPANDED_FlattenFull/amplcpld/dly_4\/Q\/FDCP prop_name=TYPE prop_terse=XDM_PROPERTY_STRING "TYPE" "FDCP"

CS: block property: block_name=/amplcpld/EXPANDED_FlattenFull/amplcpld/dly_4\/Q\/FDCP prop_name=INIT prop_terse=XDM_PROPERTY_STRING "INIT" "1"

CS: block property: block_name=/amplcpld/EXPANDED_FlattenFull/amplcpld prop_name=TYPE prop_terse=XDM_PROPERTY_STRING "TYPE" "amplcpld"

CS: block property: block_name=/amplcpld/EXPANDED_FlattenFull/amplcpld/dly_4\/Q\/X_ONE prop_name=TYPE prop_terse=XDM_PROPERTY_STRING "TYPE" "FDCP"

CS: block property: block_name=/amplcpld/EXPANDED_FlattenFull/amplcpld/dly_4\/Q\/X_ONE prop_name=INIT prop_terse=XDM_PROPERTY_STRING "INIT" "1"

CS: block property: block_name=/amplcpld/EXPANDED_FlattenFull/amplcpld prop_name=TYPE prop_terse=XDM_PROPERTY_STRING "TYPE" "amplcpld"

CS: block property: block_name=/amplcpld/EXPANDED_FlattenFull/amplcpld/dly_4\/$1I43 prop_name=TYPE prop_terse=XDM_PROPERTY_STRING "TYPE" "GND"

CS: block property: block_name=/amplcpld/EXPANDED_FlattenFull/amplcpld/dly_4\/$1I43 prop_name=INIT prop_terse=XDM_PROPERTY_STRING "INIT" "1"

CS: block property: block_name=/amplcpld/EXPANDED_FlattenFull/amplcpld prop_name=TYPE prop_terse=XDM_PROPERTY_STRING "TYPE" "amplcpld"

CS: block property: block_name=/amplcpld/EXPANDED_FlattenFull/amplcpld/dly_5\/Q\/FDCP prop_name=TYPE prop_terse=XDM_PROPERTY_STRING "TYPE" "FDCP"

CS: block property: block_name=/amplcpld/EXPANDED_FlattenFull/amplcpld/dly_5\/Q\/FDCP prop_name=INIT prop_terse=XDM_PROPERTY_STRING "INIT" "1"

CS: block property: block_name=/amplcpld/EXPANDED_FlattenFull/amplcpld prop_name=TYPE prop_terse=XDM_PROPERTY_STRING "TYPE" "amplcpld"

CS: block property: block_name=/amplcpld/EXPANDED_FlattenFull/amplcpld/dly_5\/Q\/X_ONE prop_name=TYPE prop_terse=XDM_PROPERTY_STRING "TYPE" "FDCP"

CS: block property: block_name=/amplcpld/EXPANDED_FlattenFull/amplcpld/dly_5\/Q\/X_ONE prop_name=INIT prop_terse=XDM_PROPERTY_STRING "INIT" "1"

CS: block property: block_name=/amplcpld/EXPANDED_FlattenFull/amplcpld prop_name=TYPE prop_terse=XDM_PROPERTY_STRING "TYPE" "amplcpld"

CS: block property: block_name=/amplcpld/EXPANDED_FlattenFull/amplcpld/dly_5\/$1I43 prop_name=TYPE prop_terse=XDM_PROPERTY_STRING "TYPE" "GND"

CS: block property: block_name=/amplcpld/EXPANDED_FlattenFull/amplcpld/dly_5\/$1I43 prop_name=INIT prop_terse=XDM_PROPERTY_STRING "INIT" "1"

CS: block property: block_name=/amplcpld/EXPANDED_FlattenFull/amplcpld prop_name=TYPE prop_terse=XDM_PROPERTY_STRING "TYPE" "amplcpld"

CS: block property: block_name=/amplcpld/EXPANDED_FlattenFull/amplcpld/dly_6\/Q\/FDCP prop_name=TYPE prop_terse=XDM_PROPERTY_STRING "TYPE" "FDCP"

CS: block property: block_name=/amplcpld/EXPANDED_FlattenFull/amplcpld/dly_6\/Q\/FDCP prop_name=INIT prop_terse=XDM_PROPERTY_STRING "INIT" "1"

CS: block property: block_name=/amplcpld/EXPANDED_FlattenFull/amplcpld prop_name=TYPE prop_terse=XDM_PROPERTY_STRING "TYPE" "amplcpld"

CS: block property: block_name=/amplcpld/EXPANDED_FlattenFull/amplcpld/dly_6\/Q\/X_ONE prop_name=TYPE prop_terse=XDM_PROPERTY_STRING "TYPE" "FDCP"

CS: block property: block_name=/amplcpld/EXPANDED_FlattenFull/amplcpld/dly_6\/Q\/X_ONE prop_name=INIT prop_terse=XDM_PROPERTY_STRING "INIT" "1"

CS: block property: block_name=/amplcpld/EXPANDED_FlattenFull/amplcpld prop_name=TYPE prop_terse=XDM_PROPERTY_STRING "TYPE" "amplcpld"

CS: block property: block_name=/amplcpld/EXPANDED_FlattenFull/amplcpld/dly_6\/$1I43 prop_name=TYPE prop_terse=XDM_PROPERTY_STRING "TYPE" "GND"

CS: block property: block_name=/amplcpld/EXPANDED_FlattenFull/amplcpld/dly_6\/$1I43 prop_name=INIT prop_terse=XDM_PROPERTY_STRING "INIT" "1"

CS: block property: block_name=/amplcpld/EXPANDED_FlattenFull/amplcpld prop_name=TYPE prop_terse=XDM_PROPERTY_STRING "TYPE" "amplcpld"

CS: block property: block_name=/amplcpld/EXPANDED_FlattenFull/amplcpld/raw_sync_0\/Q\/FDCP prop_name=TYPE prop_terse=XDM_PROPERTY_STRING "TYPE" "FDCP"

CS: block property: block_name=/amplcpld/EXPANDED_FlattenFull/amplcpld/raw_sync_0\/Q\/FDCP prop_name=INIT prop_terse=XDM_PROPERTY_STRING "INIT" "1"

CS: block property: block_name=/amplcpld/EXPANDED_FlattenFull/amplcpld prop_name=TYPE prop_terse=XDM_PROPERTY_STRING "TYPE" "amplcpld"

CS: block property: block_name=/amplcpld/EXPANDED_FlattenFull/amplcpld/raw_sync_0\/Q\/X_ONE prop_name=TYPE prop_terse=XDM_PROPERTY_STRING "TYPE" "FDCP"

CS: block property: block_name=/amplcpld/EXPANDED_FlattenFull/amplcpld/raw_sync_0\/Q\/X_ONE prop_name=INIT prop_terse=XDM_PROPERTY_STRING "INIT" "1"

CS: block property: block_name=/amplcpld/EXPANDED_FlattenFull/amplcpld prop_name=TYPE prop_terse=XDM_PROPERTY_STRING "TYPE" "amplcpld"

CS: block property: block_name=/amplcpld/EXPANDED_FlattenFull/amplcpld/raw_sync_0\/$1I43 prop_name=TYPE prop_terse=XDM_PROPERTY_STRING "TYPE" "GND"

CS: block property: block_name=/amplcpld/EXPANDED_FlattenFull/amplcpld/raw_sync_0\/$1I43 prop_name=INIT prop_terse=XDM_PROPERTY_STRING "INIT" "1"

CS: block property: block_name=/amplcpld/EXPANDED_FlattenFull/amplcpld prop_name=TYPE prop_terse=XDM_PROPERTY_STRING "TYPE" "amplcpld"

CS: block property: block_name=/amplcpld/EXPANDED_FlattenFull/amplcpld/raw_sync_1\/Q\/FDCP prop_name=TYPE prop_terse=XDM_PROPERTY_STRING "TYPE" "FDCP"

CS: block property: block_name=/amplcpld/EXPANDED_FlattenFull/amplcpld/raw_sync_1\/Q\/FDCP prop_name=INIT prop_terse=XDM_PROPERTY_STRING "INIT" "1"

CS: block property: block_name=/amplcpld/EXPANDED_FlattenFull/amplcpld prop_name=TYPE prop_terse=XDM_PROPERTY_STRING "TYPE" "amplcpld"

CS: block property: block_name=/amplcpld/EXPANDED_FlattenFull/amplcpld/raw_sync_1\/Q\/X_ONE prop_name=TYPE prop_terse=XDM_PROPERTY_STRING "TYPE" "FDCP"

CS: block property: block_name=/amplcpld/EXPANDED_FlattenFull/amplcpld/raw_sync_1\/Q\/X_ONE prop_name=INIT prop_terse=XDM_PROPERTY_STRING "INIT" "1"

CS: block property: block_name=/amplcpld/EXPANDED_FlattenFull/amplcpld prop_name=TYPE prop_terse=XDM_PROPERTY_STRING "TYPE" "amplcpld"

CS: block property: block_name=/amplcpld/EXPANDED_FlattenFull/amplcpld/raw_sync_1\/$1I43 prop_name=TYPE prop_terse=XDM_PROPERTY_STRING "TYPE" "GND"

CS: block property: block_name=/amplcpld/EXPANDED_FlattenFull/amplcpld/raw_sync_1\/$1I43 prop_name=INIT prop_terse=XDM_PROPERTY_STRING "INIT" "1"

CS: block property: block_name=/amplcpld/EXPANDED_FlattenFull/amplcpld prop_name=TYPE prop_terse=XDM_PROPERTY_STRING "TYPE" "amplcpld"

CS: block property: block_name=/amplcpld/EXPANDED_FlattenFull/amplcpld/raw_sync_2\/Q\/FDCP prop_name=TYPE prop_terse=XDM_PROPERTY_STRING "TYPE" "FDCP"

CS: block property: block_name=/amplcpld/EXPANDED_FlattenFull/amplcpld/raw_sync_2\/Q\/FDCP prop_name=INIT prop_terse=XDM_PROPERTY_STRING "INIT" "1"

CS: block property: block_name=/amplcpld/EXPANDED_FlattenFull/amplcpld prop_name=TYPE prop_terse=XDM_PROPERTY_STRING "TYPE" "amplcpld"

CS: block property: block_name=/amplcpld/EXPANDED_FlattenFull/amplcpld/raw_sync_2\/Q\/X_ONE prop_name=TYPE prop_terse=XDM_PROPERTY_STRING "TYPE" "FDCP"

CS: block property: block_name=/amplcpld/EXPANDED_FlattenFull/amplcpld/raw_sync_2\/Q\/X_ONE prop_name=INIT prop_terse=XDM_PROPERTY_STRING "INIT" "1"

CS: block property: block_name=/amplcpld/EXPANDED_FlattenFull/amplcpld prop_name=TYPE prop_terse=XDM_PROPERTY_STRING "TYPE" "amplcpld"

CS: block property: block_name=/amplcpld/EXPANDED_FlattenFull/amplcpld/raw_sync_2\/$1I43 prop_name=TYPE prop_terse=XDM_PROPERTY_STRING "TYPE" "GND"

CS: block property: block_name=/amplcpld/EXPANDED_FlattenFull/amplcpld/raw_sync_2\/$1I43 prop_name=INIT prop_terse=XDM_PROPERTY_STRING "INIT" "1"

CS: block property: block_name=/amplcpld/EXPANDED_FlattenFull/amplcpld prop_name=TYPE prop_terse=XDM_PROPERTY_STRING "TYPE" "amplcpld"

CS: block property: block_name=/amplcpld/EXPANDED_FlattenFull/amplcpld/CNT_0\/Q\/FDCP prop_name=TYPE prop_terse=XDM_PROPERTY_STRING "TYPE" "FDCP"

CS: block property: block_name=/amplcpld/EXPANDED_FlattenFull/amplcpld/CNT_0\/Q\/FDCP prop_name=INIT prop_terse=XDM_PROPERTY_STRING "INIT" "1"

CS: block property: block_name=/amplcpld/EXPANDED_FlattenFull/amplcpld prop_name=TYPE prop_terse=XDM_PROPERTY_STRING "TYPE" "amplcpld"

CS: block property: block_name=/amplcpld/EXPANDED_FlattenFull/amplcpld/CNT_0\/Q\/X_ONE prop_name=TYPE prop_terse=XDM_PROPERTY_STRING "TYPE" "FDCP"

CS: block property: block_name=/amplcpld/EXPANDED_FlattenFull/amplcpld/CNT_0\/Q\/X_ONE prop_name=INIT prop_terse=XDM_PROPERTY_STRING "INIT" "1"

CS: block property: block_name=/amplcpld/EXPANDED_FlattenFull/amplcpld prop_name=TYPE prop_terse=XDM_PROPERTY_STRING "TYPE" "amplcpld"

CS: block property: block_name=/amplcpld/EXPANDED_FlattenFull/amplcpld/CNT_0\/$1I43 prop_name=TYPE prop_terse=XDM_PROPERTY_STRING "TYPE" "GND"

CS: block property: block_name=/amplcpld/EXPANDED_FlattenFull/amplcpld/CNT_0\/$1I43 prop_name=INIT prop_terse=XDM_PROPERTY_STRING "INIT" "1"

CS: block property: block_name=/amplcpld/EXPANDED_FlattenFull/amplcpld prop_name=TYPE prop_terse=XDM_PROPERTY_STRING "TYPE" "amplcpld"

CS: block property: block_name=/amplcpld/EXPANDED_FlattenFull/amplcpld/CNT_1\/Q\/FDCP prop_name=TYPE prop_terse=XDM_PROPERTY_STRING "TYPE" "FDCP"

CS: block property: block_name=/amplcpld/EXPANDED_FlattenFull/amplcpld/CNT_1\/Q\/FDCP prop_name=INIT prop_terse=XDM_PROPERTY_STRING "INIT" "1"

CS: block property: block_name=/amplcpld/EXPANDED_FlattenFull/amplcpld prop_name=TYPE prop_terse=XDM_PROPERTY_STRING "TYPE" "amplcpld"

CS: block property: block_name=/amplcpld/EXPANDED_FlattenFull/amplcpld/CNT_1\/Q\/X_ONE prop_name=TYPE prop_terse=XDM_PROPERTY_STRING "TYPE" "FDCP"

CS: block property: block_name=/amplcpld/EXPANDED_FlattenFull/amplcpld/CNT_1\/Q\/X_ONE prop_name=INIT prop_terse=XDM_PROPERTY_STRING "INIT" "1"

CS: block property: block_name=/amplcpld/EXPANDED_FlattenFull/amplcpld prop_name=TYPE prop_terse=XDM_PROPERTY_STRING "TYPE" "amplcpld"

CS: block property: block_name=/amplcpld/EXPANDED_FlattenFull/amplcpld/CNT_1\/$1I43 prop_name=TYPE prop_terse=XDM_PROPERTY_STRING "TYPE" "GND"

CS: block property: block_name=/amplcpld/EXPANDED_FlattenFull/amplcpld/CNT_1\/$1I43 prop_name=INIT prop_terse=XDM_PROPERTY_STRING "INIT" "1"

CS: block property: block_name=/amplcpld/EXPANDED_FlattenFull/amplcpld prop_name=TYPE prop_terse=XDM_PROPERTY_STRING "TYPE" "amplcpld"

CS: block property: block_name=/amplcpld/EXPANDED_FlattenFull/amplcpld/Mxor_restart_xor0000\/Xo<0>1 prop_name=TYPE prop_terse=XDM_PROPERTY_STRING "TYPE" "XOR2"

CS: block property: block_name=/amplcpld/EXPANDED_FlattenFull/amplcpld prop_name=TYPE prop_terse=XDM_PROPERTY_STRING "TYPE" "amplcpld"

CS: block property: block_name=/amplcpld/EXPANDED_FlattenFull/amplcpld/Mxor_clk20n_reg_xor0000\/Xo<0>1 prop_name=TYPE prop_terse=XDM_PROPERTY_STRING "TYPE" "XOR2"

CS: block property: block_name=/amplcpld/EXPANDED_FlattenFull/amplcpld prop_name=TYPE prop_terse=XDM_PROPERTY_STRING "TYPE" "amplcpld"

CS: block property: block_name=/amplcpld/EXPANDED_FlattenFull/amplcpld/Mxor_raw_edge_xor0000\/Xo<0>1 prop_name=TYPE prop_terse=XDM_PROPERTY_STRING "TYPE" "XOR2"

CS: block property: block_name=/amplcpld/EXPANDED_FlattenFull/amplcpld prop_name=TYPE prop_terse=XDM_PROPERTY_STRING "TYPE" "amplcpld"

CS: block property: block_name=/amplcpld/EXPANDED_FlattenFull/amplcpld/Mxor_dly_xor0000\/Xo<0>1 prop_name=TYPE prop_terse=XDM_PROPERTY_STRING "TYPE" "XOR2"

CS: block property: block_name=/amplcpld/EXPANDED_FlattenFull/amplcpld prop_name=TYPE prop_terse=XDM_PROPERTY_STRING "TYPE" "amplcpld"

CS: block property: block_name=/amplcpld/EXPANDED_FlattenFull/amplcpld/data_enable1 prop_name=TYPE prop_terse=XDM_PROPERTY_STRING "TYPE" "OR2"

CS: block property: block_name=/amplcpld/EXPANDED_FlattenFull/amplcpld prop_name=TYPE prop_terse=XDM_PROPERTY_STRING "TYPE" "amplcpld"

CS: block property: block_name=/amplcpld/EXPANDED_FlattenFull/amplcpld/raw_stretch_or00001 prop_name=TYPE prop_terse=XDM_PROPERTY_STRING "TYPE" "OR2"

CS: block property: block_name=/amplcpld/EXPANDED_FlattenFull/amplcpld prop_name=TYPE prop_terse=XDM_PROPERTY_STRING "TYPE" "amplcpld"

CS: block property: block_name=/amplcpld/EXPANDED_FlattenFull/amplcpld/O_12_mux00011 prop_name=TYPE prop_terse=XDM_PROPERTY_STRING "TYPE" "INV"

CS: block property: block_name=/amplcpld/EXPANDED_FlattenFull/amplcpld prop_name=TYPE prop_terse=XDM_PROPERTY_STRING "TYPE" "amplcpld"

CS: block property: block_name=/amplcpld/EXPANDED_FlattenFull/amplcpld/raw_str_toggle_not00011 prop_name=TYPE prop_terse=XDM_PROPERTY_STRING "TYPE" "INV"

CS: block property: block_name=/amplcpld/EXPANDED_FlattenFull/amplcpld prop_name=TYPE prop_terse=XDM_PROPERTY_STRING "TYPE" "amplcpld"

CS: block property: block_name=/amplcpld/EXPANDED_FlattenFull/amplcpld/cal_phase_not00011 prop_name=TYPE prop_terse=XDM_PROPERTY_STRING "TYPE" "INV"

CS: block property: block_name=/amplcpld/EXPANDED_FlattenFull/amplcpld prop_name=TYPE prop_terse=XDM_PROPERTY_STRING "TYPE" "amplcpld"

CS: block property: block_name=/amplcpld/EXPANDED_FlattenFull/amplcpld/str_div_not00011 prop_name=TYPE prop_terse=XDM_PROPERTY_STRING "TYPE" "INV"

CS: block property: block_name=/amplcpld/EXPANDED_FlattenFull/amplcpld prop_name=TYPE prop_terse=XDM_PROPERTY_STRING "TYPE" "amplcpld"

CS: block property: block_name=/amplcpld/EXPANDED_FlattenFull/amplcpld/c_count_0_not00011 prop_name=TYPE prop_terse=XDM_PROPERTY_STRING "TYPE" "INV"

CS: block property: block_name=/amplcpld/EXPANDED_FlattenFull/amplcpld prop_name=TYPE prop_terse=XDM_PROPERTY_STRING "TYPE" "amplcpld"

CS: block property: block_name=/amplcpld/EXPANDED_FlattenFull/amplcpld/c_count_1_not00011 prop_name=TYPE prop_terse=XDM_PROPERTY_STRING "TYPE" "INV"

CS: block property: block_name=/amplcpld/EXPANDED_FlattenFull/amplcpld prop_name=TYPE prop_terse=XDM_PROPERTY_STRING "TYPE" "amplcpld"

CS: block property: block_name=/amplcpld/EXPANDED_FlattenFull/amplcpld/c_count_2_not00011 prop_name=TYPE prop_terse=XDM_PROPERTY_STRING "TYPE" "INV"

CS: block property: block_name=/amplcpld/EXPANDED_FlattenFull/amplcpld prop_name=TYPE prop_terse=XDM_PROPERTY_STRING "TYPE" "amplcpld"

CS: block property: block_name=/amplcpld/EXPANDED_FlattenFull/amplcpld/c_count_3_not00011 prop_name=TYPE prop_terse=XDM_PROPERTY_STRING "TYPE" "INV"

CS: block property: block_name=/amplcpld/EXPANDED_FlattenFull/amplcpld prop_name=TYPE prop_terse=XDM_PROPERTY_STRING "TYPE" "amplcpld"

CS: block property: block_name=/amplcpld/EXPANDED_FlattenFull/amplcpld/c_count_4_not00011 prop_name=TYPE prop_terse=XDM_PROPERTY_STRING "TYPE" "INV"

CS: block property: block_name=/amplcpld/EXPANDED_FlattenFull/amplcpld prop_name=TYPE prop_terse=XDM_PROPERTY_STRING "TYPE" "amplcpld"

CS: block property: block_name=/amplcpld/EXPANDED_FlattenFull/amplcpld/c_count_5_not00011 prop_name=TYPE prop_terse=XDM_PROPERTY_STRING "TYPE" "INV"

CS: block property: block_name=/amplcpld/EXPANDED_FlattenFull/amplcpld prop_name=TYPE prop_terse=XDM_PROPERTY_STRING "TYPE" "amplcpld"

CS: block property: block_name=/amplcpld/EXPANDED_FlattenFull/amplcpld/clk20n_reg_not00011 prop_name=TYPE prop_terse=XDM_PROPERTY_STRING "TYPE" "INV"

CS: block property: block_name=/amplcpld/EXPANDED_FlattenFull/amplcpld prop_name=TYPE prop_terse=XDM_PROPERTY_STRING "TYPE" "amplcpld"

CS: block property: block_name=/amplcpld/EXPANDED_FlattenFull/amplcpld/c_count_6_not00011 prop_name=TYPE prop_terse=XDM_PROPERTY_STRING "TYPE" "INV"

CS: block property: block_name=/amplcpld/EXPANDED_FlattenFull/amplcpld prop_name=TYPE prop_terse=XDM_PROPERTY_STRING "TYPE" "amplcpld"

CS: block property: block_name=/amplcpld/EXPANDED_FlattenFull/amplcpld/c_count_7_not00011 prop_name=TYPE prop_terse=XDM_PROPERTY_STRING "TYPE" "INV"

CS: block property: block_name=/amplcpld/EXPANDED_FlattenFull/amplcpld prop_name=TYPE prop_terse=XDM_PROPERTY_STRING "TYPE" "amplcpld"

CS: block property: block_name=/amplcpld/EXPANDED_FlattenFull/amplcpld/c_count_8_not00011 prop_name=TYPE prop_terse=XDM_PROPERTY_STRING "TYPE" "INV"

CS: block property: block_name=/amplcpld/EXPANDED_FlattenFull/amplcpld prop_name=TYPE prop_terse=XDM_PROPERTY_STRING "TYPE" "amplcpld"

CS: block property: block_name=/amplcpld/EXPANDED_FlattenFull/amplcpld/c_count_9_not00011 prop_name=TYPE prop_terse=XDM_PROPERTY_STRING "TYPE" "INV"

CS: block property: block_name=/amplcpld/EXPANDED_FlattenFull/amplcpld prop_name=TYPE prop_terse=XDM_PROPERTY_STRING "TYPE" "amplcpld"

CS: block property: block_name=/amplcpld/EXPANDED_FlattenFull/amplcpld/CNT__add0000<0>1 prop_name=TYPE prop_terse=XDM_PROPERTY_STRING "TYPE" "INV"

CS: block property: block_name=/amplcpld/EXPANDED_FlattenFull/amplcpld prop_name=TYPE prop_terse=XDM_PROPERTY_STRING "TYPE" "amplcpld"

CS: block property: block_name=/amplcpld/EXPANDED_FlattenFull/amplcpld/raw_str_toggle_N01 prop_name=TYPE prop_terse=XDM_PROPERTY_STRING "TYPE" "INV"

CS: block property: block_name=/amplcpld/EXPANDED_FlattenFull/amplcpld prop_name=TYPE prop_terse=XDM_PROPERTY_STRING "TYPE" "amplcpld"

CS: block property: block_name=/amplcpld/EXPANDED_FlattenFull/amplcpld/CNT_0_N01 prop_name=TYPE prop_terse=XDM_PROPERTY_STRING "TYPE" "INV"

CS: block property: block_name=/amplcpld/EXPANDED_FlattenFull/amplcpld prop_name=TYPE prop_terse=XDM_PROPERTY_STRING "TYPE" "amplcpld"

CS: block property: block_name=/amplcpld/EXPANDED_FlattenFull/amplcpld/restart_cmp_eq00001 prop_name=TYPE prop_terse=XDM_PROPERTY_STRING "TYPE" "AND8"

CS: block property: block_name=/amplcpld/EXPANDED_FlattenFull/amplcpld prop_name=TYPE prop_terse=XDM_PROPERTY_STRING "TYPE" "amplcpld"

CS: block property: block_name=/amplcpld/EXPANDED_FlattenFull/amplcpld/restart_cmp_eq00002 prop_name=TYPE prop_terse=XDM_PROPERTY_STRING "TYPE" "AND2"

CS: block property: block_name=/amplcpld/EXPANDED_FlattenFull/amplcpld prop_name=TYPE prop_terse=XDM_PROPERTY_STRING "TYPE" "amplcpld"

CS: block property: block_name=/amplcpld/EXPANDED_FlattenFull/amplcpld/restart_cmp_eq00003 prop_name=TYPE prop_terse=XDM_PROPERTY_STRING "TYPE" "AND2"

CS: block property: block_name=/amplcpld/EXPANDED_FlattenFull/amplcpld prop_name=TYPE prop_terse=XDM_PROPERTY_STRING "TYPE" "amplcpld"

CS: block property: block_name=/amplcpld/EXPANDED_FlattenFull/amplcpld/restart_and00001 prop_name=TYPE prop_terse=XDM_PROPERTY_STRING "TYPE" "AND2"

CS: block property: block_name=/amplcpld/EXPANDED_FlattenFull/amplcpld prop_name=TYPE prop_terse=XDM_PROPERTY_STRING "TYPE" "amplcpld"

CS: block property: block_name=/amplcpld/EXPANDED_FlattenFull/amplcpld/restart_and00002 prop_name=TYPE prop_terse=XDM_PROPERTY_STRING "TYPE" "INV"

CS: block property: block_name=/amplcpld/EXPANDED_FlattenFull/amplcpld prop_name=TYPE prop_terse=XDM_PROPERTY_STRING "TYPE" "amplcpld"

CS: block property: block_name=/amplcpld/EXPANDED_FlattenFull/amplcpld/restart_and00003 prop_name=TYPE prop_terse=XDM_PROPERTY_STRING "TYPE" "INV"

CS: block property: block_name=/amplcpld/EXPANDED_FlattenFull/amplcpld prop_name=TYPE prop_terse=XDM_PROPERTY_STRING "TYPE" "amplcpld"

CS: block property: block_name=/amplcpld/EXPANDED_FlattenFull/amplcpld/restart_and00004 prop_name=TYPE prop_terse=XDM_PROPERTY_STRING "TYPE" "INV"

CS: block property: block_name=/amplcpld/EXPANDED_FlattenFull/amplcpld prop_name=TYPE prop_terse=XDM_PROPERTY_STRING "TYPE" "amplcpld"

CS: block property: block_name=/amplcpld/EXPANDED_FlattenFull/amplcpld/restart_and00005 prop_name=TYPE prop_terse=XDM_PROPERTY_STRING "TYPE" "INV"

CS: block property: block_name=/amplcpld/EXPANDED_FlattenFull/amplcpld prop_name=TYPE prop_terse=XDM_PROPERTY_STRING "TYPE" "amplcpld"

CS: block property: block_name=/amplcpld/EXPANDED_FlattenFull/amplcpld/restart_and00006 prop_name=TYPE prop_terse=XDM_PROPERTY_STRING "TYPE" "INV"

CS: block property: block_name=/amplcpld/EXPANDED_FlattenFull/amplcpld prop_name=TYPE prop_terse=XDM_PROPERTY_STRING "TYPE" "amplcpld"

CS: block property: block_name=/amplcpld/EXPANDED_FlattenFull/amplcpld/restart_and00007 prop_name=TYPE prop_terse=XDM_PROPERTY_STRING "TYPE" "AND2"

CS: block property: block_name=/amplcpld/EXPANDED_FlattenFull/amplcpld prop_name=TYPE prop_terse=XDM_PROPERTY_STRING "TYPE" "amplcpld"

CS: block property: block_name=/amplcpld/EXPANDED_FlattenFull/amplcpld/restart_and00008 prop_name=TYPE prop_terse=XDM_PROPERTY_STRING "TYPE" "AND3"

CS: block property: block_name=/amplcpld/EXPANDED_FlattenFull/amplcpld prop_name=TYPE prop_terse=XDM_PROPERTY_STRING "TYPE" "amplcpld"

CS: block property: block_name=/amplcpld/EXPANDED_FlattenFull/amplcpld/restart_and00009 prop_name=TYPE prop_terse=XDM_PROPERTY_STRING "TYPE" "AND3"

CS: block property: block_name=/amplcpld/EXPANDED_FlattenFull/amplcpld prop_name=TYPE prop_terse=XDM_PROPERTY_STRING "TYPE" "amplcpld"

CS: block property: block_name=/amplcpld/EXPANDED_FlattenFull/amplcpld/c_count_2_or00001 prop_name=TYPE prop_terse=XDM_PROPERTY_STRING "TYPE" "AND2"

CS: block property: block_name=/amplcpld/EXPANDED_FlattenFull/amplcpld prop_name=TYPE prop_terse=XDM_PROPERTY_STRING "TYPE" "amplcpld"

CS: block property: block_name=/amplcpld/EXPANDED_FlattenFull/amplcpld/c_count_2_or00002 prop_name=TYPE prop_terse=XDM_PROPERTY_STRING "TYPE" "INV"

CS: block property: block_name=/amplcpld/EXPANDED_FlattenFull/amplcpld prop_name=TYPE prop_terse=XDM_PROPERTY_STRING "TYPE" "amplcpld"

CS: block property: block_name=/amplcpld/EXPANDED_FlattenFull/amplcpld/c_count_2_or00003 prop_name=TYPE prop_terse=XDM_PROPERTY_STRING "TYPE" "INV"

CS: block property: block_name=/amplcpld/EXPANDED_FlattenFull/amplcpld prop_name=TYPE prop_terse=XDM_PROPERTY_STRING "TYPE" "amplcpld"

CS: block property: block_name=/amplcpld/EXPANDED_FlattenFull/amplcpld/c_count_2_or00004 prop_name=TYPE prop_terse=XDM_PROPERTY_STRING "TYPE" "INV"

CS: block property: block_name=/amplcpld/EXPANDED_FlattenFull/amplcpld prop_name=TYPE prop_terse=XDM_PROPERTY_STRING "TYPE" "amplcpld"

CS: block property: block_name=/amplcpld/EXPANDED_FlattenFull/amplcpld/c_count_2_or00005 prop_name=TYPE prop_terse=XDM_PROPERTY_STRING "TYPE" "INV"

CS: block property: block_name=/amplcpld/EXPANDED_FlattenFull/amplcpld prop_name=TYPE prop_terse=XDM_PROPERTY_STRING "TYPE" "amplcpld"

CS: block property: block_name=/amplcpld/EXPANDED_FlattenFull/amplcpld/c_count_2_or00006 prop_name=TYPE prop_terse=XDM_PROPERTY_STRING "TYPE" "INV"

CS: block property: block_name=/amplcpld/EXPANDED_FlattenFull/amplcpld prop_name=TYPE prop_terse=XDM_PROPERTY_STRING "TYPE" "amplcpld"

CS: block property: block_name=/amplcpld/EXPANDED_FlattenFull/amplcpld/c_count_2_or00007 prop_name=TYPE prop_terse=XDM_PROPERTY_STRING "TYPE" "INV"

CS: block property: block_name=/amplcpld/EXPANDED_FlattenFull/amplcpld prop_name=TYPE prop_terse=XDM_PROPERTY_STRING "TYPE" "amplcpld"

CS: block property: block_name=/amplcpld/EXPANDED_FlattenFull/amplcpld/c_count_2_or00008 prop_name=TYPE prop_terse=XDM_PROPERTY_STRING "TYPE" "AND2"

CS: block property: block_name=/amplcpld/EXPANDED_FlattenFull/amplcpld prop_name=TYPE prop_terse=XDM_PROPERTY_STRING "TYPE" "amplcpld"

CS: block property: block_name=/amplcpld/EXPANDED_FlattenFull/amplcpld/c_count_2_or00009 prop_name=TYPE prop_terse=XDM_PROPERTY_STRING "TYPE" "AND6"

CS: block property: block_name=/amplcpld/EXPANDED_FlattenFull/amplcpld prop_name=TYPE prop_terse=XDM_PROPERTY_STRING "TYPE" "amplcpld"

CS: block property: block_name=/amplcpld/EXPANDED_FlattenFull/amplcpld/c_count_2_or000010 prop_name=TYPE prop_terse=XDM_PROPERTY_STRING "TYPE" "AND2"

CS: block property: block_name=/amplcpld/EXPANDED_FlattenFull/amplcpld prop_name=TYPE prop_terse=XDM_PROPERTY_STRING "TYPE" "amplcpld"

CS: block property: block_name=/amplcpld/EXPANDED_FlattenFull/amplcpld/c_count_2_or000011 prop_name=TYPE prop_terse=XDM_PROPERTY_STRING "TYPE" "OR2"

CS: block property: block_name=/amplcpld/EXPANDED_FlattenFull/amplcpld prop_name=TYPE prop_terse=XDM_PROPERTY_STRING "TYPE" "amplcpld"

CS: block property: block_name=/amplcpld/EXPANDED_FlattenFull/amplcpld/c_count_2_or000012 prop_name=TYPE prop_terse=XDM_PROPERTY_STRING "TYPE" "AND2"

CS: block property: block_name=/amplcpld/EXPANDED_FlattenFull/amplcpld prop_name=TYPE prop_terse=XDM_PROPERTY_STRING "TYPE" "amplcpld"

CS: block property: block_name=/amplcpld/EXPANDED_FlattenFull/amplcpld/c_count_0_or00001 prop_name=TYPE prop_terse=XDM_PROPERTY_STRING "TYPE" "INV"

CS: block property: block_name=/amplcpld/EXPANDED_FlattenFull/amplcpld prop_name=TYPE prop_terse=XDM_PROPERTY_STRING "TYPE" "amplcpld"

CS: block property: block_name=/amplcpld/EXPANDED_FlattenFull/amplcpld/c_count_0_or00002 prop_name=TYPE prop_terse=XDM_PROPERTY_STRING "TYPE" "INV"

CS: block property: block_name=/amplcpld/EXPANDED_FlattenFull/amplcpld prop_name=TYPE prop_terse=XDM_PROPERTY_STRING "TYPE" "amplcpld"

CS: block property: block_name=/amplcpld/EXPANDED_FlattenFull/amplcpld/c_count_0_or00003 prop_name=TYPE prop_terse=XDM_PROPERTY_STRING "TYPE" "INV"

CS: block property: block_name=/amplcpld/EXPANDED_FlattenFull/amplcpld prop_name=TYPE prop_terse=XDM_PROPERTY_STRING "TYPE" "amplcpld"

CS: block property: block_name=/amplcpld/EXPANDED_FlattenFull/amplcpld/c_count_0_or00004 prop_name=TYPE prop_terse=XDM_PROPERTY_STRING "TYPE" "INV"

CS: block property: block_name=/amplcpld/EXPANDED_FlattenFull/amplcpld prop_name=TYPE prop_terse=XDM_PROPERTY_STRING "TYPE" "amplcpld"

CS: block property: block_name=/amplcpld/EXPANDED_FlattenFull/amplcpld/c_count_0_or00005 prop_name=TYPE prop_terse=XDM_PROPERTY_STRING "TYPE" "INV"

CS: block property: block_name=/amplcpld/EXPANDED_FlattenFull/amplcpld prop_name=TYPE prop_terse=XDM_PROPERTY_STRING "TYPE" "amplcpld"

CS: block property: block_name=/amplcpld/EXPANDED_FlattenFull/amplcpld/c_count_0_or00006 prop_name=TYPE prop_terse=XDM_PROPERTY_STRING "TYPE" "INV"

CS: block property: block_name=/amplcpld/EXPANDED_FlattenFull/amplcpld prop_name=TYPE prop_terse=XDM_PROPERTY_STRING "TYPE" "amplcpld"

CS: block property: block_name=/amplcpld/EXPANDED_FlattenFull/amplcpld/c_count_0_or00007 prop_name=TYPE prop_terse=XDM_PROPERTY_STRING "TYPE" "AND2"

CS: block property: block_name=/amplcpld/EXPANDED_FlattenFull/amplcpld prop_name=TYPE prop_terse=XDM_PROPERTY_STRING "TYPE" "amplcpld"

CS: block property: block_name=/amplcpld/EXPANDED_FlattenFull/amplcpld/c_count_0_or00008 prop_name=TYPE prop_terse=XDM_PROPERTY_STRING "TYPE" "AND6"

CS: block property: block_name=/amplcpld/EXPANDED_FlattenFull/amplcpld prop_name=TYPE prop_terse=XDM_PROPERTY_STRING "TYPE" "amplcpld"

CS: block property: block_name=/amplcpld/EXPANDED_FlattenFull/amplcpld/c_count_0_or00009 prop_name=TYPE prop_terse=XDM_PROPERTY_STRING "TYPE" "OR2"

CS: block property: block_name=/amplcpld/EXPANDED_FlattenFull/amplcpld prop_name=TYPE prop_terse=XDM_PROPERTY_STRING "TYPE" "amplcpld"

CS: block property: block_name=/amplcpld/EXPANDED_FlattenFull/amplcpld/c_count_0_or000010 prop_name=TYPE prop_terse=XDM_PROPERTY_STRING "TYPE" "AND2"

CS: block property: block_name=/amplcpld/EXPANDED_FlattenFull/amplcpld prop_name=TYPE prop_terse=XDM_PROPERTY_STRING "TYPE" "amplcpld"

CS: block property: block_name=/amplcpld/EXPANDED_FlattenFull/amplcpld/c_count_1_or00001 prop_name=TYPE prop_terse=XDM_PROPERTY_STRING "TYPE" "AND2"

CS: block property: block_name=/amplcpld/EXPANDED_FlattenFull/amplcpld prop_name=TYPE prop_terse=XDM_PROPERTY_STRING "TYPE" "amplcpld"

CS: block property: block_name=/amplcpld/EXPANDED_FlattenFull/amplcpld/c_count_1_or00002 prop_name=TYPE prop_terse=XDM_PROPERTY_STRING "TYPE" "INV"

CS: block property: block_name=/amplcpld/EXPANDED_FlattenFull/amplcpld prop_name=TYPE prop_terse=XDM_PROPERTY_STRING "TYPE" "amplcpld"

CS: block property: block_name=/amplcpld/EXPANDED_FlattenFull/amplcpld/c_count_1_or00003 prop_name=TYPE prop_terse=XDM_PROPERTY_STRING "TYPE" "INV"

CS: block property: block_name=/amplcpld/EXPANDED_FlattenFull/amplcpld prop_name=TYPE prop_terse=XDM_PROPERTY_STRING "TYPE" "amplcpld"

CS: block property: block_name=/amplcpld/EXPANDED_FlattenFull/amplcpld/c_count_1_or00004 prop_name=TYPE prop_terse=XDM_PROPERTY_STRING "TYPE" "INV"

CS: block property: block_name=/amplcpld/EXPANDED_FlattenFull/amplcpld prop_name=TYPE prop_terse=XDM_PROPERTY_STRING "TYPE" "amplcpld"

CS: block property: block_name=/amplcpld/EXPANDED_FlattenFull/amplcpld/c_count_1_or00005 prop_name=TYPE prop_terse=XDM_PROPERTY_STRING "TYPE" "INV"

CS: block property: block_name=/amplcpld/EXPANDED_FlattenFull/amplcpld prop_name=TYPE prop_terse=XDM_PROPERTY_STRING "TYPE" "amplcpld"

CS: block property: block_name=/amplcpld/EXPANDED_FlattenFull/amplcpld/c_count_1_or00006 prop_name=TYPE prop_terse=XDM_PROPERTY_STRING "TYPE" "INV"

CS: block property: block_name=/amplcpld/EXPANDED_FlattenFull/amplcpld prop_name=TYPE prop_terse=XDM_PROPERTY_STRING "TYPE" "amplcpld"

CS: block property: block_name=/amplcpld/EXPANDED_FlattenFull/amplcpld/c_count_1_or00007 prop_name=TYPE prop_terse=XDM_PROPERTY_STRING "TYPE" "INV"

CS: block property: block_name=/amplcpld/EXPANDED_FlattenFull/amplcpld prop_name=TYPE prop_terse=XDM_PROPERTY_STRING "TYPE" "amplcpld"

CS: block property: block_name=/amplcpld/EXPANDED_FlattenFull/amplcpld/c_count_1_or00008 prop_name=TYPE prop_terse=XDM_PROPERTY_STRING "TYPE" "AND2"

CS: block property: block_name=/amplcpld/EXPANDED_FlattenFull/amplcpld prop_name=TYPE prop_terse=XDM_PROPERTY_STRING "TYPE" "amplcpld"

CS: block property: block_name=/amplcpld/EXPANDED_FlattenFull/amplcpld/c_count_1_or00009 prop_name=TYPE prop_terse=XDM_PROPERTY_STRING "TYPE" "AND6"

CS: block property: block_name=/amplcpld/EXPANDED_FlattenFull/amplcpld prop_name=TYPE prop_terse=XDM_PROPERTY_STRING "TYPE" "amplcpld"

CS: block property: block_name=/amplcpld/EXPANDED_FlattenFull/amplcpld/c_count_1_or000010 prop_name=TYPE prop_terse=XDM_PROPERTY_STRING "TYPE" "OR2"

CS: block property: block_name=/amplcpld/EXPANDED_FlattenFull/amplcpld prop_name=TYPE prop_terse=XDM_PROPERTY_STRING "TYPE" "amplcpld"

CS: block property: block_name=/amplcpld/EXPANDED_FlattenFull/amplcpld/c_count_1_or000011 prop_name=TYPE prop_terse=XDM_PROPERTY_STRING "TYPE" "AND2"

CS: block property: block_name=/amplcpld/EXPANDED_FlattenFull/amplcpld prop_name=TYPE prop_terse=XDM_PROPERTY_STRING "TYPE" "amplcpld"

CS: block property: block_name=/amplcpld/EXPANDED_FlattenFull/amplcpld/c_count_5_or00001 prop_name=TYPE prop_terse=XDM_PROPERTY_STRING "TYPE" "AND4"

CS: block property: block_name=/amplcpld/EXPANDED_FlattenFull/amplcpld prop_name=TYPE prop_terse=XDM_PROPERTY_STRING "TYPE" "amplcpld"

CS: block property: block_name=/amplcpld/EXPANDED_FlattenFull/amplcpld/c_count_5_or00002 prop_name=TYPE prop_terse=XDM_PROPERTY_STRING "TYPE" "AND2"

CS: block property: block_name=/amplcpld/EXPANDED_FlattenFull/amplcpld prop_name=TYPE prop_terse=XDM_PROPERTY_STRING "TYPE" "amplcpld"

CS: block property: block_name=/amplcpld/EXPANDED_FlattenFull/amplcpld/c_count_5_or00003 prop_name=TYPE prop_terse=XDM_PROPERTY_STRING "TYPE" "INV"

CS: block property: block_name=/amplcpld/EXPANDED_FlattenFull/amplcpld prop_name=TYPE prop_terse=XDM_PROPERTY_STRING "TYPE" "amplcpld"

CS: block property: block_name=/amplcpld/EXPANDED_FlattenFull/amplcpld/c_count_5_or00004 prop_name=TYPE prop_terse=XDM_PROPERTY_STRING "TYPE" "INV"

CS: block property: block_name=/amplcpld/EXPANDED_FlattenFull/amplcpld prop_name=TYPE prop_terse=XDM_PROPERTY_STRING "TYPE" "amplcpld"

CS: block property: block_name=/amplcpld/EXPANDED_FlattenFull/amplcpld/c_count_5_or00005 prop_name=TYPE prop_terse=XDM_PROPERTY_STRING "TYPE" "INV"

CS: block property: block_name=/amplcpld/EXPANDED_FlattenFull/amplcpld prop_name=TYPE prop_terse=XDM_PROPERTY_STRING "TYPE" "amplcpld"

CS: block property: block_name=/amplcpld/EXPANDED_FlattenFull/amplcpld/c_count_5_or00006 prop_name=TYPE prop_terse=XDM_PROPERTY_STRING "TYPE" "INV"

CS: block property: block_name=/amplcpld/EXPANDED_FlattenFull/amplcpld prop_name=TYPE prop_terse=XDM_PROPERTY_STRING "TYPE" "amplcpld"

CS: block property: block_name=/amplcpld/EXPANDED_FlattenFull/amplcpld/c_count_5_or00007 prop_name=TYPE prop_terse=XDM_PROPERTY_STRING "TYPE" "INV"

CS: block property: block_name=/amplcpld/EXPANDED_FlattenFull/amplcpld prop_name=TYPE prop_terse=XDM_PROPERTY_STRING "TYPE" "amplcpld"

CS: block property: block_name=/amplcpld/EXPANDED_FlattenFull/amplcpld/c_count_5_or00008 prop_name=TYPE prop_terse=XDM_PROPERTY_STRING "TYPE" "INV"

CS: block property: block_name=/amplcpld/EXPANDED_FlattenFull/amplcpld prop_name=TYPE prop_terse=XDM_PROPERTY_STRING "TYPE" "amplcpld"

CS: block property: block_name=/amplcpld/EXPANDED_FlattenFull/amplcpld/c_count_5_or00009 prop_name=TYPE prop_terse=XDM_PROPERTY_STRING "TYPE" "INV"

CS: block property: block_name=/amplcpld/EXPANDED_FlattenFull/amplcpld prop_name=TYPE prop_terse=XDM_PROPERTY_STRING "TYPE" "amplcpld"

CS: block property: block_name=/amplcpld/EXPANDED_FlattenFull/amplcpld/c_count_5_or000010 prop_name=TYPE prop_terse=XDM_PROPERTY_STRING "TYPE" "INV"

CS: block property: block_name=/amplcpld/EXPANDED_FlattenFull/amplcpld prop_name=TYPE prop_terse=XDM_PROPERTY_STRING "TYPE" "amplcpld"

CS: block property: block_name=/amplcpld/EXPANDED_FlattenFull/amplcpld/c_count_5_or000011 prop_name=TYPE prop_terse=XDM_PROPERTY_STRING "TYPE" "INV"

CS: block property: block_name=/amplcpld/EXPANDED_FlattenFull/amplcpld prop_name=TYPE prop_terse=XDM_PROPERTY_STRING "TYPE" "amplcpld"

CS: block property: block_name=/amplcpld/EXPANDED_FlattenFull/amplcpld/c_count_5_or000012 prop_name=TYPE prop_terse=XDM_PROPERTY_STRING "TYPE" "INV"

CS: block property: block_name=/amplcpld/EXPANDED_FlattenFull/amplcpld prop_name=TYPE prop_terse=XDM_PROPERTY_STRING "TYPE" "amplcpld"

CS: block property: block_name=/amplcpld/EXPANDED_FlattenFull/amplcpld/c_count_5_or000013 prop_name=TYPE prop_terse=XDM_PROPERTY_STRING "TYPE" "OR5"

CS: block property: block_name=/amplcpld/EXPANDED_FlattenFull/amplcpld prop_name=TYPE prop_terse=XDM_PROPERTY_STRING "TYPE" "amplcpld"

CS: block property: block_name=/amplcpld/EXPANDED_FlattenFull/amplcpld/c_count_5_or000014 prop_name=TYPE prop_terse=XDM_PROPERTY_STRING "TYPE" "AND6"

CS: block property: block_name=/amplcpld/EXPANDED_FlattenFull/amplcpld prop_name=TYPE prop_terse=XDM_PROPERTY_STRING "TYPE" "amplcpld"

CS: block property: block_name=/amplcpld/EXPANDED_FlattenFull/amplcpld/c_count_5_or000015 prop_name=TYPE prop_terse=XDM_PROPERTY_STRING "TYPE" "AND2"

CS: block property: block_name=/amplcpld/EXPANDED_FlattenFull/amplcpld prop_name=TYPE prop_terse=XDM_PROPERTY_STRING "TYPE" "amplcpld"

CS: block property: block_name=/amplcpld/EXPANDED_FlattenFull/amplcpld/c_count_5_or000016 prop_name=TYPE prop_terse=XDM_PROPERTY_STRING "TYPE" "AND2"

CS: block property: block_name=/amplcpld/EXPANDED_FlattenFull/amplcpld prop_name=TYPE prop_terse=XDM_PROPERTY_STRING "TYPE" "amplcpld"

CS: block property: block_name=/amplcpld/EXPANDED_FlattenFull/amplcpld/c_count_5_or000017 prop_name=TYPE prop_terse=XDM_PROPERTY_STRING "TYPE" "OR2"

CS: block property: block_name=/amplcpld/EXPANDED_FlattenFull/amplcpld prop_name=TYPE prop_terse=XDM_PROPERTY_STRING "TYPE" "amplcpld"

CS: block property: block_name=/amplcpld/EXPANDED_FlattenFull/amplcpld/c_count_5_or000018 prop_name=TYPE prop_terse=XDM_PROPERTY_STRING "TYPE" "AND2"

CS: block property: block_name=/amplcpld/EXPANDED_FlattenFull/amplcpld prop_name=TYPE prop_terse=XDM_PROPERTY_STRING "TYPE" "amplcpld"

CS: block property: block_name=/amplcpld/EXPANDED_FlattenFull/amplcpld/c_count_3_or00001 prop_name=TYPE prop_terse=XDM_PROPERTY_STRING "TYPE" "AND4"

CS: block property: block_name=/amplcpld/EXPANDED_FlattenFull/amplcpld prop_name=TYPE prop_terse=XDM_PROPERTY_STRING "TYPE" "amplcpld"

CS: block property: block_name=/amplcpld/EXPANDED_FlattenFull/amplcpld/c_count_3_or00002 prop_name=TYPE prop_terse=XDM_PROPERTY_STRING "TYPE" "INV"

CS: block property: block_name=/amplcpld/EXPANDED_FlattenFull/amplcpld prop_name=TYPE prop_terse=XDM_PROPERTY_STRING "TYPE" "amplcpld"

CS: block property: block_name=/amplcpld/EXPANDED_FlattenFull/amplcpld/c_count_3_or00003 prop_name=TYPE prop_terse=XDM_PROPERTY_STRING "TYPE" "INV"

CS: block property: block_name=/amplcpld/EXPANDED_FlattenFull/amplcpld prop_name=TYPE prop_terse=XDM_PROPERTY_STRING "TYPE" "amplcpld"

CS: block property: block_name=/amplcpld/EXPANDED_FlattenFull/amplcpld/c_count_3_or00004 prop_name=TYPE prop_terse=XDM_PROPERTY_STRING "TYPE" "INV"

CS: block property: block_name=/amplcpld/EXPANDED_FlattenFull/amplcpld prop_name=TYPE prop_terse=XDM_PROPERTY_STRING "TYPE" "amplcpld"

CS: block property: block_name=/amplcpld/EXPANDED_FlattenFull/amplcpld/c_count_3_or00005 prop_name=TYPE prop_terse=XDM_PROPERTY_STRING "TYPE" "INV"

CS: block property: block_name=/amplcpld/EXPANDED_FlattenFull/amplcpld prop_name=TYPE prop_terse=XDM_PROPERTY_STRING "TYPE" "amplcpld"

CS: block property: block_name=/amplcpld/EXPANDED_FlattenFull/amplcpld/c_count_3_or00006 prop_name=TYPE prop_terse=XDM_PROPERTY_STRING "TYPE" "INV"

CS: block property: block_name=/amplcpld/EXPANDED_FlattenFull/amplcpld prop_name=TYPE prop_terse=XDM_PROPERTY_STRING "TYPE" "amplcpld"

CS: block property: block_name=/amplcpld/EXPANDED_FlattenFull/amplcpld/c_count_3_or00007 prop_name=TYPE prop_terse=XDM_PROPERTY_STRING "TYPE" "INV"

CS: block property: block_name=/amplcpld/EXPANDED_FlattenFull/amplcpld prop_name=TYPE prop_terse=XDM_PROPERTY_STRING "TYPE" "amplcpld"

CS: block property: block_name=/amplcpld/EXPANDED_FlattenFull/amplcpld/c_count_3_or00008 prop_name=TYPE prop_terse=XDM_PROPERTY_STRING "TYPE" "AND2"

CS: block property: block_name=/amplcpld/EXPANDED_FlattenFull/amplcpld prop_name=TYPE prop_terse=XDM_PROPERTY_STRING "TYPE" "amplcpld"

CS: block property: block_name=/amplcpld/EXPANDED_FlattenFull/amplcpld/c_count_3_or00009 prop_name=TYPE prop_terse=XDM_PROPERTY_STRING "TYPE" "AND6"

CS: block property: block_name=/amplcpld/EXPANDED_FlattenFull/amplcpld prop_name=TYPE prop_terse=XDM_PROPERTY_STRING "TYPE" "amplcpld"

CS: block property: block_name=/amplcpld/EXPANDED_FlattenFull/amplcpld/c_count_3_or000010 prop_name=TYPE prop_terse=XDM_PROPERTY_STRING "TYPE" "OR2"

CS: block property: block_name=/amplcpld/EXPANDED_FlattenFull/amplcpld prop_name=TYPE prop_terse=XDM_PROPERTY_STRING "TYPE" "amplcpld"

CS: block property: block_name=/amplcpld/EXPANDED_FlattenFull/amplcpld/c_count_3_or000011 prop_name=TYPE prop_terse=XDM_PROPERTY_STRING "TYPE" "AND2"

CS: block property: block_name=/amplcpld/EXPANDED_FlattenFull/amplcpld prop_name=TYPE prop_terse=XDM_PROPERTY_STRING "TYPE" "amplcpld"

CS: block property: block_name=/amplcpld/EXPANDED_FlattenFull/amplcpld/c_count_4_or00001 prop_name=TYPE prop_terse=XDM_PROPERTY_STRING "TYPE" "AND4"

CS: block property: block_name=/amplcpld/EXPANDED_FlattenFull/amplcpld prop_name=TYPE prop_terse=XDM_PROPERTY_STRING "TYPE" "amplcpld"

CS: block property: block_name=/amplcpld/EXPANDED_FlattenFull/amplcpld/c_count_4_or00002 prop_name=TYPE prop_terse=XDM_PROPERTY_STRING "TYPE" "INV"

CS: block property: block_name=/amplcpld/EXPANDED_FlattenFull/amplcpld prop_name=TYPE prop_terse=XDM_PROPERTY_STRING "TYPE" "amplcpld"

CS: block property: block_name=/amplcpld/EXPANDED_FlattenFull/amplcpld/c_count_4_or00003 prop_name=TYPE prop_terse=XDM_PROPERTY_STRING "TYPE" "INV"

CS: block property: block_name=/amplcpld/EXPANDED_FlattenFull/amplcpld prop_name=TYPE prop_terse=XDM_PROPERTY_STRING "TYPE" "amplcpld"

CS: block property: block_name=/amplcpld/EXPANDED_FlattenFull/amplcpld/c_count_4_or00004 prop_name=TYPE prop_terse=XDM_PROPERTY_STRING "TYPE" "INV"

CS: block property: block_name=/amplcpld/EXPANDED_FlattenFull/amplcpld prop_name=TYPE prop_terse=XDM_PROPERTY_STRING "TYPE" "amplcpld"

CS: block property: block_name=/amplcpld/EXPANDED_FlattenFull/amplcpld/c_count_4_or00005 prop_name=TYPE prop_terse=XDM_PROPERTY_STRING "TYPE" "INV"

CS: block property: block_name=/amplcpld/EXPANDED_FlattenFull/amplcpld prop_name=TYPE prop_terse=XDM_PROPERTY_STRING "TYPE" "amplcpld"

CS: block property: block_name=/amplcpld/EXPANDED_FlattenFull/amplcpld/c_count_4_or00006 prop_name=TYPE prop_terse=XDM_PROPERTY_STRING "TYPE" "INV"

CS: block property: block_name=/amplcpld/EXPANDED_FlattenFull/amplcpld prop_name=TYPE prop_terse=XDM_PROPERTY_STRING "TYPE" "amplcpld"

CS: block property: block_name=/amplcpld/EXPANDED_FlattenFull/amplcpld/c_count_4_or00007 prop_name=TYPE prop_terse=XDM_PROPERTY_STRING "TYPE" "INV"

CS: block property: block_name=/amplcpld/EXPANDED_FlattenFull/amplcpld prop_name=TYPE prop_terse=XDM_PROPERTY_STRING "TYPE" "amplcpld"

CS: block property: block_name=/amplcpld/EXPANDED_FlattenFull/amplcpld/c_count_4_or00008 prop_name=TYPE prop_terse=XDM_PROPERTY_STRING "TYPE" "AND2"

CS: block property: block_name=/amplcpld/EXPANDED_FlattenFull/amplcpld prop_name=TYPE prop_terse=XDM_PROPERTY_STRING "TYPE" "amplcpld"

CS: block property: block_name=/amplcpld/EXPANDED_FlattenFull/amplcpld/c_count_4_or00009 prop_name=TYPE prop_terse=XDM_PROPERTY_STRING "TYPE" "AND6"

CS: block property: block_name=/amplcpld/EXPANDED_FlattenFull/amplcpld prop_name=TYPE prop_terse=XDM_PROPERTY_STRING "TYPE" "amplcpld"

CS: block property: block_name=/amplcpld/EXPANDED_FlattenFull/amplcpld/c_count_4_or000010 prop_name=TYPE prop_terse=XDM_PROPERTY_STRING "TYPE" "AND2"

CS: block property: block_name=/amplcpld/EXPANDED_FlattenFull/amplcpld prop_name=TYPE prop_terse=XDM_PROPERTY_STRING "TYPE" "amplcpld"

CS: block property: block_name=/amplcpld/EXPANDED_FlattenFull/amplcpld/c_count_4_or000011 prop_name=TYPE prop_terse=XDM_PROPERTY_STRING "TYPE" "OR2"

CS: block property: block_name=/amplcpld/EXPANDED_FlattenFull/amplcpld prop_name=TYPE prop_terse=XDM_PROPERTY_STRING "TYPE" "amplcpld"

CS: block property: block_name=/amplcpld/EXPANDED_FlattenFull/amplcpld/c_count_4_or000012 prop_name=TYPE prop_terse=XDM_PROPERTY_STRING "TYPE" "AND2"

CS: block property: block_name=/amplcpld/EXPANDED_FlattenFull/amplcpld prop_name=TYPE prop_terse=XDM_PROPERTY_STRING "TYPE" "amplcpld"

CS: block property: block_name=/amplcpld/EXPANDED_FlattenFull/amplcpld/c_count_8_or00001 prop_name=TYPE prop_terse=XDM_PROPERTY_STRING "TYPE" "INV"

CS: block property: block_name=/amplcpld/EXPANDED_FlattenFull/amplcpld prop_name=TYPE prop_terse=XDM_PROPERTY_STRING "TYPE" "amplcpld"

CS: block property: block_name=/amplcpld/EXPANDED_FlattenFull/amplcpld/c_count_8_or00002 prop_name=TYPE prop_terse=XDM_PROPERTY_STRING "TYPE" "INV"

CS: block property: block_name=/amplcpld/EXPANDED_FlattenFull/amplcpld prop_name=TYPE prop_terse=XDM_PROPERTY_STRING "TYPE" "amplcpld"

CS: block property: block_name=/amplcpld/EXPANDED_FlattenFull/amplcpld/c_count_8_or00003 prop_name=TYPE prop_terse=XDM_PROPERTY_STRING "TYPE" "INV"

CS: block property: block_name=/amplcpld/EXPANDED_FlattenFull/amplcpld prop_name=TYPE prop_terse=XDM_PROPERTY_STRING "TYPE" "amplcpld"

CS: block property: block_name=/amplcpld/EXPANDED_FlattenFull/amplcpld/c_count_8_or00004 prop_name=TYPE prop_terse=XDM_PROPERTY_STRING "TYPE" "INV"

CS: block property: block_name=/amplcpld/EXPANDED_FlattenFull/amplcpld prop_name=TYPE prop_terse=XDM_PROPERTY_STRING "TYPE" "amplcpld"

CS: block property: block_name=/amplcpld/EXPANDED_FlattenFull/amplcpld/c_count_8_or00005 prop_name=TYPE prop_terse=XDM_PROPERTY_STRING "TYPE" "INV"

CS: block property: block_name=/amplcpld/EXPANDED_FlattenFull/amplcpld prop_name=TYPE prop_terse=XDM_PROPERTY_STRING "TYPE" "amplcpld"

CS: block property: block_name=/amplcpld/EXPANDED_FlattenFull/amplcpld/c_count_8_or00006 prop_name=TYPE prop_terse=XDM_PROPERTY_STRING "TYPE" "AND8"

CS: block property: block_name=/amplcpld/EXPANDED_FlattenFull/amplcpld prop_name=TYPE prop_terse=XDM_PROPERTY_STRING "TYPE" "amplcpld"

CS: block property: block_name=/amplcpld/EXPANDED_FlattenFull/amplcpld/c_count_8_or00007 prop_name=TYPE prop_terse=XDM_PROPERTY_STRING "TYPE" "INV"

CS: block property: block_name=/amplcpld/EXPANDED_FlattenFull/amplcpld prop_name=TYPE prop_terse=XDM_PROPERTY_STRING "TYPE" "amplcpld"

CS: block property: block_name=/amplcpld/EXPANDED_FlattenFull/amplcpld/c_count_8_or00008 prop_name=TYPE prop_terse=XDM_PROPERTY_STRING "TYPE" "INV"

CS: block property: block_name=/amplcpld/EXPANDED_FlattenFull/amplcpld prop_name=TYPE prop_terse=XDM_PROPERTY_STRING "TYPE" "amplcpld"

CS: block property: block_name=/amplcpld/EXPANDED_FlattenFull/amplcpld/c_count_8_or00009 prop_name=TYPE prop_terse=XDM_PROPERTY_STRING "TYPE" "AND6"

CS: block property: block_name=/amplcpld/EXPANDED_FlattenFull/amplcpld prop_name=TYPE prop_terse=XDM_PROPERTY_STRING "TYPE" "amplcpld"

CS: block property: block_name=/amplcpld/EXPANDED_FlattenFull/amplcpld/c_count_8_or000010 prop_name=TYPE prop_terse=XDM_PROPERTY_STRING "TYPE" "OR2"

CS: block property: block_name=/amplcpld/EXPANDED_FlattenFull/amplcpld prop_name=TYPE prop_terse=XDM_PROPERTY_STRING "TYPE" "amplcpld"

CS: block property: block_name=/amplcpld/EXPANDED_FlattenFull/amplcpld/c_count_8_or000011 prop_name=TYPE prop_terse=XDM_PROPERTY_STRING "TYPE" "AND2"

CS: block property: block_name=/amplcpld/EXPANDED_FlattenFull/amplcpld prop_name=TYPE prop_terse=XDM_PROPERTY_STRING "TYPE" "amplcpld"

CS: block property: block_name=/amplcpld/EXPANDED_FlattenFull/amplcpld/c_count_8_or000012 prop_name=TYPE prop_terse=XDM_PROPERTY_STRING "TYPE" "AND2"

CS: block property: block_name=/amplcpld/EXPANDED_FlattenFull/amplcpld prop_name=TYPE prop_terse=XDM_PROPERTY_STRING "TYPE" "amplcpld"

CS: block property: block_name=/amplcpld/EXPANDED_FlattenFull/amplcpld/c_count_8_or000013 prop_name=TYPE prop_terse=XDM_PROPERTY_STRING "TYPE" "OR2"

CS: block property: block_name=/amplcpld/EXPANDED_FlattenFull/amplcpld prop_name=TYPE prop_terse=XDM_PROPERTY_STRING "TYPE" "amplcpld"

CS: block property: block_name=/amplcpld/EXPANDED_FlattenFull/amplcpld/c_count_8_or000014 prop_name=TYPE prop_terse=XDM_PROPERTY_STRING "TYPE" "AND2"

CS: block property: block_name=/amplcpld/EXPANDED_FlattenFull/amplcpld prop_name=TYPE prop_terse=XDM_PROPERTY_STRING "TYPE" "amplcpld"

CS: block property: block_name=/amplcpld/EXPANDED_FlattenFull/amplcpld/c_count_6_or00001 prop_name=TYPE prop_terse=XDM_PROPERTY_STRING "TYPE" "AND4"

CS: block property: block_name=/amplcpld/EXPANDED_FlattenFull/amplcpld prop_name=TYPE prop_terse=XDM_PROPERTY_STRING "TYPE" "amplcpld"

CS: block property: block_name=/amplcpld/EXPANDED_FlattenFull/amplcpld/c_count_6_or00002 prop_name=TYPE prop_terse=XDM_PROPERTY_STRING "TYPE" "AND2"

CS: block property: block_name=/amplcpld/EXPANDED_FlattenFull/amplcpld prop_name=TYPE prop_terse=XDM_PROPERTY_STRING "TYPE" "amplcpld"

CS: block property: block_name=/amplcpld/EXPANDED_FlattenFull/amplcpld/c_count_6_or00003 prop_name=TYPE prop_terse=XDM_PROPERTY_STRING "TYPE" "INV"

CS: block property: block_name=/amplcpld/EXPANDED_FlattenFull/amplcpld prop_name=TYPE prop_terse=XDM_PROPERTY_STRING "TYPE" "amplcpld"

CS: block property: block_name=/amplcpld/EXPANDED_FlattenFull/amplcpld/c_count_6_or00004 prop_name=TYPE prop_terse=XDM_PROPERTY_STRING "TYPE" "INV"

CS: block property: block_name=/amplcpld/EXPANDED_FlattenFull/amplcpld prop_name=TYPE prop_terse=XDM_PROPERTY_STRING "TYPE" "amplcpld"

CS: block property: block_name=/amplcpld/EXPANDED_FlattenFull/amplcpld/c_count_6_or00005 prop_name=TYPE prop_terse=XDM_PROPERTY_STRING "TYPE" "INV"

CS: block property: block_name=/amplcpld/EXPANDED_FlattenFull/amplcpld prop_name=TYPE prop_terse=XDM_PROPERTY_STRING "TYPE" "amplcpld"

CS: block property: block_name=/amplcpld/EXPANDED_FlattenFull/amplcpld/c_count_6_or00006 prop_name=TYPE prop_terse=XDM_PROPERTY_STRING "TYPE" "INV"

CS: block property: block_name=/amplcpld/EXPANDED_FlattenFull/amplcpld prop_name=TYPE prop_terse=XDM_PROPERTY_STRING "TYPE" "amplcpld"

CS: block property: block_name=/amplcpld/EXPANDED_FlattenFull/amplcpld/c_count_6_or00007 prop_name=TYPE prop_terse=XDM_PROPERTY_STRING "TYPE" "INV"

CS: block property: block_name=/amplcpld/EXPANDED_FlattenFull/amplcpld prop_name=TYPE prop_terse=XDM_PROPERTY_STRING "TYPE" "amplcpld"

CS: block property: block_name=/amplcpld/EXPANDED_FlattenFull/amplcpld/c_count_6_or00008 prop_name=TYPE prop_terse=XDM_PROPERTY_STRING "TYPE" "INV"

CS: block property: block_name=/amplcpld/EXPANDED_FlattenFull/amplcpld prop_name=TYPE prop_terse=XDM_PROPERTY_STRING "TYPE" "amplcpld"

CS: block property: block_name=/amplcpld/EXPANDED_FlattenFull/amplcpld/c_count_6_or00009 prop_name=TYPE prop_terse=XDM_PROPERTY_STRING "TYPE" "INV"

CS: block property: block_name=/amplcpld/EXPANDED_FlattenFull/amplcpld prop_name=TYPE prop_terse=XDM_PROPERTY_STRING "TYPE" "amplcpld"

CS: block property: block_name=/amplcpld/EXPANDED_FlattenFull/amplcpld/c_count_6_or000010 prop_name=TYPE prop_terse=XDM_PROPERTY_STRING "TYPE" "INV"

CS: block property: block_name=/amplcpld/EXPANDED_FlattenFull/amplcpld prop_name=TYPE prop_terse=XDM_PROPERTY_STRING "TYPE" "amplcpld"

CS: block property: block_name=/amplcpld/EXPANDED_FlattenFull/amplcpld/c_count_6_or000011 prop_name=TYPE prop_terse=XDM_PROPERTY_STRING "TYPE" "INV"

CS: block property: block_name=/amplcpld/EXPANDED_FlattenFull/amplcpld prop_name=TYPE prop_terse=XDM_PROPERTY_STRING "TYPE" "amplcpld"

CS: block property: block_name=/amplcpld/EXPANDED_FlattenFull/amplcpld/c_count_6_or000012 prop_name=TYPE prop_terse=XDM_PROPERTY_STRING "TYPE" "OR4"

CS: block property: block_name=/amplcpld/EXPANDED_FlattenFull/amplcpld prop_name=TYPE prop_terse=XDM_PROPERTY_STRING "TYPE" "amplcpld"

CS: block property: block_name=/amplcpld/EXPANDED_FlattenFull/amplcpld/c_count_6_or000013 prop_name=TYPE prop_terse=XDM_PROPERTY_STRING "TYPE" "AND6"

CS: block property: block_name=/amplcpld/EXPANDED_FlattenFull/amplcpld prop_name=TYPE prop_terse=XDM_PROPERTY_STRING "TYPE" "amplcpld"

CS: block property: block_name=/amplcpld/EXPANDED_FlattenFull/amplcpld/c_count_6_or000014 prop_name=TYPE prop_terse=XDM_PROPERTY_STRING "TYPE" "AND2"

CS: block property: block_name=/amplcpld/EXPANDED_FlattenFull/amplcpld prop_name=TYPE prop_terse=XDM_PROPERTY_STRING "TYPE" "amplcpld"

CS: block property: block_name=/amplcpld/EXPANDED_FlattenFull/amplcpld/c_count_6_or000015 prop_name=TYPE prop_terse=XDM_PROPERTY_STRING "TYPE" "AND2"

CS: block property: block_name=/amplcpld/EXPANDED_FlattenFull/amplcpld prop_name=TYPE prop_terse=XDM_PROPERTY_STRING "TYPE" "amplcpld"

CS: block property: block_name=/amplcpld/EXPANDED_FlattenFull/amplcpld/c_count_6_or000016 prop_name=TYPE prop_terse=XDM_PROPERTY_STRING "TYPE" "AND2"

CS: block property: block_name=/amplcpld/EXPANDED_FlattenFull/amplcpld prop_name=TYPE prop_terse=XDM_PROPERTY_STRING "TYPE" "amplcpld"

CS: block property: block_name=/amplcpld/EXPANDED_FlattenFull/amplcpld/c_count_6_or000017 prop_name=TYPE prop_terse=XDM_PROPERTY_STRING "TYPE" "OR2"

CS: block property: block_name=/amplcpld/EXPANDED_FlattenFull/amplcpld prop_name=TYPE prop_terse=XDM_PROPERTY_STRING "TYPE" "amplcpld"

CS: block property: block_name=/amplcpld/EXPANDED_FlattenFull/amplcpld/c_count_6_or000018 prop_name=TYPE prop_terse=XDM_PROPERTY_STRING "TYPE" "AND2"

CS: block property: block_name=/amplcpld/EXPANDED_FlattenFull/amplcpld prop_name=TYPE prop_terse=XDM_PROPERTY_STRING "TYPE" "amplcpld"

CS: block property: block_name=/amplcpld/EXPANDED_FlattenFull/amplcpld/c_count_7_or00001 prop_name=TYPE prop_terse=XDM_PROPERTY_STRING "TYPE" "INV"

CS: block property: block_name=/amplcpld/EXPANDED_FlattenFull/amplcpld prop_name=TYPE prop_terse=XDM_PROPERTY_STRING "TYPE" "amplcpld"

CS: block property: block_name=/amplcpld/EXPANDED_FlattenFull/amplcpld/c_count_7_or00002 prop_name=TYPE prop_terse=XDM_PROPERTY_STRING "TYPE" "INV"

CS: block property: block_name=/amplcpld/EXPANDED_FlattenFull/amplcpld prop_name=TYPE prop_terse=XDM_PROPERTY_STRING "TYPE" "amplcpld"

CS: block property: block_name=/amplcpld/EXPANDED_FlattenFull/amplcpld/c_count_7_or00003 prop_name=TYPE prop_terse=XDM_PROPERTY_STRING "TYPE" "INV"

CS: block property: block_name=/amplcpld/EXPANDED_FlattenFull/amplcpld prop_name=TYPE prop_terse=XDM_PROPERTY_STRING "TYPE" "amplcpld"

CS: block property: block_name=/amplcpld/EXPANDED_FlattenFull/amplcpld/c_count_7_or00004 prop_name=TYPE prop_terse=XDM_PROPERTY_STRING "TYPE" "INV"

CS: block property: block_name=/amplcpld/EXPANDED_FlattenFull/amplcpld prop_name=TYPE prop_terse=XDM_PROPERTY_STRING "TYPE" "amplcpld"

CS: block property: block_name=/amplcpld/EXPANDED_FlattenFull/amplcpld/c_count_7_or00005 prop_name=TYPE prop_terse=XDM_PROPERTY_STRING "TYPE" "INV"

CS: block property: block_name=/amplcpld/EXPANDED_FlattenFull/amplcpld prop_name=TYPE prop_terse=XDM_PROPERTY_STRING "TYPE" "amplcpld"

CS: block property: block_name=/amplcpld/EXPANDED_FlattenFull/amplcpld/c_count_7_or00006 prop_name=TYPE prop_terse=XDM_PROPERTY_STRING "TYPE" "AND8"

CS: block property: block_name=/amplcpld/EXPANDED_FlattenFull/amplcpld prop_name=TYPE prop_terse=XDM_PROPERTY_STRING "TYPE" "amplcpld"

CS: block property: block_name=/amplcpld/EXPANDED_FlattenFull/amplcpld/c_count_7_or00007 prop_name=TYPE prop_terse=XDM_PROPERTY_STRING "TYPE" "INV"

CS: block property: block_name=/amplcpld/EXPANDED_FlattenFull/amplcpld prop_name=TYPE prop_terse=XDM_PROPERTY_STRING "TYPE" "amplcpld"

CS: block property: block_name=/amplcpld/EXPANDED_FlattenFull/amplcpld/c_count_7_or00008 prop_name=TYPE prop_terse=XDM_PROPERTY_STRING "TYPE" "INV"

CS: block property: block_name=/amplcpld/EXPANDED_FlattenFull/amplcpld prop_name=TYPE prop_terse=XDM_PROPERTY_STRING "TYPE" "amplcpld"

CS: block property: block_name=/amplcpld/EXPANDED_FlattenFull/amplcpld/c_count_7_or00009 prop_name=TYPE prop_terse=XDM_PROPERTY_STRING "TYPE" "INV"

CS: block property: block_name=/amplcpld/EXPANDED_FlattenFull/amplcpld prop_name=TYPE prop_terse=XDM_PROPERTY_STRING "TYPE" "amplcpld"

CS: block property: block_name=/amplcpld/EXPANDED_FlattenFull/amplcpld/c_count_7_or000010 prop_name=TYPE prop_terse=XDM_PROPERTY_STRING "TYPE" "AND6"

CS: block property: block_name=/amplcpld/EXPANDED_FlattenFull/amplcpld prop_name=TYPE prop_terse=XDM_PROPERTY_STRING "TYPE" "amplcpld"

CS: block property: block_name=/amplcpld/EXPANDED_FlattenFull/amplcpld/c_count_7_or000011 prop_name=TYPE prop_terse=XDM_PROPERTY_STRING "TYPE" "OR3"

CS: block property: block_name=/amplcpld/EXPANDED_FlattenFull/amplcpld prop_name=TYPE prop_terse=XDM_PROPERTY_STRING "TYPE" "amplcpld"

CS: block property: block_name=/amplcpld/EXPANDED_FlattenFull/amplcpld/c_count_7_or000012 prop_name=TYPE prop_terse=XDM_PROPERTY_STRING "TYPE" "AND2"

CS: block property: block_name=/amplcpld/EXPANDED_FlattenFull/amplcpld prop_name=TYPE prop_terse=XDM_PROPERTY_STRING "TYPE" "amplcpld"

CS: block property: block_name=/amplcpld/EXPANDED_FlattenFull/amplcpld/c_count_7_or000013 prop_name=TYPE prop_terse=XDM_PROPERTY_STRING "TYPE" "OR2"

CS: block property: block_name=/amplcpld/EXPANDED_FlattenFull/amplcpld prop_name=TYPE prop_terse=XDM_PROPERTY_STRING "TYPE" "amplcpld"

CS: block property: block_name=/amplcpld/EXPANDED_FlattenFull/amplcpld/c_count_7_or000014 prop_name=TYPE prop_terse=XDM_PROPERTY_STRING "TYPE" "AND2"

CS: block property: block_name=/amplcpld/EXPANDED_FlattenFull/amplcpld prop_name=TYPE prop_terse=XDM_PROPERTY_STRING "TYPE" "amplcpld"

CS: block property: block_name=/amplcpld/EXPANDED_FlattenFull/amplcpld/c_count_9_or00001 prop_name=TYPE prop_terse=XDM_PROPERTY_STRING "TYPE" "INV"

CS: block property: block_name=/amplcpld/EXPANDED_FlattenFull/amplcpld prop_name=TYPE prop_terse=XDM_PROPERTY_STRING "TYPE" "amplcpld"

CS: block property: block_name=/amplcpld/EXPANDED_FlattenFull/amplcpld/c_count_9_or00002 prop_name=TYPE prop_terse=XDM_PROPERTY_STRING "TYPE" "INV"

CS: block property: block_name=/amplcpld/EXPANDED_FlattenFull/amplcpld prop_name=TYPE prop_terse=XDM_PROPERTY_STRING "TYPE" "amplcpld"

CS: block property: block_name=/amplcpld/EXPANDED_FlattenFull/amplcpld/c_count_9_or00003 prop_name=TYPE prop_terse=XDM_PROPERTY_STRING "TYPE" "INV"

CS: block property: block_name=/amplcpld/EXPANDED_FlattenFull/amplcpld prop_name=TYPE prop_terse=XDM_PROPERTY_STRING "TYPE" "amplcpld"

CS: block property: block_name=/amplcpld/EXPANDED_FlattenFull/amplcpld/c_count_9_or00004 prop_name=TYPE prop_terse=XDM_PROPERTY_STRING "TYPE" "INV"

CS: block property: block_name=/amplcpld/EXPANDED_FlattenFull/amplcpld prop_name=TYPE prop_terse=XDM_PROPERTY_STRING "TYPE" "amplcpld"

CS: block property: block_name=/amplcpld/EXPANDED_FlattenFull/amplcpld/c_count_9_or00005 prop_name=TYPE prop_terse=XDM_PROPERTY_STRING "TYPE" "INV"

CS: block property: block_name=/amplcpld/EXPANDED_FlattenFull/amplcpld prop_name=TYPE prop_terse=XDM_PROPERTY_STRING "TYPE" "amplcpld"

CS: block property: block_name=/amplcpld/EXPANDED_FlattenFull/amplcpld/c_count_9_or00006 prop_name=TYPE prop_terse=XDM_PROPERTY_STRING "TYPE" "AND8"

CS: block property: block_name=/amplcpld/EXPANDED_FlattenFull/amplcpld prop_name=TYPE prop_terse=XDM_PROPERTY_STRING "TYPE" "amplcpld"

CS: block property: block_name=/amplcpld/EXPANDED_FlattenFull/amplcpld/c_count_9_or00007 prop_name=TYPE prop_terse=XDM_PROPERTY_STRING "TYPE" "AND2"

CS: block property: block_name=/amplcpld/EXPANDED_FlattenFull/amplcpld prop_name=TYPE prop_terse=XDM_PROPERTY_STRING "TYPE" "amplcpld"

CS: block property: block_name=/amplcpld/EXPANDED_FlattenFull/amplcpld/c_count_9_or00008 prop_name=TYPE prop_terse=XDM_PROPERTY_STRING "TYPE" "INV"

CS: block property: block_name=/amplcpld/EXPANDED_FlattenFull/amplcpld prop_name=TYPE prop_terse=XDM_PROPERTY_STRING "TYPE" "amplcpld"

CS: block property: block_name=/amplcpld/EXPANDED_FlattenFull/amplcpld/c_count_9_or00009 prop_name=TYPE prop_terse=XDM_PROPERTY_STRING "TYPE" "AND6"

CS: block property: block_name=/amplcpld/EXPANDED_FlattenFull/amplcpld prop_name=TYPE prop_terse=XDM_PROPERTY_STRING "TYPE" "amplcpld"

CS: block property: block_name=/amplcpld/EXPANDED_FlattenFull/amplcpld/c_count_9_or000010 prop_name=TYPE prop_terse=XDM_PROPERTY_STRING "TYPE" "AND2"

CS: block property: block_name=/amplcpld/EXPANDED_FlattenFull/amplcpld prop_name=TYPE prop_terse=XDM_PROPERTY_STRING "TYPE" "amplcpld"

CS: block property: block_name=/amplcpld/EXPANDED_FlattenFull/amplcpld/c_count_9_or000011 prop_name=TYPE prop_terse=XDM_PROPERTY_STRING "TYPE" "AND2"

CS: block property: block_name=/amplcpld/EXPANDED_FlattenFull/amplcpld prop_name=TYPE prop_terse=XDM_PROPERTY_STRING "TYPE" "amplcpld"

CS: block property: block_name=/amplcpld/EXPANDED_FlattenFull/amplcpld/c_count_9_or000012 prop_name=TYPE prop_terse=XDM_PROPERTY_STRING "TYPE" "OR2"

CS: block property: block_name=/amplcpld/EXPANDED_FlattenFull/amplcpld prop_name=TYPE prop_terse=XDM_PROPERTY_STRING "TYPE" "amplcpld"

CS: block property: block_name=/amplcpld/EXPANDED_FlattenFull/amplcpld/c_count_9_or000013 prop_name=TYPE prop_terse=XDM_PROPERTY_STRING "TYPE" "AND2"

CS: block property: block_name=/amplcpld/EXPANDED_FlattenFull/amplcpld prop_name=TYPE prop_terse=XDM_PROPERTY_STRING "TYPE" "amplcpld"

CS: block property: block_name=/amplcpld/EXPANDED_FlattenFull/amplcpld/cal_sample__or00001 prop_name=TYPE prop_terse=XDM_PROPERTY_STRING "TYPE" "INV"

CS: block property: block_name=/amplcpld/EXPANDED_FlattenFull/amplcpld prop_name=TYPE prop_terse=XDM_PROPERTY_STRING "TYPE" "amplcpld"

CS: block property: block_name=/amplcpld/EXPANDED_FlattenFull/amplcpld/cal_sample__or00002 prop_name=TYPE prop_terse=XDM_PROPERTY_STRING "TYPE" "INV"

CS: block property: block_name=/amplcpld/EXPANDED_FlattenFull/amplcpld prop_name=TYPE prop_terse=XDM_PROPERTY_STRING "TYPE" "amplcpld"

CS: block property: block_name=/amplcpld/EXPANDED_FlattenFull/amplcpld/cal_sample__or00003 prop_name=TYPE prop_terse=XDM_PROPERTY_STRING "TYPE" "INV"

CS: block property: block_name=/amplcpld/EXPANDED_FlattenFull/amplcpld prop_name=TYPE prop_terse=XDM_PROPERTY_STRING "TYPE" "amplcpld"

CS: block property: block_name=/amplcpld/EXPANDED_FlattenFull/amplcpld/cal_sample__or00004 prop_name=TYPE prop_terse=XDM_PROPERTY_STRING "TYPE" "INV"

CS: block property: block_name=/amplcpld/EXPANDED_FlattenFull/amplcpld prop_name=TYPE prop_terse=XDM_PROPERTY_STRING "TYPE" "amplcpld"

CS: block property: block_name=/amplcpld/EXPANDED_FlattenFull/amplcpld/cal_sample__or00005 prop_name=TYPE prop_terse=XDM_PROPERTY_STRING "TYPE" "INV"

CS: block property: block_name=/amplcpld/EXPANDED_FlattenFull/amplcpld prop_name=TYPE prop_terse=XDM_PROPERTY_STRING "TYPE" "amplcpld"

CS: block property: block_name=/amplcpld/EXPANDED_FlattenFull/amplcpld/cal_sample__or00006 prop_name=TYPE prop_terse=XDM_PROPERTY_STRING "TYPE" "INV"

CS: block property: block_name=/amplcpld/EXPANDED_FlattenFull/amplcpld prop_name=TYPE prop_terse=XDM_PROPERTY_STRING "TYPE" "amplcpld"

CS: block property: block_name=/amplcpld/EXPANDED_FlattenFull/amplcpld/cal_sample__or00007 prop_name=TYPE prop_terse=XDM_PROPERTY_STRING "TYPE" "AND6"

CS: block property: block_name=/amplcpld/EXPANDED_FlattenFull/amplcpld prop_name=TYPE prop_terse=XDM_PROPERTY_STRING "TYPE" "amplcpld"

CS: block property: block_name=/amplcpld/EXPANDED_FlattenFull/amplcpld/cal_sample__or00008 prop_name=TYPE prop_terse=XDM_PROPERTY_STRING "TYPE" "OR2"

CS: block property: block_name=/amplcpld/EXPANDED_FlattenFull/amplcpld prop_name=TYPE prop_terse=XDM_PROPERTY_STRING "TYPE" "amplcpld"

CS: block property: block_name=/amplcpld/EXPANDED_FlattenFull/amplcpld/adc_d_11_not00001 prop_name=TYPE prop_terse=XDM_PROPERTY_STRING "TYPE" "OR2"

CS: block property: block_name=/amplcpld/EXPANDED_FlattenFull/amplcpld prop_name=TYPE prop_terse=XDM_PROPERTY_STRING "TYPE" "amplcpld"

CS: block property: block_name=/amplcpld/EXPANDED_FlattenFull/amplcpld/adc_d_11_not00002 prop_name=TYPE prop_terse=XDM_PROPERTY_STRING "TYPE" "AND2"

CS: block property: block_name=/amplcpld/EXPANDED_FlattenFull/amplcpld prop_name=TYPE prop_terse=XDM_PROPERTY_STRING "TYPE" "amplcpld"

CS: block property: block_name=/amplcpld/EXPANDED_FlattenFull/amplcpld/adc_d_11_not00003 prop_name=TYPE prop_terse=XDM_PROPERTY_STRING "TYPE" "INV"

CS: block property: block_name=/amplcpld/EXPANDED_FlattenFull/amplcpld prop_name=TYPE prop_terse=XDM_PROPERTY_STRING "TYPE" "amplcpld"

CS: block property: block_name=/amplcpld/EXPANDED_FlattenFull/amplcpld/adc_d_11_not00004 prop_name=TYPE prop_terse=XDM_PROPERTY_STRING "TYPE" "INV"

CS: block property: block_name=/amplcpld/EXPANDED_FlattenFull/amplcpld prop_name=TYPE prop_terse=XDM_PROPERTY_STRING "TYPE" "amplcpld"

CS: block property: block_name=/amplcpld/EXPANDED_FlattenFull/amplcpld/adc_d_11_not00005 prop_name=TYPE prop_terse=XDM_PROPERTY_STRING "TYPE" "INV"

CS: block property: block_name=/amplcpld/EXPANDED_FlattenFull/amplcpld prop_name=TYPE prop_terse=XDM_PROPERTY_STRING "TYPE" "amplcpld"

CS: block property: block_name=/amplcpld/EXPANDED_FlattenFull/amplcpld/adc_d_11_not00006 prop_name=TYPE prop_terse=XDM_PROPERTY_STRING "TYPE" "AND2"

CS: block property: block_name=/amplcpld/EXPANDED_FlattenFull/amplcpld prop_name=TYPE prop_terse=XDM_PROPERTY_STRING "TYPE" "amplcpld"

CS: block property: block_name=/amplcpld/EXPANDED_FlattenFull/amplcpld/adc_d_11_not00007 prop_name=TYPE prop_terse=XDM_PROPERTY_STRING "TYPE" "AND3"

CS: block property: block_name=/amplcpld/EXPANDED_FlattenFull/amplcpld prop_name=TYPE prop_terse=XDM_PROPERTY_STRING "TYPE" "amplcpld"

CS: block property: block_name=/amplcpld/EXPANDED_FlattenFull/amplcpld/adc_d_11_not00008 prop_name=TYPE prop_terse=XDM_PROPERTY_STRING "TYPE" "OR2"

CS: block property: block_name=/amplcpld/EXPANDED_FlattenFull/amplcpld prop_name=TYPE prop_terse=XDM_PROPERTY_STRING "TYPE" "amplcpld"

CS: block property: block_name=/amplcpld/EXPANDED_FlattenFull/amplcpld/adc_d_11_not00009 prop_name=TYPE prop_terse=XDM_PROPERTY_STRING "TYPE" "AND2"

CS: block property: block_name=/amplcpld/EXPANDED_FlattenFull/amplcpld prop_name=TYPE prop_terse=XDM_PROPERTY_STRING "TYPE" "amplcpld"

CS: block property: block_name=/amplcpld/EXPANDED_FlattenFull/amplcpld/adc_d_11_not000010 prop_name=TYPE prop_terse=XDM_PROPERTY_STRING "TYPE" "OR2"

CS: block property: block_name=/amplcpld/EXPANDED_FlattenFull/amplcpld prop_name=TYPE prop_terse=XDM_PROPERTY_STRING "TYPE" "amplcpld"

CS: block property: block_name=/amplcpld/EXPANDED_FlattenFull/amplcpld/adc_d_10_not00001 prop_name=TYPE prop_terse=XDM_PROPERTY_STRING "TYPE" "OR2"

CS: block property: block_name=/amplcpld/EXPANDED_FlattenFull/amplcpld prop_name=TYPE prop_terse=XDM_PROPERTY_STRING "TYPE" "amplcpld"

CS: block property: block_name=/amplcpld/EXPANDED_FlattenFull/amplcpld/adc_d_10_not00002 prop_name=TYPE prop_terse=XDM_PROPERTY_STRING "TYPE" "AND2"

CS: block property: block_name=/amplcpld/EXPANDED_FlattenFull/amplcpld prop_name=TYPE prop_terse=XDM_PROPERTY_STRING "TYPE" "amplcpld"

CS: block property: block_name=/amplcpld/EXPANDED_FlattenFull/amplcpld/adc_d_10_not00003 prop_name=TYPE prop_terse=XDM_PROPERTY_STRING "TYPE" "INV"

CS: block property: block_name=/amplcpld/EXPANDED_FlattenFull/amplcpld prop_name=TYPE prop_terse=XDM_PROPERTY_STRING "TYPE" "amplcpld"

CS: block property: block_name=/amplcpld/EXPANDED_FlattenFull/amplcpld/adc_d_10_not00004 prop_name=TYPE prop_terse=XDM_PROPERTY_STRING "TYPE" "INV"

CS: block property: block_name=/amplcpld/EXPANDED_FlattenFull/amplcpld prop_name=TYPE prop_terse=XDM_PROPERTY_STRING "TYPE" "amplcpld"

CS: block property: block_name=/amplcpld/EXPANDED_FlattenFull/amplcpld/adc_d_10_not00005 prop_name=TYPE prop_terse=XDM_PROPERTY_STRING "TYPE" "INV"

CS: block property: block_name=/amplcpld/EXPANDED_FlattenFull/amplcpld prop_name=TYPE prop_terse=XDM_PROPERTY_STRING "TYPE" "amplcpld"

CS: block property: block_name=/amplcpld/EXPANDED_FlattenFull/amplcpld/adc_d_10_not00006 prop_name=TYPE prop_terse=XDM_PROPERTY_STRING "TYPE" "AND2"

CS: block property: block_name=/amplcpld/EXPANDED_FlattenFull/amplcpld prop_name=TYPE prop_terse=XDM_PROPERTY_STRING "TYPE" "amplcpld"

CS: block property: block_name=/amplcpld/EXPANDED_FlattenFull/amplcpld/adc_d_10_not00007 prop_name=TYPE prop_terse=XDM_PROPERTY_STRING "TYPE" "AND3"

CS: block property: block_name=/amplcpld/EXPANDED_FlattenFull/amplcpld prop_name=TYPE prop_terse=XDM_PROPERTY_STRING "TYPE" "amplcpld"

CS: block property: block_name=/amplcpld/EXPANDED_FlattenFull/amplcpld/adc_d_10_not00008 prop_name=TYPE prop_terse=XDM_PROPERTY_STRING "TYPE" "OR2"

CS: block property: block_name=/amplcpld/EXPANDED_FlattenFull/amplcpld prop_name=TYPE prop_terse=XDM_PROPERTY_STRING "TYPE" "amplcpld"

CS: block property: block_name=/amplcpld/EXPANDED_FlattenFull/amplcpld/adc_d_10_not00009 prop_name=TYPE prop_terse=XDM_PROPERTY_STRING "TYPE" "AND2"

CS: block property: block_name=/amplcpld/EXPANDED_FlattenFull/amplcpld prop_name=TYPE prop_terse=XDM_PROPERTY_STRING "TYPE" "amplcpld"

CS: block property: block_name=/amplcpld/EXPANDED_FlattenFull/amplcpld/adc_d_10_not000010 prop_name=TYPE prop_terse=XDM_PROPERTY_STRING "TYPE" "OR2"

CS: block property: block_name=/amplcpld/EXPANDED_FlattenFull/amplcpld prop_name=TYPE prop_terse=XDM_PROPERTY_STRING "TYPE" "amplcpld"

CS: block property: block_name=/amplcpld/EXPANDED_FlattenFull/amplcpld/adc_d_0_not00001 prop_name=TYPE prop_terse=XDM_PROPERTY_STRING "TYPE" "OR2"

CS: block property: block_name=/amplcpld/EXPANDED_FlattenFull/amplcpld prop_name=TYPE prop_terse=XDM_PROPERTY_STRING "TYPE" "amplcpld"

CS: block property: block_name=/amplcpld/EXPANDED_FlattenFull/amplcpld/adc_d_0_not00002 prop_name=TYPE prop_terse=XDM_PROPERTY_STRING "TYPE" "AND2"

CS: block property: block_name=/amplcpld/EXPANDED_FlattenFull/amplcpld prop_name=TYPE prop_terse=XDM_PROPERTY_STRING "TYPE" "amplcpld"

CS: block property: block_name=/amplcpld/EXPANDED_FlattenFull/amplcpld/adc_d_0_not00003 prop_name=TYPE prop_terse=XDM_PROPERTY_STRING "TYPE" "INV"

CS: block property: block_name=/amplcpld/EXPANDED_FlattenFull/amplcpld prop_name=TYPE prop_terse=XDM_PROPERTY_STRING "TYPE" "amplcpld"

CS: block property: block_name=/amplcpld/EXPANDED_FlattenFull/amplcpld/adc_d_0_not00004 prop_name=TYPE prop_terse=XDM_PROPERTY_STRING "TYPE" "INV"

CS: block property: block_name=/amplcpld/EXPANDED_FlattenFull/amplcpld prop_name=TYPE prop_terse=XDM_PROPERTY_STRING "TYPE" "amplcpld"

CS: block property: block_name=/amplcpld/EXPANDED_FlattenFull/amplcpld/adc_d_0_not00005 prop_name=TYPE prop_terse=XDM_PROPERTY_STRING "TYPE" "INV"

CS: block property: block_name=/amplcpld/EXPANDED_FlattenFull/amplcpld prop_name=TYPE prop_terse=XDM_PROPERTY_STRING "TYPE" "amplcpld"

CS: block property: block_name=/amplcpld/EXPANDED_FlattenFull/amplcpld/adc_d_0_not00006 prop_name=TYPE prop_terse=XDM_PROPERTY_STRING "TYPE" "AND2"

CS: block property: block_name=/amplcpld/EXPANDED_FlattenFull/amplcpld prop_name=TYPE prop_terse=XDM_PROPERTY_STRING "TYPE" "amplcpld"

CS: block property: block_name=/amplcpld/EXPANDED_FlattenFull/amplcpld/adc_d_0_not00007 prop_name=TYPE prop_terse=XDM_PROPERTY_STRING "TYPE" "AND3"

CS: block property: block_name=/amplcpld/EXPANDED_FlattenFull/amplcpld prop_name=TYPE prop_terse=XDM_PROPERTY_STRING "TYPE" "amplcpld"

CS: block property: block_name=/amplcpld/EXPANDED_FlattenFull/amplcpld/adc_d_0_not00008 prop_name=TYPE prop_terse=XDM_PROPERTY_STRING "TYPE" "OR2"

CS: block property: block_name=/amplcpld/EXPANDED_FlattenFull/amplcpld prop_name=TYPE prop_terse=XDM_PROPERTY_STRING "TYPE" "amplcpld"

CS: block property: block_name=/amplcpld/EXPANDED_FlattenFull/amplcpld/adc_d_0_not00009 prop_name=TYPE prop_terse=XDM_PROPERTY_STRING "TYPE" "AND2"

CS: block property: block_name=/amplcpld/EXPANDED_FlattenFull/amplcpld prop_name=TYPE prop_terse=XDM_PROPERTY_STRING "TYPE" "amplcpld"

CS: block property: block_name=/amplcpld/EXPANDED_FlattenFull/amplcpld/adc_d_0_not000010 prop_name=TYPE prop_terse=XDM_PROPERTY_STRING "TYPE" "OR2"

CS: block property: block_name=/amplcpld/EXPANDED_FlattenFull/amplcpld prop_name=TYPE prop_terse=XDM_PROPERTY_STRING "TYPE" "amplcpld"

CS: block property: block_name=/amplcpld/EXPANDED_FlattenFull/amplcpld/adc_d_1_not00001 prop_name=TYPE prop_terse=XDM_PROPERTY_STRING "TYPE" "OR2"

CS: block property: block_name=/amplcpld/EXPANDED_FlattenFull/amplcpld prop_name=TYPE prop_terse=XDM_PROPERTY_STRING "TYPE" "amplcpld"

CS: block property: block_name=/amplcpld/EXPANDED_FlattenFull/amplcpld/adc_d_1_not00002 prop_name=TYPE prop_terse=XDM_PROPERTY_STRING "TYPE" "AND2"

CS: block property: block_name=/amplcpld/EXPANDED_FlattenFull/amplcpld prop_name=TYPE prop_terse=XDM_PROPERTY_STRING "TYPE" "amplcpld"

CS: block property: block_name=/amplcpld/EXPANDED_FlattenFull/amplcpld/adc_d_1_not00003 prop_name=TYPE prop_terse=XDM_PROPERTY_STRING "TYPE" "INV"

CS: block property: block_name=/amplcpld/EXPANDED_FlattenFull/amplcpld prop_name=TYPE prop_terse=XDM_PROPERTY_STRING "TYPE" "amplcpld"

CS: block property: block_name=/amplcpld/EXPANDED_FlattenFull/amplcpld/adc_d_1_not00004 prop_name=TYPE prop_terse=XDM_PROPERTY_STRING "TYPE" "INV"

CS: block property: block_name=/amplcpld/EXPANDED_FlattenFull/amplcpld prop_name=TYPE prop_terse=XDM_PROPERTY_STRING "TYPE" "amplcpld"

CS: block property: block_name=/amplcpld/EXPANDED_FlattenFull/amplcpld/adc_d_1_not00005 prop_name=TYPE prop_terse=XDM_PROPERTY_STRING "TYPE" "INV"

CS: block property: block_name=/amplcpld/EXPANDED_FlattenFull/amplcpld prop_name=TYPE prop_terse=XDM_PROPERTY_STRING "TYPE" "amplcpld"

CS: block property: block_name=/amplcpld/EXPANDED_FlattenFull/amplcpld/adc_d_1_not00006 prop_name=TYPE prop_terse=XDM_PROPERTY_STRING "TYPE" "AND2"

CS: block property: block_name=/amplcpld/EXPANDED_FlattenFull/amplcpld prop_name=TYPE prop_terse=XDM_PROPERTY_STRING "TYPE" "amplcpld"

CS: block property: block_name=/amplcpld/EXPANDED_FlattenFull/amplcpld/adc_d_1_not00007 prop_name=TYPE prop_terse=XDM_PROPERTY_STRING "TYPE" "AND3"

CS: block property: block_name=/amplcpld/EXPANDED_FlattenFull/amplcpld prop_name=TYPE prop_terse=XDM_PROPERTY_STRING "TYPE" "amplcpld"

CS: block property: block_name=/amplcpld/EXPANDED_FlattenFull/amplcpld/adc_d_1_not00008 prop_name=TYPE prop_terse=XDM_PROPERTY_STRING "TYPE" "OR2"

CS: block property: block_name=/amplcpld/EXPANDED_FlattenFull/amplcpld prop_name=TYPE prop_terse=XDM_PROPERTY_STRING "TYPE" "amplcpld"

CS: block property: block_name=/amplcpld/EXPANDED_FlattenFull/amplcpld/adc_d_1_not00009 prop_name=TYPE prop_terse=XDM_PROPERTY_STRING "TYPE" "AND2"

CS: block property: block_name=/amplcpld/EXPANDED_FlattenFull/amplcpld prop_name=TYPE prop_terse=XDM_PROPERTY_STRING "TYPE" "amplcpld"

CS: block property: block_name=/amplcpld/EXPANDED_FlattenFull/amplcpld/adc_d_1_not000010 prop_name=TYPE prop_terse=XDM_PROPERTY_STRING "TYPE" "OR2"

CS: block property: block_name=/amplcpld/EXPANDED_FlattenFull/amplcpld prop_name=TYPE prop_terse=XDM_PROPERTY_STRING "TYPE" "amplcpld"

CS: block property: block_name=/amplcpld/EXPANDED_FlattenFull/amplcpld/adc_d_2_not00001 prop_name=TYPE prop_terse=XDM_PROPERTY_STRING "TYPE" "OR2"

CS: block property: block_name=/amplcpld/EXPANDED_FlattenFull/amplcpld prop_name=TYPE prop_terse=XDM_PROPERTY_STRING "TYPE" "amplcpld"

CS: block property: block_name=/amplcpld/EXPANDED_FlattenFull/amplcpld/adc_d_2_not00002 prop_name=TYPE prop_terse=XDM_PROPERTY_STRING "TYPE" "AND2"

CS: block property: block_name=/amplcpld/EXPANDED_FlattenFull/amplcpld prop_name=TYPE prop_terse=XDM_PROPERTY_STRING "TYPE" "amplcpld"

CS: block property: block_name=/amplcpld/EXPANDED_FlattenFull/amplcpld/adc_d_2_not00003 prop_name=TYPE prop_terse=XDM_PROPERTY_STRING "TYPE" "INV"

CS: block property: block_name=/amplcpld/EXPANDED_FlattenFull/amplcpld prop_name=TYPE prop_terse=XDM_PROPERTY_STRING "TYPE" "amplcpld"

CS: block property: block_name=/amplcpld/EXPANDED_FlattenFull/amplcpld/adc_d_2_not00004 prop_name=TYPE prop_terse=XDM_PROPERTY_STRING "TYPE" "INV"

CS: block property: block_name=/amplcpld/EXPANDED_FlattenFull/amplcpld prop_name=TYPE prop_terse=XDM_PROPERTY_STRING "TYPE" "amplcpld"

CS: block property: block_name=/amplcpld/EXPANDED_FlattenFull/amplcpld/adc_d_2_not00005 prop_name=TYPE prop_terse=XDM_PROPERTY_STRING "TYPE" "INV"

CS: block property: block_name=/amplcpld/EXPANDED_FlattenFull/amplcpld prop_name=TYPE prop_terse=XDM_PROPERTY_STRING "TYPE" "amplcpld"

CS: block property: block_name=/amplcpld/EXPANDED_FlattenFull/amplcpld/adc_d_2_not00006 prop_name=TYPE prop_terse=XDM_PROPERTY_STRING "TYPE" "AND2"

CS: block property: block_name=/amplcpld/EXPANDED_FlattenFull/amplcpld prop_name=TYPE prop_terse=XDM_PROPERTY_STRING "TYPE" "amplcpld"

CS: block property: block_name=/amplcpld/EXPANDED_FlattenFull/amplcpld/adc_d_2_not00007 prop_name=TYPE prop_terse=XDM_PROPERTY_STRING "TYPE" "AND3"

CS: block property: block_name=/amplcpld/EXPANDED_FlattenFull/amplcpld prop_name=TYPE prop_terse=XDM_PROPERTY_STRING "TYPE" "amplcpld"

CS: block property: block_name=/amplcpld/EXPANDED_FlattenFull/amplcpld/adc_d_2_not00008 prop_name=TYPE prop_terse=XDM_PROPERTY_STRING "TYPE" "OR2"

CS: block property: block_name=/amplcpld/EXPANDED_FlattenFull/amplcpld prop_name=TYPE prop_terse=XDM_PROPERTY_STRING "TYPE" "amplcpld"

CS: block property: block_name=/amplcpld/EXPANDED_FlattenFull/amplcpld/adc_d_2_not00009 prop_name=TYPE prop_terse=XDM_PROPERTY_STRING "TYPE" "AND2"

CS: block property: block_name=/amplcpld/EXPANDED_FlattenFull/amplcpld prop_name=TYPE prop_terse=XDM_PROPERTY_STRING "TYPE" "amplcpld"

CS: block property: block_name=/amplcpld/EXPANDED_FlattenFull/amplcpld/adc_d_2_not000010 prop_name=TYPE prop_terse=XDM_PROPERTY_STRING "TYPE" "OR2"

CS: block property: block_name=/amplcpld/EXPANDED_FlattenFull/amplcpld prop_name=TYPE prop_terse=XDM_PROPERTY_STRING "TYPE" "amplcpld"

CS: block property: block_name=/amplcpld/EXPANDED_FlattenFull/amplcpld/adc_d_3_not00001 prop_name=TYPE prop_terse=XDM_PROPERTY_STRING "TYPE" "OR2"

CS: block property: block_name=/amplcpld/EXPANDED_FlattenFull/amplcpld prop_name=TYPE prop_terse=XDM_PROPERTY_STRING "TYPE" "amplcpld"

CS: block property: block_name=/amplcpld/EXPANDED_FlattenFull/amplcpld/adc_d_3_not00002 prop_name=TYPE prop_terse=XDM_PROPERTY_STRING "TYPE" "AND2"

CS: block property: block_name=/amplcpld/EXPANDED_FlattenFull/amplcpld prop_name=TYPE prop_terse=XDM_PROPERTY_STRING "TYPE" "amplcpld"

CS: block property: block_name=/amplcpld/EXPANDED_FlattenFull/amplcpld/adc_d_3_not00003 prop_name=TYPE prop_terse=XDM_PROPERTY_STRING "TYPE" "INV"

CS: block property: block_name=/amplcpld/EXPANDED_FlattenFull/amplcpld prop_name=TYPE prop_terse=XDM_PROPERTY_STRING "TYPE" "amplcpld"

CS: block property: block_name=/amplcpld/EXPANDED_FlattenFull/amplcpld/adc_d_3_not00004 prop_name=TYPE prop_terse=XDM_PROPERTY_STRING "TYPE" "INV"

CS: block property: block_name=/amplcpld/EXPANDED_FlattenFull/amplcpld prop_name=TYPE prop_terse=XDM_PROPERTY_STRING "TYPE" "amplcpld"

CS: block property: block_name=/amplcpld/EXPANDED_FlattenFull/amplcpld/adc_d_3_not00005 prop_name=TYPE prop_terse=XDM_PROPERTY_STRING "TYPE" "INV"

CS: block property: block_name=/amplcpld/EXPANDED_FlattenFull/amplcpld prop_name=TYPE prop_terse=XDM_PROPERTY_STRING "TYPE" "amplcpld"

CS: block property: block_name=/amplcpld/EXPANDED_FlattenFull/amplcpld/adc_d_3_not00006 prop_name=TYPE prop_terse=XDM_PROPERTY_STRING "TYPE" "AND2"

CS: block property: block_name=/amplcpld/EXPANDED_FlattenFull/amplcpld prop_name=TYPE prop_terse=XDM_PROPERTY_STRING "TYPE" "amplcpld"

CS: block property: block_name=/amplcpld/EXPANDED_FlattenFull/amplcpld/adc_d_3_not00007 prop_name=TYPE prop_terse=XDM_PROPERTY_STRING "TYPE" "AND3"

CS: block property: block_name=/amplcpld/EXPANDED_FlattenFull/amplcpld prop_name=TYPE prop_terse=XDM_PROPERTY_STRING "TYPE" "amplcpld"

CS: block property: block_name=/amplcpld/EXPANDED_FlattenFull/amplcpld/adc_d_3_not00008 prop_name=TYPE prop_terse=XDM_PROPERTY_STRING "TYPE" "OR2"

CS: block property: block_name=/amplcpld/EXPANDED_FlattenFull/amplcpld prop_name=TYPE prop_terse=XDM_PROPERTY_STRING "TYPE" "amplcpld"

CS: block property: block_name=/amplcpld/EXPANDED_FlattenFull/amplcpld/adc_d_3_not00009 prop_name=TYPE prop_terse=XDM_PROPERTY_STRING "TYPE" "AND2"

CS: block property: block_name=/amplcpld/EXPANDED_FlattenFull/amplcpld prop_name=TYPE prop_terse=XDM_PROPERTY_STRING "TYPE" "amplcpld"

CS: block property: block_name=/amplcpld/EXPANDED_FlattenFull/amplcpld/adc_d_3_not000010 prop_name=TYPE prop_terse=XDM_PROPERTY_STRING "TYPE" "OR2"

CS: block property: block_name=/amplcpld/EXPANDED_FlattenFull/amplcpld prop_name=TYPE prop_terse=XDM_PROPERTY_STRING "TYPE" "amplcpld"

CS: block property: block_name=/amplcpld/EXPANDED_FlattenFull/amplcpld/adc_d_5_not00001 prop_name=TYPE prop_terse=XDM_PROPERTY_STRING "TYPE" "OR2"

CS: block property: block_name=/amplcpld/EXPANDED_FlattenFull/amplcpld prop_name=TYPE prop_terse=XDM_PROPERTY_STRING "TYPE" "amplcpld"

CS: block property: block_name=/amplcpld/EXPANDED_FlattenFull/amplcpld/adc_d_5_not00002 prop_name=TYPE prop_terse=XDM_PROPERTY_STRING "TYPE" "AND2"

CS: block property: block_name=/amplcpld/EXPANDED_FlattenFull/amplcpld prop_name=TYPE prop_terse=XDM_PROPERTY_STRING "TYPE" "amplcpld"

CS: block property: block_name=/amplcpld/EXPANDED_FlattenFull/amplcpld/adc_d_5_not00003 prop_name=TYPE prop_terse=XDM_PROPERTY_STRING "TYPE" "INV"

CS: block property: block_name=/amplcpld/EXPANDED_FlattenFull/amplcpld prop_name=TYPE prop_terse=XDM_PROPERTY_STRING "TYPE" "amplcpld"

CS: block property: block_name=/amplcpld/EXPANDED_FlattenFull/amplcpld/adc_d_5_not00004 prop_name=TYPE prop_terse=XDM_PROPERTY_STRING "TYPE" "INV"

CS: block property: block_name=/amplcpld/EXPANDED_FlattenFull/amplcpld prop_name=TYPE prop_terse=XDM_PROPERTY_STRING "TYPE" "amplcpld"

CS: block property: block_name=/amplcpld/EXPANDED_FlattenFull/amplcpld/adc_d_5_not00005 prop_name=TYPE prop_terse=XDM_PROPERTY_STRING "TYPE" "INV"

CS: block property: block_name=/amplcpld/EXPANDED_FlattenFull/amplcpld prop_name=TYPE prop_terse=XDM_PROPERTY_STRING "TYPE" "amplcpld"

CS: block property: block_name=/amplcpld/EXPANDED_FlattenFull/amplcpld/adc_d_5_not00006 prop_name=TYPE prop_terse=XDM_PROPERTY_STRING "TYPE" "AND2"

CS: block property: block_name=/amplcpld/EXPANDED_FlattenFull/amplcpld prop_name=TYPE prop_terse=XDM_PROPERTY_STRING "TYPE" "amplcpld"

CS: block property: block_name=/amplcpld/EXPANDED_FlattenFull/amplcpld/adc_d_5_not00007 prop_name=TYPE prop_terse=XDM_PROPERTY_STRING "TYPE" "AND3"

CS: block property: block_name=/amplcpld/EXPANDED_FlattenFull/amplcpld prop_name=TYPE prop_terse=XDM_PROPERTY_STRING "TYPE" "amplcpld"

CS: block property: block_name=/amplcpld/EXPANDED_FlattenFull/amplcpld/adc_d_5_not00008 prop_name=TYPE prop_terse=XDM_PROPERTY_STRING "TYPE" "OR2"

CS: block property: block_name=/amplcpld/EXPANDED_FlattenFull/amplcpld prop_name=TYPE prop_terse=XDM_PROPERTY_STRING "TYPE" "amplcpld"

CS: block property: block_name=/amplcpld/EXPANDED_FlattenFull/amplcpld/adc_d_5_not00009 prop_name=TYPE prop_terse=XDM_PROPERTY_STRING "TYPE" "AND2"

CS: block property: block_name=/amplcpld/EXPANDED_FlattenFull/amplcpld prop_name=TYPE prop_terse=XDM_PROPERTY_STRING "TYPE" "amplcpld"

CS: block property: block_name=/amplcpld/EXPANDED_FlattenFull/amplcpld/adc_d_5_not000010 prop_name=TYPE prop_terse=XDM_PROPERTY_STRING "TYPE" "OR2"

CS: block property: block_name=/amplcpld/EXPANDED_FlattenFull/amplcpld prop_name=TYPE prop_terse=XDM_PROPERTY_STRING "TYPE" "amplcpld"

CS: block property: block_name=/amplcpld/EXPANDED_FlattenFull/amplcpld/adc_d_4_not00001 prop_name=TYPE prop_terse=XDM_PROPERTY_STRING "TYPE" "OR2"

CS: block property: block_name=/amplcpld/EXPANDED_FlattenFull/amplcpld prop_name=TYPE prop_terse=XDM_PROPERTY_STRING "TYPE" "amplcpld"

CS: block property: block_name=/amplcpld/EXPANDED_FlattenFull/amplcpld/adc_d_4_not00002 prop_name=TYPE prop_terse=XDM_PROPERTY_STRING "TYPE" "AND2"

CS: block property: block_name=/amplcpld/EXPANDED_FlattenFull/amplcpld prop_name=TYPE prop_terse=XDM_PROPERTY_STRING "TYPE" "amplcpld"

CS: block property: block_name=/amplcpld/EXPANDED_FlattenFull/amplcpld/adc_d_4_not00003 prop_name=TYPE prop_terse=XDM_PROPERTY_STRING "TYPE" "INV"

CS: block property: block_name=/amplcpld/EXPANDED_FlattenFull/amplcpld prop_name=TYPE prop_terse=XDM_PROPERTY_STRING "TYPE" "amplcpld"

CS: block property: block_name=/amplcpld/EXPANDED_FlattenFull/amplcpld/adc_d_4_not00004 prop_name=TYPE prop_terse=XDM_PROPERTY_STRING "TYPE" "INV"

CS: block property: block_name=/amplcpld/EXPANDED_FlattenFull/amplcpld prop_name=TYPE prop_terse=XDM_PROPERTY_STRING "TYPE" "amplcpld"

CS: block property: block_name=/amplcpld/EXPANDED_FlattenFull/amplcpld/adc_d_4_not00005 prop_name=TYPE prop_terse=XDM_PROPERTY_STRING "TYPE" "INV"

CS: block property: block_name=/amplcpld/EXPANDED_FlattenFull/amplcpld prop_name=TYPE prop_terse=XDM_PROPERTY_STRING "TYPE" "amplcpld"

CS: block property: block_name=/amplcpld/EXPANDED_FlattenFull/amplcpld/adc_d_4_not00006 prop_name=TYPE prop_terse=XDM_PROPERTY_STRING "TYPE" "AND2"

CS: block property: block_name=/amplcpld/EXPANDED_FlattenFull/amplcpld prop_name=TYPE prop_terse=XDM_PROPERTY_STRING "TYPE" "amplcpld"

CS: block property: block_name=/amplcpld/EXPANDED_FlattenFull/amplcpld/adc_d_4_not00007 prop_name=TYPE prop_terse=XDM_PROPERTY_STRING "TYPE" "AND3"

CS: block property: block_name=/amplcpld/EXPANDED_FlattenFull/amplcpld prop_name=TYPE prop_terse=XDM_PROPERTY_STRING "TYPE" "amplcpld"

CS: block property: block_name=/amplcpld/EXPANDED_FlattenFull/amplcpld/adc_d_4_not00008 prop_name=TYPE prop_terse=XDM_PROPERTY_STRING "TYPE" "OR2"

CS: block property: block_name=/amplcpld/EXPANDED_FlattenFull/amplcpld prop_name=TYPE prop_terse=XDM_PROPERTY_STRING "TYPE" "amplcpld"

CS: block property: block_name=/amplcpld/EXPANDED_FlattenFull/amplcpld/adc_d_4_not00009 prop_name=TYPE prop_terse=XDM_PROPERTY_STRING "TYPE" "AND2"

CS: block property: block_name=/amplcpld/EXPANDED_FlattenFull/amplcpld prop_name=TYPE prop_terse=XDM_PROPERTY_STRING "TYPE" "amplcpld"

CS: block property: block_name=/amplcpld/EXPANDED_FlattenFull/amplcpld/adc_d_4_not000010 prop_name=TYPE prop_terse=XDM_PROPERTY_STRING "TYPE" "OR2"

CS: block property: block_name=/amplcpld/EXPANDED_FlattenFull/amplcpld prop_name=TYPE prop_terse=XDM_PROPERTY_STRING "TYPE" "amplcpld"

CS: block property: block_name=/amplcpld/EXPANDED_FlattenFull/amplcpld/adc_d_6_not00001 prop_name=TYPE prop_terse=XDM_PROPERTY_STRING "TYPE" "OR2"

CS: block property: block_name=/amplcpld/EXPANDED_FlattenFull/amplcpld prop_name=TYPE prop_terse=XDM_PROPERTY_STRING "TYPE" "amplcpld"

CS: block property: block_name=/amplcpld/EXPANDED_FlattenFull/amplcpld/adc_d_6_not00002 prop_name=TYPE prop_terse=XDM_PROPERTY_STRING "TYPE" "AND2"

CS: block property: block_name=/amplcpld/EXPANDED_FlattenFull/amplcpld prop_name=TYPE prop_terse=XDM_PROPERTY_STRING "TYPE" "amplcpld"

CS: block property: block_name=/amplcpld/EXPANDED_FlattenFull/amplcpld/adc_d_6_not00003 prop_name=TYPE prop_terse=XDM_PROPERTY_STRING "TYPE" "INV"

CS: block property: block_name=/amplcpld/EXPANDED_FlattenFull/amplcpld prop_name=TYPE prop_terse=XDM_PROPERTY_STRING "TYPE" "amplcpld"

CS: block property: block_name=/amplcpld/EXPANDED_FlattenFull/amplcpld/adc_d_6_not00004 prop_name=TYPE prop_terse=XDM_PROPERTY_STRING "TYPE" "INV"

CS: block property: block_name=/amplcpld/EXPANDED_FlattenFull/amplcpld prop_name=TYPE prop_terse=XDM_PROPERTY_STRING "TYPE" "amplcpld"

CS: block property: block_name=/amplcpld/EXPANDED_FlattenFull/amplcpld/adc_d_6_not00005 prop_name=TYPE prop_terse=XDM_PROPERTY_STRING "TYPE" "INV"

CS: block property: block_name=/amplcpld/EXPANDED_FlattenFull/amplcpld prop_name=TYPE prop_terse=XDM_PROPERTY_STRING "TYPE" "amplcpld"

CS: block property: block_name=/amplcpld/EXPANDED_FlattenFull/amplcpld/adc_d_6_not00006 prop_name=TYPE prop_terse=XDM_PROPERTY_STRING "TYPE" "AND2"

CS: block property: block_name=/amplcpld/EXPANDED_FlattenFull/amplcpld prop_name=TYPE prop_terse=XDM_PROPERTY_STRING "TYPE" "amplcpld"

CS: block property: block_name=/amplcpld/EXPANDED_FlattenFull/amplcpld/adc_d_6_not00007 prop_name=TYPE prop_terse=XDM_PROPERTY_STRING "TYPE" "AND3"

CS: block property: block_name=/amplcpld/EXPANDED_FlattenFull/amplcpld prop_name=TYPE prop_terse=XDM_PROPERTY_STRING "TYPE" "amplcpld"

CS: block property: block_name=/amplcpld/EXPANDED_FlattenFull/amplcpld/adc_d_6_not00008 prop_name=TYPE prop_terse=XDM_PROPERTY_STRING "TYPE" "OR2"

CS: block property: block_name=/amplcpld/EXPANDED_FlattenFull/amplcpld prop_name=TYPE prop_terse=XDM_PROPERTY_STRING "TYPE" "amplcpld"

CS: block property: block_name=/amplcpld/EXPANDED_FlattenFull/amplcpld/adc_d_6_not00009 prop_name=TYPE prop_terse=XDM_PROPERTY_STRING "TYPE" "AND2"

CS: block property: block_name=/amplcpld/EXPANDED_FlattenFull/amplcpld prop_name=TYPE prop_terse=XDM_PROPERTY_STRING "TYPE" "amplcpld"

CS: block property: block_name=/amplcpld/EXPANDED_FlattenFull/amplcpld/adc_d_6_not000010 prop_name=TYPE prop_terse=XDM_PROPERTY_STRING "TYPE" "OR2"

CS: block property: block_name=/amplcpld/EXPANDED_FlattenFull/amplcpld prop_name=TYPE prop_terse=XDM_PROPERTY_STRING "TYPE" "amplcpld"

CS: block property: block_name=/amplcpld/EXPANDED_FlattenFull/amplcpld/adc_d_9_not00001 prop_name=TYPE prop_terse=XDM_PROPERTY_STRING "TYPE" "OR2"

CS: block property: block_name=/amplcpld/EXPANDED_FlattenFull/amplcpld prop_name=TYPE prop_terse=XDM_PROPERTY_STRING "TYPE" "amplcpld"

CS: block property: block_name=/amplcpld/EXPANDED_FlattenFull/amplcpld/adc_d_9_not00002 prop_name=TYPE prop_terse=XDM_PROPERTY_STRING "TYPE" "AND2"

CS: block property: block_name=/amplcpld/EXPANDED_FlattenFull/amplcpld prop_name=TYPE prop_terse=XDM_PROPERTY_STRING "TYPE" "amplcpld"

CS: block property: block_name=/amplcpld/EXPANDED_FlattenFull/amplcpld/adc_d_9_not00003 prop_name=TYPE prop_terse=XDM_PROPERTY_STRING "TYPE" "INV"

CS: block property: block_name=/amplcpld/EXPANDED_FlattenFull/amplcpld prop_name=TYPE prop_terse=XDM_PROPERTY_STRING "TYPE" "amplcpld"

CS: block property: block_name=/amplcpld/EXPANDED_FlattenFull/amplcpld/adc_d_9_not00004 prop_name=TYPE prop_terse=XDM_PROPERTY_STRING "TYPE" "INV"

CS: block property: block_name=/amplcpld/EXPANDED_FlattenFull/amplcpld prop_name=TYPE prop_terse=XDM_PROPERTY_STRING "TYPE" "amplcpld"

CS: block property: block_name=/amplcpld/EXPANDED_FlattenFull/amplcpld/adc_d_9_not00005 prop_name=TYPE prop_terse=XDM_PROPERTY_STRING "TYPE" "INV"

CS: block property: block_name=/amplcpld/EXPANDED_FlattenFull/amplcpld prop_name=TYPE prop_terse=XDM_PROPERTY_STRING "TYPE" "amplcpld"

CS: block property: block_name=/amplcpld/EXPANDED_FlattenFull/amplcpld/adc_d_9_not00006 prop_name=TYPE prop_terse=XDM_PROPERTY_STRING "TYPE" "AND2"

CS: block property: block_name=/amplcpld/EXPANDED_FlattenFull/amplcpld prop_name=TYPE prop_terse=XDM_PROPERTY_STRING "TYPE" "amplcpld"

CS: block property: block_name=/amplcpld/EXPANDED_FlattenFull/amplcpld/adc_d_9_not00007 prop_name=TYPE prop_terse=XDM_PROPERTY_STRING "TYPE" "AND3"

CS: block property: block_name=/amplcpld/EXPANDED_FlattenFull/amplcpld prop_name=TYPE prop_terse=XDM_PROPERTY_STRING "TYPE" "amplcpld"

CS: block property: block_name=/amplcpld/EXPANDED_FlattenFull/amplcpld/adc_d_9_not00008 prop_name=TYPE prop_terse=XDM_PROPERTY_STRING "TYPE" "OR2"

CS: block property: block_name=/amplcpld/EXPANDED_FlattenFull/amplcpld prop_name=TYPE prop_terse=XDM_PROPERTY_STRING "TYPE" "amplcpld"

CS: block property: block_name=/amplcpld/EXPANDED_FlattenFull/amplcpld/adc_d_9_not00009 prop_name=TYPE prop_terse=XDM_PROPERTY_STRING "TYPE" "AND2"

CS: block property: block_name=/amplcpld/EXPANDED_FlattenFull/amplcpld prop_name=TYPE prop_terse=XDM_PROPERTY_STRING "TYPE" "amplcpld"

CS: block property: block_name=/amplcpld/EXPANDED_FlattenFull/amplcpld/adc_d_9_not000010 prop_name=TYPE prop_terse=XDM_PROPERTY_STRING "TYPE" "OR2"

CS: block property: block_name=/amplcpld/EXPANDED_FlattenFull/amplcpld prop_name=TYPE prop_terse=XDM_PROPERTY_STRING "TYPE" "amplcpld"

CS: block property: block_name=/amplcpld/EXPANDED_FlattenFull/amplcpld/adc_d_7_not00001 prop_name=TYPE prop_terse=XDM_PROPERTY_STRING "TYPE" "OR2"

CS: block property: block_name=/amplcpld/EXPANDED_FlattenFull/amplcpld prop_name=TYPE prop_terse=XDM_PROPERTY_STRING "TYPE" "amplcpld"

CS: block property: block_name=/amplcpld/EXPANDED_FlattenFull/amplcpld/adc_d_7_not00002 prop_name=TYPE prop_terse=XDM_PROPERTY_STRING "TYPE" "AND2"

CS: block property: block_name=/amplcpld/EXPANDED_FlattenFull/amplcpld prop_name=TYPE prop_terse=XDM_PROPERTY_STRING "TYPE" "amplcpld"

CS: block property: block_name=/amplcpld/EXPANDED_FlattenFull/amplcpld/adc_d_7_not00003 prop_name=TYPE prop_terse=XDM_PROPERTY_STRING "TYPE" "INV"

CS: block property: block_name=/amplcpld/EXPANDED_FlattenFull/amplcpld prop_name=TYPE prop_terse=XDM_PROPERTY_STRING "TYPE" "amplcpld"

CS: block property: block_name=/amplcpld/EXPANDED_FlattenFull/amplcpld/adc_d_7_not00004 prop_name=TYPE prop_terse=XDM_PROPERTY_STRING "TYPE" "INV"

CS: block property: block_name=/amplcpld/EXPANDED_FlattenFull/amplcpld prop_name=TYPE prop_terse=XDM_PROPERTY_STRING "TYPE" "amplcpld"

CS: block property: block_name=/amplcpld/EXPANDED_FlattenFull/amplcpld/adc_d_7_not00005 prop_name=TYPE prop_terse=XDM_PROPERTY_STRING "TYPE" "INV"

CS: block property: block_name=/amplcpld/EXPANDED_FlattenFull/amplcpld prop_name=TYPE prop_terse=XDM_PROPERTY_STRING "TYPE" "amplcpld"

CS: block property: block_name=/amplcpld/EXPANDED_FlattenFull/amplcpld/adc_d_7_not00006 prop_name=TYPE prop_terse=XDM_PROPERTY_STRING "TYPE" "AND2"

CS: block property: block_name=/amplcpld/EXPANDED_FlattenFull/amplcpld prop_name=TYPE prop_terse=XDM_PROPERTY_STRING "TYPE" "amplcpld"

CS: block property: block_name=/amplcpld/EXPANDED_FlattenFull/amplcpld/adc_d_7_not00007 prop_name=TYPE prop_terse=XDM_PROPERTY_STRING "TYPE" "AND3"

CS: block property: block_name=/amplcpld/EXPANDED_FlattenFull/amplcpld prop_name=TYPE prop_terse=XDM_PROPERTY_STRING "TYPE" "amplcpld"

CS: block property: block_name=/amplcpld/EXPANDED_FlattenFull/amplcpld/adc_d_7_not00008 prop_name=TYPE prop_terse=XDM_PROPERTY_STRING "TYPE" "OR2"

CS: block property: block_name=/amplcpld/EXPANDED_FlattenFull/amplcpld prop_name=TYPE prop_terse=XDM_PROPERTY_STRING "TYPE" "amplcpld"

CS: block property: block_name=/amplcpld/EXPANDED_FlattenFull/amplcpld/adc_d_7_not00009 prop_name=TYPE prop_terse=XDM_PROPERTY_STRING "TYPE" "AND2"

CS: block property: block_name=/amplcpld/EXPANDED_FlattenFull/amplcpld prop_name=TYPE prop_terse=XDM_PROPERTY_STRING "TYPE" "amplcpld"

CS: block property: block_name=/amplcpld/EXPANDED_FlattenFull/amplcpld/adc_d_7_not000010 prop_name=TYPE prop_terse=XDM_PROPERTY_STRING "TYPE" "OR2"

CS: block property: block_name=/amplcpld/EXPANDED_FlattenFull/amplcpld prop_name=TYPE prop_terse=XDM_PROPERTY_STRING "TYPE" "amplcpld"

CS: block property: block_name=/amplcpld/EXPANDED_FlattenFull/amplcpld/adc_d_8_not00001 prop_name=TYPE prop_terse=XDM_PROPERTY_STRING "TYPE" "OR2"

CS: block property: block_name=/amplcpld/EXPANDED_FlattenFull/amplcpld prop_name=TYPE prop_terse=XDM_PROPERTY_STRING "TYPE" "amplcpld"

CS: block property: block_name=/amplcpld/EXPANDED_FlattenFull/amplcpld/adc_d_8_not00002 prop_name=TYPE prop_terse=XDM_PROPERTY_STRING "TYPE" "AND2"

CS: block property: block_name=/amplcpld/EXPANDED_FlattenFull/amplcpld prop_name=TYPE prop_terse=XDM_PROPERTY_STRING "TYPE" "amplcpld"

CS: block property: block_name=/amplcpld/EXPANDED_FlattenFull/amplcpld/adc_d_8_not00003 prop_name=TYPE prop_terse=XDM_PROPERTY_STRING "TYPE" "INV"

CS: block property: block_name=/amplcpld/EXPANDED_FlattenFull/amplcpld prop_name=TYPE prop_terse=XDM_PROPERTY_STRING "TYPE" "amplcpld"

CS: block property: block_name=/amplcpld/EXPANDED_FlattenFull/amplcpld/adc_d_8_not00004 prop_name=TYPE prop_terse=XDM_PROPERTY_STRING "TYPE" "INV"

CS: block property: block_name=/amplcpld/EXPANDED_FlattenFull/amplcpld prop_name=TYPE prop_terse=XDM_PROPERTY_STRING "TYPE" "amplcpld"

CS: block property: block_name=/amplcpld/EXPANDED_FlattenFull/amplcpld/adc_d_8_not00005 prop_name=TYPE prop_terse=XDM_PROPERTY_STRING "TYPE" "INV"

CS: block property: block_name=/amplcpld/EXPANDED_FlattenFull/amplcpld prop_name=TYPE prop_terse=XDM_PROPERTY_STRING "TYPE" "amplcpld"

CS: block property: block_name=/amplcpld/EXPANDED_FlattenFull/amplcpld/adc_d_8_not00006 prop_name=TYPE prop_terse=XDM_PROPERTY_STRING "TYPE" "AND2"

CS: block property: block_name=/amplcpld/EXPANDED_FlattenFull/amplcpld prop_name=TYPE prop_terse=XDM_PROPERTY_STRING "TYPE" "amplcpld"

CS: block property: block_name=/amplcpld/EXPANDED_FlattenFull/amplcpld/adc_d_8_not00007 prop_name=TYPE prop_terse=XDM_PROPERTY_STRING "TYPE" "AND3"

CS: block property: block_name=/amplcpld/EXPANDED_FlattenFull/amplcpld prop_name=TYPE prop_terse=XDM_PROPERTY_STRING "TYPE" "amplcpld"

CS: block property: block_name=/amplcpld/EXPANDED_FlattenFull/amplcpld/adc_d_8_not00008 prop_name=TYPE prop_terse=XDM_PROPERTY_STRING "TYPE" "OR2"

CS: block property: block_name=/amplcpld/EXPANDED_FlattenFull/amplcpld prop_name=TYPE prop_terse=XDM_PROPERTY_STRING "TYPE" "amplcpld"

CS: block property: block_name=/amplcpld/EXPANDED_FlattenFull/amplcpld/adc_d_8_not00009 prop_name=TYPE prop_terse=XDM_PROPERTY_STRING "TYPE" "AND2"

CS: block property: block_name=/amplcpld/EXPANDED_FlattenFull/amplcpld prop_name=TYPE prop_terse=XDM_PROPERTY_STRING "TYPE" "amplcpld"

CS: block property: block_name=/amplcpld/EXPANDED_FlattenFull/amplcpld/adc_d_8_not000010 prop_name=TYPE prop_terse=XDM_PROPERTY_STRING "TYPE" "OR2"

CS: block property: block_name=/amplcpld/EXPANDED_FlattenFull/amplcpld prop_name=TYPE prop_terse=XDM_PROPERTY_STRING "TYPE" "amplcpld"

CS: block property: block_name=/amplcpld/EXPANDED_FlattenFull/amplcpld/EV_IBUF prop_name=TYPE prop_terse=XDM_PROPERTY_STRING "TYPE" "IBUF"

CS: block property: block_name=/amplcpld/EXPANDED_FlattenFull/amplcpld/EV_IBUF prop_name=IOCOMP prop_terse=XDM_PROPERTY_BOOL "IOCOMP"

CS: block property: block_name=/amplcpld/EXPANDED_FlattenFull/amplcpld prop_name=TYPE prop_terse=XDM_PROPERTY_STRING "TYPE" "amplcpld"

CS: block property: block_name=/amplcpld/EXPANDED_FlattenFull/amplcpld/ENA_IBUF prop_name=TYPE prop_terse=XDM_PROPERTY_STRING "TYPE" "IBUF"

CS: block property: block_name=/amplcpld/EXPANDED_FlattenFull/amplcpld/ENA_IBUF prop_name=IOCOMP prop_terse=XDM_PROPERTY_BOOL "IOCOMP"

CS: block property: block_name=/amplcpld/EXPANDED_FlattenFull/amplcpld prop_name=TYPE prop_terse=XDM_PROPERTY_STRING "TYPE" "amplcpld"

CS: block property: block_name=/amplcpld/EXPANDED_FlattenFull/amplcpld/STR_IBUF prop_name=TYPE prop_terse=XDM_PROPERTY_STRING "TYPE" "IBUF"

CS: block property: block_name=/amplcpld/EXPANDED_FlattenFull/amplcpld/STR_IBUF prop_name=IOCOMP prop_terse=XDM_PROPERTY_BOOL "IOCOMP"

CS: block property: block_name=/amplcpld/EXPANDED_FlattenFull/amplcpld prop_name=TYPE prop_terse=XDM_PROPERTY_STRING "TYPE" "amplcpld"

CS: block property: block_name=/amplcpld/EXPANDED_FlattenFull/amplcpld/CLK80_IBUF prop_name=TYPE prop_terse=XDM_PROPERTY_STRING "TYPE" "IBUF"

CS: block property: block_name=/amplcpld/EXPANDED_FlattenFull/amplcpld/CLK80_IBUF prop_name=IOCOMP prop_terse=XDM_PROPERTY_BOOL "IOCOMP"

CS: block property: block_name=/amplcpld/EXPANDED_FlattenFull/amplcpld prop_name=TYPE prop_terse=XDM_PROPERTY_STRING "TYPE" "amplcpld"

CS: block property: block_name=/amplcpld/EXPANDED_FlattenFull/amplcpld/ADC0_11_IBUF prop_name=TYPE prop_terse=XDM_PROPERTY_STRING "TYPE" "IBUF"

CS: block property: block_name=/amplcpld/EXPANDED_FlattenFull/amplcpld/ADC0_11_IBUF prop_name=IOCOMP prop_terse=XDM_PROPERTY_BOOL "IOCOMP"

CS: block property: block_name=/amplcpld/EXPANDED_FlattenFull/amplcpld prop_name=TYPE prop_terse=XDM_PROPERTY_STRING "TYPE" "amplcpld"

CS: block property: block_name=/amplcpld/EXPANDED_FlattenFull/amplcpld/ADC0_10_IBUF prop_name=TYPE prop_terse=XDM_PROPERTY_STRING "TYPE" "IBUF"

CS: block property: block_name=/amplcpld/EXPANDED_FlattenFull/amplcpld/ADC0_10_IBUF prop_name=IOCOMP prop_terse=XDM_PROPERTY_BOOL "IOCOMP"

CS: block property: block_name=/amplcpld/EXPANDED_FlattenFull/amplcpld prop_name=TYPE prop_terse=XDM_PROPERTY_STRING "TYPE" "amplcpld"

CS: block property: block_name=/amplcpld/EXPANDED_FlattenFull/amplcpld/ADC0_9_IBUF prop_name=TYPE prop_terse=XDM_PROPERTY_STRING "TYPE" "IBUF"

CS: block property: block_name=/amplcpld/EXPANDED_FlattenFull/amplcpld/ADC0_9_IBUF prop_name=IOCOMP prop_terse=XDM_PROPERTY_BOOL "IOCOMP"

CS: block property: block_name=/amplcpld/EXPANDED_FlattenFull/amplcpld prop_name=TYPE prop_terse=XDM_PROPERTY_STRING "TYPE" "amplcpld"

CS: block property: block_name=/amplcpld/EXPANDED_FlattenFull/amplcpld/ADC0_8_IBUF prop_name=TYPE prop_terse=XDM_PROPERTY_STRING "TYPE" "IBUF"

CS: block property: block_name=/amplcpld/EXPANDED_FlattenFull/amplcpld/ADC0_8_IBUF prop_name=IOCOMP prop_terse=XDM_PROPERTY_BOOL "IOCOMP"

CS: block property: block_name=/amplcpld/EXPANDED_FlattenFull/amplcpld prop_name=TYPE prop_terse=XDM_PROPERTY_STRING "TYPE" "amplcpld"

CS: block property: block_name=/amplcpld/EXPANDED_FlattenFull/amplcpld/ADC0_7_IBUF prop_name=TYPE prop_terse=XDM_PROPERTY_STRING "TYPE" "IBUF"

CS: block property: block_name=/amplcpld/EXPANDED_FlattenFull/amplcpld/ADC0_7_IBUF prop_name=IOCOMP prop_terse=XDM_PROPERTY_BOOL "IOCOMP"

CS: block property: block_name=/amplcpld/EXPANDED_FlattenFull/amplcpld prop_name=TYPE prop_terse=XDM_PROPERTY_STRING "TYPE" "amplcpld"

CS: block property: block_name=/amplcpld/EXPANDED_FlattenFull/amplcpld/ADC0_6_IBUF prop_name=TYPE prop_terse=XDM_PROPERTY_STRING "TYPE" "IBUF"

CS: block property: block_name=/amplcpld/EXPANDED_FlattenFull/amplcpld/ADC0_6_IBUF prop_name=IOCOMP prop_terse=XDM_PROPERTY_BOOL "IOCOMP"

CS: block property: block_name=/amplcpld/EXPANDED_FlattenFull/amplcpld prop_name=TYPE prop_terse=XDM_PROPERTY_STRING "TYPE" "amplcpld"

CS: block property: block_name=/amplcpld/EXPANDED_FlattenFull/amplcpld/ADC0_5_IBUF prop_name=TYPE prop_terse=XDM_PROPERTY_STRING "TYPE" "IBUF"

CS: block property: block_name=/amplcpld/EXPANDED_FlattenFull/amplcpld/ADC0_5_IBUF prop_name=IOCOMP prop_terse=XDM_PROPERTY_BOOL "IOCOMP"

CS: block property: block_name=/amplcpld/EXPANDED_FlattenFull/amplcpld prop_name=TYPE prop_terse=XDM_PROPERTY_STRING "TYPE" "amplcpld"

CS: block property: block_name=/amplcpld/EXPANDED_FlattenFull/amplcpld/ADC0_4_IBUF prop_name=TYPE prop_terse=XDM_PROPERTY_STRING "TYPE" "IBUF"

CS: block property: block_name=/amplcpld/EXPANDED_FlattenFull/amplcpld/ADC0_4_IBUF prop_name=IOCOMP prop_terse=XDM_PROPERTY_BOOL "IOCOMP"

CS: block property: block_name=/amplcpld/EXPANDED_FlattenFull/amplcpld prop_name=TYPE prop_terse=XDM_PROPERTY_STRING "TYPE" "amplcpld"

CS: block property: block_name=/amplcpld/EXPANDED_FlattenFull/amplcpld/ADC0_3_IBUF prop_name=TYPE prop_terse=XDM_PROPERTY_STRING "TYPE" "IBUF"

CS: block property: block_name=/amplcpld/EXPANDED_FlattenFull/amplcpld/ADC0_3_IBUF prop_name=IOCOMP prop_terse=XDM_PROPERTY_BOOL "IOCOMP"

CS: block property: block_name=/amplcpld/EXPANDED_FlattenFull/amplcpld prop_name=TYPE prop_terse=XDM_PROPERTY_STRING "TYPE" "amplcpld"

CS: block property: block_name=/amplcpld/EXPANDED_FlattenFull/amplcpld/ADC0_2_IBUF prop_name=TYPE prop_terse=XDM_PROPERTY_STRING "TYPE" "IBUF"

CS: block property: block_name=/amplcpld/EXPANDED_FlattenFull/amplcpld/ADC0_2_IBUF prop_name=IOCOMP prop_terse=XDM_PROPERTY_BOOL "IOCOMP"

CS: block property: block_name=/amplcpld/EXPANDED_FlattenFull/amplcpld prop_name=TYPE prop_terse=XDM_PROPERTY_STRING "TYPE" "amplcpld"

CS: block property: block_name=/amplcpld/EXPANDED_FlattenFull/amplcpld/ADC0_1_IBUF prop_name=TYPE prop_terse=XDM_PROPERTY_STRING "TYPE" "IBUF"

CS: block property: block_name=/amplcpld/EXPANDED_FlattenFull/amplcpld/ADC0_1_IBUF prop_name=IOCOMP prop_terse=XDM_PROPERTY_BOOL "IOCOMP"

CS: block property: block_name=/amplcpld/EXPANDED_FlattenFull/amplcpld prop_name=TYPE prop_terse=XDM_PROPERTY_STRING "TYPE" "amplcpld"

CS: block property: block_name=/amplcpld/EXPANDED_FlattenFull/amplcpld/ADC0_0_IBUF prop_name=TYPE prop_terse=XDM_PROPERTY_STRING "TYPE" "IBUF"

CS: block property: block_name=/amplcpld/EXPANDED_FlattenFull/amplcpld/ADC0_0_IBUF prop_name=IOCOMP prop_terse=XDM_PROPERTY_BOOL "IOCOMP"

CS: block property: block_name=/amplcpld/EXPANDED_FlattenFull/amplcpld prop_name=TYPE prop_terse=XDM_PROPERTY_STRING "TYPE" "amplcpld"

CS: block property: block_name=/amplcpld/EXPANDED_FlattenFull/amplcpld/ADC1_11_IBUF prop_name=TYPE prop_terse=XDM_PROPERTY_STRING "TYPE" "IBUF"

CS: block property: block_name=/amplcpld/EXPANDED_FlattenFull/amplcpld/ADC1_11_IBUF prop_name=IOCOMP prop_terse=XDM_PROPERTY_BOOL "IOCOMP"

CS: block property: block_name=/amplcpld/EXPANDED_FlattenFull/amplcpld prop_name=TYPE prop_terse=XDM_PROPERTY_STRING "TYPE" "amplcpld"

CS: block property: block_name=/amplcpld/EXPANDED_FlattenFull/amplcpld/ADC1_10_IBUF prop_name=TYPE prop_terse=XDM_PROPERTY_STRING "TYPE" "IBUF"

CS: block property: block_name=/amplcpld/EXPANDED_FlattenFull/amplcpld/ADC1_10_IBUF prop_name=IOCOMP prop_terse=XDM_PROPERTY_BOOL "IOCOMP"

CS: block property: block_name=/amplcpld/EXPANDED_FlattenFull/amplcpld prop_name=TYPE prop_terse=XDM_PROPERTY_STRING "TYPE" "amplcpld"

CS: block property: block_name=/amplcpld/EXPANDED_FlattenFull/amplcpld/ADC1_9_IBUF prop_name=TYPE prop_terse=XDM_PROPERTY_STRING "TYPE" "IBUF"

CS: block property: block_name=/amplcpld/EXPANDED_FlattenFull/amplcpld/ADC1_9_IBUF prop_name=IOCOMP prop_terse=XDM_PROPERTY_BOOL "IOCOMP"

CS: block property: block_name=/amplcpld/EXPANDED_FlattenFull/amplcpld prop_name=TYPE prop_terse=XDM_PROPERTY_STRING "TYPE" "amplcpld"

CS: block property: block_name=/amplcpld/EXPANDED_FlattenFull/amplcpld/ADC1_8_IBUF prop_name=TYPE prop_terse=XDM_PROPERTY_STRING "TYPE" "IBUF"

CS: block property: block_name=/amplcpld/EXPANDED_FlattenFull/amplcpld/ADC1_8_IBUF prop_name=IOCOMP prop_terse=XDM_PROPERTY_BOOL "IOCOMP"

CS: block property: block_name=/amplcpld/EXPANDED_FlattenFull/amplcpld prop_name=TYPE prop_terse=XDM_PROPERTY_STRING "TYPE" "amplcpld"

CS: block property: block_name=/amplcpld/EXPANDED_FlattenFull/amplcpld/ADC1_7_IBUF prop_name=TYPE prop_terse=XDM_PROPERTY_STRING "TYPE" "IBUF"

CS: block property: block_name=/amplcpld/EXPANDED_FlattenFull/amplcpld/ADC1_7_IBUF prop_name=IOCOMP prop_terse=XDM_PROPERTY_BOOL "IOCOMP"

CS: block property: block_name=/amplcpld/EXPANDED_FlattenFull/amplcpld prop_name=TYPE prop_terse=XDM_PROPERTY_STRING "TYPE" "amplcpld"

CS: block property: block_name=/amplcpld/EXPANDED_FlattenFull/amplcpld/ADC1_6_IBUF prop_name=TYPE prop_terse=XDM_PROPERTY_STRING "TYPE" "IBUF"

CS: block property: block_name=/amplcpld/EXPANDED_FlattenFull/amplcpld/ADC1_6_IBUF prop_name=IOCOMP prop_terse=XDM_PROPERTY_BOOL "IOCOMP"

CS: block property: block_name=/amplcpld/EXPANDED_FlattenFull/amplcpld prop_name=TYPE prop_terse=XDM_PROPERTY_STRING "TYPE" "amplcpld"

CS: block property: block_name=/amplcpld/EXPANDED_FlattenFull/amplcpld/ADC1_5_IBUF prop_name=TYPE prop_terse=XDM_PROPERTY_STRING "TYPE" "IBUF"

CS: block property: block_name=/amplcpld/EXPANDED_FlattenFull/amplcpld/ADC1_5_IBUF prop_name=IOCOMP prop_terse=XDM_PROPERTY_BOOL "IOCOMP"

CS: block property: block_name=/amplcpld/EXPANDED_FlattenFull/amplcpld prop_name=TYPE prop_terse=XDM_PROPERTY_STRING "TYPE" "amplcpld"

CS: block property: block_name=/amplcpld/EXPANDED_FlattenFull/amplcpld/ADC1_4_IBUF prop_name=TYPE prop_terse=XDM_PROPERTY_STRING "TYPE" "IBUF"

CS: block property: block_name=/amplcpld/EXPANDED_FlattenFull/amplcpld/ADC1_4_IBUF prop_name=IOCOMP prop_terse=XDM_PROPERTY_BOOL "IOCOMP"

CS: block property: block_name=/amplcpld/EXPANDED_FlattenFull/amplcpld prop_name=TYPE prop_terse=XDM_PROPERTY_STRING "TYPE" "amplcpld"

CS: block property: block_name=/amplcpld/EXPANDED_FlattenFull/amplcpld/ADC1_3_IBUF prop_name=TYPE prop_terse=XDM_PROPERTY_STRING "TYPE" "IBUF"

CS: block property: block_name=/amplcpld/EXPANDED_FlattenFull/amplcpld/ADC1_3_IBUF prop_name=IOCOMP prop_terse=XDM_PROPERTY_BOOL "IOCOMP"

CS: block property: block_name=/amplcpld/EXPANDED_FlattenFull/amplcpld prop_name=TYPE prop_terse=XDM_PROPERTY_STRING "TYPE" "amplcpld"

CS: block property: block_name=/amplcpld/EXPANDED_FlattenFull/amplcpld/ADC1_2_IBUF prop_name=TYPE prop_terse=XDM_PROPERTY_STRING "TYPE" "IBUF"

CS: block property: block_name=/amplcpld/EXPANDED_FlattenFull/amplcpld/ADC1_2_IBUF prop_name=IOCOMP prop_terse=XDM_PROPERTY_BOOL "IOCOMP"

CS: block property: block_name=/amplcpld/EXPANDED_FlattenFull/amplcpld prop_name=TYPE prop_terse=XDM_PROPERTY_STRING "TYPE" "amplcpld"

CS: block property: block_name=/amplcpld/EXPANDED_FlattenFull/amplcpld/ADC1_1_IBUF prop_name=TYPE prop_terse=XDM_PROPERTY_STRING "TYPE" "IBUF"

CS: block property: block_name=/amplcpld/EXPANDED_FlattenFull/amplcpld/ADC1_1_IBUF prop_name=IOCOMP prop_terse=XDM_PROPERTY_BOOL "IOCOMP"

CS: block property: block_name=/amplcpld/EXPANDED_FlattenFull/amplcpld prop_name=TYPE prop_terse=XDM_PROPERTY_STRING "TYPE" "amplcpld"

CS: block property: block_name=/amplcpld/EXPANDED_FlattenFull/amplcpld/ADC1_0_IBUF prop_name=TYPE prop_terse=XDM_PROPERTY_STRING "TYPE" "IBUF"

CS: block property: block_name=/amplcpld/EXPANDED_FlattenFull/amplcpld/ADC1_0_IBUF prop_name=IOCOMP prop_terse=XDM_PROPERTY_BOOL "IOCOMP"

CS: block property: block_name=/amplcpld/EXPANDED_FlattenFull/amplcpld prop_name=TYPE prop_terse=XDM_PROPERTY_STRING "TYPE" "amplcpld"

CS: block property: block_name=/amplcpld/EXPANDED_FlattenFull/amplcpld/EV_out_OBUF prop_name=TYPE prop_terse=XDM_PROPERTY_STRING "TYPE" "OBUF"

CS: block property: block_name=/amplcpld/EXPANDED_FlattenFull/amplcpld/EV_out_OBUF prop_name=IOCOMP prop_terse=XDM_PROPERTY_BOOL "IOCOMP"

CS: block property: block_name=/amplcpld/EXPANDED_FlattenFull/amplcpld prop_name=TYPE prop_terse=XDM_PROPERTY_STRING "TYPE" "amplcpld"

CS: block property: block_name=/amplcpld/EXPANDED_FlattenFull/amplcpld/CLK20_N_OBUF prop_name=TYPE prop_terse=XDM_PROPERTY_STRING "TYPE" "OBUF"

CS: block property: block_name=/amplcpld/EXPANDED_FlattenFull/amplcpld/CLK20_N_OBUF prop_name=IOCOMP prop_terse=XDM_PROPERTY_BOOL "IOCOMP"

CS: block property: block_name=/amplcpld/EXPANDED_FlattenFull/amplcpld prop_name=TYPE prop_terse=XDM_PROPERTY_STRING "TYPE" "amplcpld"

CS: block property: block_name=/amplcpld/EXPANDED_FlattenFull/amplcpld/CLK20_P_OBUF prop_name=TYPE prop_terse=XDM_PROPERTY_STRING "TYPE" "OBUF"

CS: block property: block_name=/amplcpld/EXPANDED_FlattenFull/amplcpld/CLK20_P_OBUF prop_name=IOCOMP prop_terse=XDM_PROPERTY_BOOL "IOCOMP"

CS: block property: block_name=/amplcpld/EXPANDED_FlattenFull/amplcpld prop_name=TYPE prop_terse=XDM_PROPERTY_STRING "TYPE" "amplcpld"

CS: block property: block_name=/amplcpld/EXPANDED_FlattenFull/amplcpld/DV_OBUF prop_name=TYPE prop_terse=XDM_PROPERTY_STRING "TYPE" "OBUF"

CS: block property: block_name=/amplcpld/EXPANDED_FlattenFull/amplcpld/DV_OBUF prop_name=IOCOMP prop_terse=XDM_PROPERTY_BOOL "IOCOMP"

CS: block property: block_name=/amplcpld/EXPANDED_FlattenFull/amplcpld prop_name=TYPE prop_terse=XDM_PROPERTY_STRING "TYPE" "amplcpld"

CS: block property: block_name=/amplcpld/EXPANDED_FlattenFull/amplcpld/CLK40_OBUF prop_name=TYPE prop_terse=XDM_PROPERTY_STRING "TYPE" "OBUF"

CS: block property: block_name=/amplcpld/EXPANDED_FlattenFull/amplcpld/CLK40_OBUF prop_name=IOCOMP prop_terse=XDM_PROPERTY_BOOL "IOCOMP"

CS: block property: block_name=/amplcpld/EXPANDED_FlattenFull/amplcpld prop_name=TYPE prop_terse=XDM_PROPERTY_STRING "TYPE" "amplcpld"

CS: block property: block_name=/amplcpld/EXPANDED_FlattenFull/amplcpld/DOUT_12_OBUF prop_name=TYPE prop_terse=XDM_PROPERTY_STRING "TYPE" "OBUF"

CS: block property: block_name=/amplcpld/EXPANDED_FlattenFull/amplcpld/DOUT_12_OBUF prop_name=IOCOMP prop_terse=XDM_PROPERTY_BOOL "IOCOMP"

CS: block property: block_name=/amplcpld/EXPANDED_FlattenFull/amplcpld prop_name=TYPE prop_terse=XDM_PROPERTY_STRING "TYPE" "amplcpld"

CS: block property: block_name=/amplcpld/EXPANDED_FlattenFull/amplcpld/DOUT_11_OBUF prop_name=TYPE prop_terse=XDM_PROPERTY_STRING "TYPE" "OBUF"

CS: block property: block_name=/amplcpld/EXPANDED_FlattenFull/amplcpld/DOUT_11_OBUF prop_name=IOCOMP prop_terse=XDM_PROPERTY_BOOL "IOCOMP"

CS: block property: block_name=/amplcpld/EXPANDED_FlattenFull/amplcpld prop_name=TYPE prop_terse=XDM_PROPERTY_STRING "TYPE" "amplcpld"

CS: block property: block_name=/amplcpld/EXPANDED_FlattenFull/amplcpld/DOUT_10_OBUF prop_name=TYPE prop_terse=XDM_PROPERTY_STRING "TYPE" "OBUF"

CS: block property: block_name=/amplcpld/EXPANDED_FlattenFull/amplcpld/DOUT_10_OBUF prop_name=IOCOMP prop_terse=XDM_PROPERTY_BOOL "IOCOMP"

CS: block property: block_name=/amplcpld/EXPANDED_FlattenFull/amplcpld prop_name=TYPE prop_terse=XDM_PROPERTY_STRING "TYPE" "amplcpld"

CS: block property: block_name=/amplcpld/EXPANDED_FlattenFull/amplcpld/DOUT_9_OBUF prop_name=TYPE prop_terse=XDM_PROPERTY_STRING "TYPE" "OBUF"

CS: block property: block_name=/amplcpld/EXPANDED_FlattenFull/amplcpld/DOUT_9_OBUF prop_name=IOCOMP prop_terse=XDM_PROPERTY_BOOL "IOCOMP"

CS: block property: block_name=/amplcpld/EXPANDED_FlattenFull/amplcpld prop_name=TYPE prop_terse=XDM_PROPERTY_STRING "TYPE" "amplcpld"

CS: block property: block_name=/amplcpld/EXPANDED_FlattenFull/amplcpld/DOUT_8_OBUF prop_name=TYPE prop_terse=XDM_PROPERTY_STRING "TYPE" "OBUF"

CS: block property: block_name=/amplcpld/EXPANDED_FlattenFull/amplcpld/DOUT_8_OBUF prop_name=IOCOMP prop_terse=XDM_PROPERTY_BOOL "IOCOMP"

CS: block property: block_name=/amplcpld/EXPANDED_FlattenFull/amplcpld prop_name=TYPE prop_terse=XDM_PROPERTY_STRING "TYPE" "amplcpld"

CS: block property: block_name=/amplcpld/EXPANDED_FlattenFull/amplcpld/DOUT_7_OBUF prop_name=TYPE prop_terse=XDM_PROPERTY_STRING "TYPE" "OBUF"

CS: block property: block_name=/amplcpld/EXPANDED_FlattenFull/amplcpld/DOUT_7_OBUF prop_name=IOCOMP prop_terse=XDM_PROPERTY_BOOL "IOCOMP"

CS: block property: block_name=/amplcpld/EXPANDED_FlattenFull/amplcpld prop_name=TYPE prop_terse=XDM_PROPERTY_STRING "TYPE" "amplcpld"

CS: block property: block_name=/amplcpld/EXPANDED_FlattenFull/amplcpld/DOUT_6_OBUF prop_name=TYPE prop_terse=XDM_PROPERTY_STRING "TYPE" "OBUF"

CS: block property: block_name=/amplcpld/EXPANDED_FlattenFull/amplcpld/DOUT_6_OBUF prop_name=IOCOMP prop_terse=XDM_PROPERTY_BOOL "IOCOMP"

CS: block property: block_name=/amplcpld/EXPANDED_FlattenFull/amplcpld prop_name=TYPE prop_terse=XDM_PROPERTY_STRING "TYPE" "amplcpld"

CS: block property: block_name=/amplcpld/EXPANDED_FlattenFull/amplcpld/DOUT_5_OBUF prop_name=TYPE prop_terse=XDM_PROPERTY_STRING "TYPE" "OBUF"

CS: block property: block_name=/amplcpld/EXPANDED_FlattenFull/amplcpld/DOUT_5_OBUF prop_name=IOCOMP prop_terse=XDM_PROPERTY_BOOL "IOCOMP"

CS: block property: block_name=/amplcpld/EXPANDED_FlattenFull/amplcpld prop_name=TYPE prop_terse=XDM_PROPERTY_STRING "TYPE" "amplcpld"

CS: block property: block_name=/amplcpld/EXPANDED_FlattenFull/amplcpld/DOUT_4_OBUF prop_name=TYPE prop_terse=XDM_PROPERTY_STRING "TYPE" "OBUF"

CS: block property: block_name=/amplcpld/EXPANDED_FlattenFull/amplcpld/DOUT_4_OBUF prop_name=IOCOMP prop_terse=XDM_PROPERTY_BOOL "IOCOMP"

CS: block property: block_name=/amplcpld/EXPANDED_FlattenFull/amplcpld prop_name=TYPE prop_terse=XDM_PROPERTY_STRING "TYPE" "amplcpld"

CS: block property: block_name=/amplcpld/EXPANDED_FlattenFull/amplcpld/DOUT_3_OBUF prop_name=TYPE prop_terse=XDM_PROPERTY_STRING "TYPE" "OBUF"

CS: block property: block_name=/amplcpld/EXPANDED_FlattenFull/amplcpld/DOUT_3_OBUF prop_name=IOCOMP prop_terse=XDM_PROPERTY_BOOL "IOCOMP"

CS: block property: block_name=/amplcpld/EXPANDED_FlattenFull/amplcpld prop_name=TYPE prop_terse=XDM_PROPERTY_STRING "TYPE" "amplcpld"

CS: block property: block_name=/amplcpld/EXPANDED_FlattenFull/amplcpld/DOUT_2_OBUF prop_name=TYPE prop_terse=XDM_PROPERTY_STRING "TYPE" "OBUF"

CS: block property: block_name=/amplcpld/EXPANDED_FlattenFull/amplcpld/DOUT_2_OBUF prop_name=IOCOMP prop_terse=XDM_PROPERTY_BOOL "IOCOMP"

CS: block property: block_name=/amplcpld/EXPANDED_FlattenFull/amplcpld prop_name=TYPE prop_terse=XDM_PROPERTY_STRING "TYPE" "amplcpld"

CS: block property: block_name=/amplcpld/EXPANDED_FlattenFull/amplcpld/DOUT_1_OBUF prop_name=TYPE prop_terse=XDM_PROPERTY_STRING "TYPE" "OBUF"

CS: block property: block_name=/amplcpld/EXPANDED_FlattenFull/amplcpld/DOUT_1_OBUF prop_name=IOCOMP prop_terse=XDM_PROPERTY_BOOL "IOCOMP"

CS: block property: block_name=/amplcpld/EXPANDED_FlattenFull/amplcpld prop_name=TYPE prop_terse=XDM_PROPERTY_STRING "TYPE" "amplcpld"

CS: block property: block_name=/amplcpld/EXPANDED_FlattenFull/amplcpld/DOUT_0_OBUF prop_name=TYPE prop_terse=XDM_PROPERTY_STRING "TYPE" "OBUF"

CS: block property: block_name=/amplcpld/EXPANDED_FlattenFull/amplcpld/DOUT_0_OBUF prop_name=IOCOMP prop_terse=XDM_PROPERTY_BOOL "IOCOMP"

CS: block property: block_name=/amplcpld/EXPANDED_FlattenFull/amplcpld prop_name=TYPE prop_terse=XDM_PROPERTY_STRING "TYPE" "amplcpld"

CS: block property: block_name=/amplcpld/EXPANDED_FlattenFull/amplcpld/ADC0<0> prop_name=LOC prop_terse=XDM_PROPERTY_STRING "LOC" "P35"

CS: block property: block_name=/amplcpld/EXPANDED_FlattenFull/amplcpld/ADC0<0> prop_name=IOSTANDARD prop_terse=XDM_PROPERTY_STRING "IOSTANDARD" "LVCMOS33"

CS: block property: block_name=/amplcpld/EXPANDED_FlattenFull/amplcpld prop_name=TYPE prop_terse=XDM_PROPERTY_STRING "TYPE" "amplcpld"

CS: block property: block_name=/amplcpld/EXPANDED_FlattenFull/amplcpld/ADC0<10> prop_name=LOC prop_terse=XDM_PROPERTY_STRING "LOC" "P19"

CS: block property: block_name=/amplcpld/EXPANDED_FlattenFull/amplcpld/ADC0<10> prop_name=IOSTANDARD prop_terse=XDM_PROPERTY_STRING "IOSTANDARD" "LVCMOS33"

CS: block property: block_name=/amplcpld/EXPANDED_FlattenFull/amplcpld prop_name=TYPE prop_terse=XDM_PROPERTY_STRING "TYPE" "amplcpld"

CS: block property: block_name=/amplcpld/EXPANDED_FlattenFull/amplcpld/ADC0<11> prop_name=LOC prop_terse=XDM_PROPERTY_STRING "LOC" "P18"

CS: block property: block_name=/amplcpld/EXPANDED_FlattenFull/amplcpld/ADC0<11> prop_name=IOSTANDARD prop_terse=XDM_PROPERTY_STRING "IOSTANDARD" "LVCMOS33"

CS: block property: block_name=/amplcpld/EXPANDED_FlattenFull/amplcpld prop_name=TYPE prop_terse=XDM_PROPERTY_STRING "TYPE" "amplcpld"

CS: block property: block_name=/amplcpld/EXPANDED_FlattenFull/amplcpld/ADC0<1> prop_name=LOC prop_terse=XDM_PROPERTY_STRING "LOC" "P34"

CS: block property: block_name=/amplcpld/EXPANDED_FlattenFull/amplcpld/ADC0<1> prop_name=IOSTANDARD prop_terse=XDM_PROPERTY_STRING "IOSTANDARD" "LVCMOS33"

CS: block property: block_name=/amplcpld/EXPANDED_FlattenFull/amplcpld prop_name=TYPE prop_terse=XDM_PROPERTY_STRING "TYPE" "amplcpld"

CS: block property: block_name=/amplcpld/EXPANDED_FlattenFull/amplcpld/ADC0<2> prop_name=LOC prop_terse=XDM_PROPERTY_STRING "LOC" "P33"

CS: block property: block_name=/amplcpld/EXPANDED_FlattenFull/amplcpld/ADC0<2> prop_name=IOSTANDARD prop_terse=XDM_PROPERTY_STRING "IOSTANDARD" "LVCMOS33"

CS: block property: block_name=/amplcpld/EXPANDED_FlattenFull/amplcpld prop_name=TYPE prop_terse=XDM_PROPERTY_STRING "TYPE" "amplcpld"

CS: block property: block_name=/amplcpld/EXPANDED_FlattenFull/amplcpld/ADC0<3> prop_name=LOC prop_terse=XDM_PROPERTY_STRING "LOC" "P32"

CS: block property: block_name=/amplcpld/EXPANDED_FlattenFull/amplcpld/ADC0<3> prop_name=IOSTANDARD prop_terse=XDM_PROPERTY_STRING "IOSTANDARD" "LVCMOS33"

CS: block property: block_name=/amplcpld/EXPANDED_FlattenFull/amplcpld prop_name=TYPE prop_terse=XDM_PROPERTY_STRING "TYPE" "amplcpld"

CS: block property: block_name=/amplcpld/EXPANDED_FlattenFull/amplcpld/ADC0<4> prop_name=LOC prop_terse=XDM_PROPERTY_STRING "LOC" "P30"

CS: block property: block_name=/amplcpld/EXPANDED_FlattenFull/amplcpld/ADC0<4> prop_name=IOSTANDARD prop_terse=XDM_PROPERTY_STRING "IOSTANDARD" "LVCMOS33"

CS: block property: block_name=/amplcpld/EXPANDED_FlattenFull/amplcpld prop_name=TYPE prop_terse=XDM_PROPERTY_STRING "TYPE" "amplcpld"

CS: block property: block_name=/amplcpld/EXPANDED_FlattenFull/amplcpld/ADC0<5> prop_name=LOC prop_terse=XDM_PROPERTY_STRING "LOC" "P29"

CS: block property: block_name=/amplcpld/EXPANDED_FlattenFull/amplcpld/ADC0<5> prop_name=IOSTANDARD prop_terse=XDM_PROPERTY_STRING "IOSTANDARD" "LVCMOS33"

CS: block property: block_name=/amplcpld/EXPANDED_FlattenFull/amplcpld prop_name=TYPE prop_terse=XDM_PROPERTY_STRING "TYPE" "amplcpld"

CS: block property: block_name=/amplcpld/EXPANDED_FlattenFull/amplcpld/ADC0<6> prop_name=LOC prop_terse=XDM_PROPERTY_STRING "LOC" "P28"

CS: block property: block_name=/amplcpld/EXPANDED_FlattenFull/amplcpld/ADC0<6> prop_name=IOSTANDARD prop_terse=XDM_PROPERTY_STRING "IOSTANDARD" "LVCMOS33"

CS: block property: block_name=/amplcpld/EXPANDED_FlattenFull/amplcpld prop_name=TYPE prop_terse=XDM_PROPERTY_STRING "TYPE" "amplcpld"

CS: block property: block_name=/amplcpld/EXPANDED_FlattenFull/amplcpld/ADC0<7> prop_name=LOC prop_terse=XDM_PROPERTY_STRING "LOC" "P23"

CS: block property: block_name=/amplcpld/EXPANDED_FlattenFull/amplcpld/ADC0<7> prop_name=IOSTANDARD prop_terse=XDM_PROPERTY_STRING "IOSTANDARD" "LVCMOS33"

CS: block property: block_name=/amplcpld/EXPANDED_FlattenFull/amplcpld prop_name=TYPE prop_terse=XDM_PROPERTY_STRING "TYPE" "amplcpld"

CS: block property: block_name=/amplcpld/EXPANDED_FlattenFull/amplcpld/ADC0<8> prop_name=LOC prop_terse=XDM_PROPERTY_STRING "LOC" "P24"

CS: block property: block_name=/amplcpld/EXPANDED_FlattenFull/amplcpld/ADC0<8> prop_name=IOSTANDARD prop_terse=XDM_PROPERTY_STRING "IOSTANDARD" "LVCMOS33"

CS: block property: block_name=/amplcpld/EXPANDED_FlattenFull/amplcpld prop_name=TYPE prop_terse=XDM_PROPERTY_STRING "TYPE" "amplcpld"

CS: block property: block_name=/amplcpld/EXPANDED_FlattenFull/amplcpld/ADC0<9> prop_name=LOC prop_terse=XDM_PROPERTY_STRING "LOC" "P22"

CS: block property: block_name=/amplcpld/EXPANDED_FlattenFull/amplcpld/ADC0<9> prop_name=IOSTANDARD prop_terse=XDM_PROPERTY_STRING "IOSTANDARD" "LVCMOS33"

CS: block property: block_name=/amplcpld/EXPANDED_FlattenFull/amplcpld prop_name=TYPE prop_terse=XDM_PROPERTY_STRING "TYPE" "amplcpld"

CS: block property: block_name=/amplcpld/EXPANDED_FlattenFull/amplcpld/ADC1<0> prop_name=LOC prop_terse=XDM_PROPERTY_STRING "LOC" "P52"

CS: block property: block_name=/amplcpld/EXPANDED_FlattenFull/amplcpld/ADC1<0> prop_name=IOSTANDARD prop_terse=XDM_PROPERTY_STRING "IOSTANDARD" "LVCMOS33"

CS: block property: block_name=/amplcpld/EXPANDED_FlattenFull/amplcpld prop_name=TYPE prop_terse=XDM_PROPERTY_STRING "TYPE" "amplcpld"

CS: block property: block_name=/amplcpld/EXPANDED_FlattenFull/amplcpld/ADC1<10> prop_name=LOC prop_terse=XDM_PROPERTY_STRING "LOC" "P37"

CS: block property: block_name=/amplcpld/EXPANDED_FlattenFull/amplcpld/ADC1<10> prop_name=IOSTANDARD prop_terse=XDM_PROPERTY_STRING "IOSTANDARD" "LVCMOS33"

CS: block property: block_name=/amplcpld/EXPANDED_FlattenFull/amplcpld prop_name=TYPE prop_terse=XDM_PROPERTY_STRING "TYPE" "amplcpld"

CS: block property: block_name=/amplcpld/EXPANDED_FlattenFull/amplcpld/ADC1<11> prop_name=LOC prop_terse=XDM_PROPERTY_STRING "LOC" "P36"

CS: block property: block_name=/amplcpld/EXPANDED_FlattenFull/amplcpld/ADC1<11> prop_name=IOSTANDARD prop_terse=XDM_PROPERTY_STRING "IOSTANDARD" "LVCMOS33"

CS: block property: block_name=/amplcpld/EXPANDED_FlattenFull/amplcpld prop_name=TYPE prop_terse=XDM_PROPERTY_STRING "TYPE" "amplcpld"

CS: block property: block_name=/amplcpld/EXPANDED_FlattenFull/amplcpld/ADC1<1> prop_name=LOC prop_terse=XDM_PROPERTY_STRING "LOC" "P50"

CS: block property: block_name=/amplcpld/EXPANDED_FlattenFull/amplcpld/ADC1<1> prop_name=IOSTANDARD prop_terse=XDM_PROPERTY_STRING "IOSTANDARD" "LVCMOS33"

CS: block property: block_name=/amplcpld/EXPANDED_FlattenFull/amplcpld prop_name=TYPE prop_terse=XDM_PROPERTY_STRING "TYPE" "amplcpld"

CS: block property: block_name=/amplcpld/EXPANDED_FlattenFull/amplcpld/ADC1<2> prop_name=LOC prop_terse=XDM_PROPERTY_STRING "LOC" "P49"

CS: block property: block_name=/amplcpld/EXPANDED_FlattenFull/amplcpld/ADC1<2> prop_name=IOSTANDARD prop_terse=XDM_PROPERTY_STRING "IOSTANDARD" "LVCMOS33"

CS: block property: block_name=/amplcpld/EXPANDED_FlattenFull/amplcpld prop_name=TYPE prop_terse=XDM_PROPERTY_STRING "TYPE" "amplcpld"

CS: block property: block_name=/amplcpld/EXPANDED_FlattenFull/amplcpld/ADC1<3> prop_name=LOC prop_terse=XDM_PROPERTY_STRING "LOC" "P46"

CS: block property: block_name=/amplcpld/EXPANDED_FlattenFull/amplcpld/ADC1<3> prop_name=IOSTANDARD prop_terse=XDM_PROPERTY_STRING "IOSTANDARD" "LVCMOS33"

CS: block property: block_name=/amplcpld/EXPANDED_FlattenFull/amplcpld prop_name=TYPE prop_terse=XDM_PROPERTY_STRING "TYPE" "amplcpld"

CS: block property: block_name=/amplcpld/EXPANDED_FlattenFull/amplcpld/ADC1<4> prop_name=LOC prop_terse=XDM_PROPERTY_STRING "LOC" "P44"

CS: block property: block_name=/amplcpld/EXPANDED_FlattenFull/amplcpld/ADC1<4> prop_name=IOSTANDARD prop_terse=XDM_PROPERTY_STRING "IOSTANDARD" "LVCMOS33"

CS: block property: block_name=/amplcpld/EXPANDED_FlattenFull/amplcpld prop_name=TYPE prop_terse=XDM_PROPERTY_STRING "TYPE" "amplcpld"

CS: block property: block_name=/amplcpld/EXPANDED_FlattenFull/amplcpld/ADC1<5> prop_name=LOC prop_terse=XDM_PROPERTY_STRING "LOC" "P43"

CS: block property: block_name=/amplcpld/EXPANDED_FlattenFull/amplcpld/ADC1<5> prop_name=IOSTANDARD prop_terse=XDM_PROPERTY_STRING "IOSTANDARD" "LVCMOS33"

CS: block property: block_name=/amplcpld/EXPANDED_FlattenFull/amplcpld prop_name=TYPE prop_terse=XDM_PROPERTY_STRING "TYPE" "amplcpld"

CS: block property: block_name=/amplcpld/EXPANDED_FlattenFull/amplcpld/ADC1<6> prop_name=LOC prop_terse=XDM_PROPERTY_STRING "LOC" "P42"

CS: block property: block_name=/amplcpld/EXPANDED_FlattenFull/amplcpld/ADC1<6> prop_name=IOSTANDARD prop_terse=XDM_PROPERTY_STRING "IOSTANDARD" "LVCMOS33"

CS: block property: block_name=/amplcpld/EXPANDED_FlattenFull/amplcpld prop_name=TYPE prop_terse=XDM_PROPERTY_STRING "TYPE" "amplcpld"

CS: block property: block_name=/amplcpld/EXPANDED_FlattenFull/amplcpld/ADC1<7> prop_name=LOC prop_terse=XDM_PROPERTY_STRING "LOC" "P41"

CS: block property: block_name=/amplcpld/EXPANDED_FlattenFull/amplcpld/ADC1<7> prop_name=IOSTANDARD prop_terse=XDM_PROPERTY_STRING "IOSTANDARD" "LVCMOS33"

CS: block property: block_name=/amplcpld/EXPANDED_FlattenFull/amplcpld prop_name=TYPE prop_terse=XDM_PROPERTY_STRING "TYPE" "amplcpld"

CS: block property: block_name=/amplcpld/EXPANDED_FlattenFull/amplcpld/ADC1<8> prop_name=LOC prop_terse=XDM_PROPERTY_STRING "LOC" "P40"

CS: block property: block_name=/amplcpld/EXPANDED_FlattenFull/amplcpld/ADC1<8> prop_name=IOSTANDARD prop_terse=XDM_PROPERTY_STRING "IOSTANDARD" "LVCMOS33"

CS: block property: block_name=/amplcpld/EXPANDED_FlattenFull/amplcpld prop_name=TYPE prop_terse=XDM_PROPERTY_STRING "TYPE" "amplcpld"

CS: block property: block_name=/amplcpld/EXPANDED_FlattenFull/amplcpld/ADC1<9> prop_name=LOC prop_terse=XDM_PROPERTY_STRING "LOC" "P39"

CS: block property: block_name=/amplcpld/EXPANDED_FlattenFull/amplcpld/ADC1<9> prop_name=IOSTANDARD prop_terse=XDM_PROPERTY_STRING "IOSTANDARD" "LVCMOS33"

CS: block property: block_name=/amplcpld/EXPANDED_FlattenFull/amplcpld prop_name=TYPE prop_terse=XDM_PROPERTY_STRING "TYPE" "amplcpld"

CS: block property: block_name=/amplcpld/EXPANDED_FlattenFull/amplcpld/CLK20_N prop_name=LOC prop_terse=XDM_PROPERTY_STRING "LOC" "P54"

CS: block property: block_name=/amplcpld/EXPANDED_FlattenFull/amplcpld/CLK20_N prop_name=IOSTANDARD prop_terse=XDM_PROPERTY_STRING "IOSTANDARD" "LVCMOS33"

CS: block property: block_name=/amplcpld/EXPANDED_FlattenFull/amplcpld/CLK20_N prop_name=SLOW prop_terse=XDM_PROPERTY_BOOL "SLOW"

CS: block property: block_name=/amplcpld/EXPANDED_FlattenFull/amplcpld prop_name=TYPE prop_terse=XDM_PROPERTY_STRING "TYPE" "amplcpld"

CS: block property: block_name=/amplcpld/EXPANDED_FlattenFull/amplcpld/CLK20_P prop_name=LOC prop_terse=XDM_PROPERTY_STRING "LOC" "P53"

CS: block property: block_name=/amplcpld/EXPANDED_FlattenFull/amplcpld/CLK20_P prop_name=IOSTANDARD prop_terse=XDM_PROPERTY_STRING "IOSTANDARD" "LVCMOS33"

CS: block property: block_name=/amplcpld/EXPANDED_FlattenFull/amplcpld/CLK20_P prop_name=SLOW prop_terse=XDM_PROPERTY_BOOL "SLOW"

CS: block property: block_name=/amplcpld/EXPANDED_FlattenFull/amplcpld prop_name=TYPE prop_terse=XDM_PROPERTY_STRING "TYPE" "amplcpld"

CS: block property: block_name=/amplcpld/EXPANDED_FlattenFull/amplcpld/CLK40 prop_name=LOC prop_terse=XDM_PROPERTY_STRING "LOC" "P81"

CS: block property: block_name=/amplcpld/EXPANDED_FlattenFull/amplcpld/CLK40 prop_name=IOSTANDARD prop_terse=XDM_PROPERTY_STRING "IOSTANDARD" "LVCMOS33"

CS: block property: block_name=/amplcpld/EXPANDED_FlattenFull/amplcpld/CLK40 prop_name=FAST prop_terse=XDM_PROPERTY_BOOL "FAST"

CS: block property: block_name=/amplcpld/EXPANDED_FlattenFull/amplcpld prop_name=TYPE prop_terse=XDM_PROPERTY_STRING "TYPE" "amplcpld"

CS: block property: block_name=/amplcpld/EXPANDED_FlattenFull/amplcpld/CLK80 prop_name=LOC prop_terse=XDM_PROPERTY_STRING "LOC" "P27"

CS: block property: block_name=/amplcpld/EXPANDED_FlattenFull/amplcpld/CLK80 prop_name=IOSTANDARD prop_terse=XDM_PROPERTY_STRING "IOSTANDARD" "LVCMOS33"

CS: block property: block_name=/amplcpld/EXPANDED_FlattenFull/amplcpld prop_name=TYPE prop_terse=XDM_PROPERTY_STRING "TYPE" "amplcpld"

CS: block property: block_name=/amplcpld/EXPANDED_FlattenFull/amplcpld/DOUT<0> prop_name=LOC prop_terse=XDM_PROPERTY_STRING "LOC" "P99"

CS: block property: block_name=/amplcpld/EXPANDED_FlattenFull/amplcpld/DOUT<0> prop_name=IOSTANDARD prop_terse=XDM_PROPERTY_STRING "IOSTANDARD" "LVCMOS33"

CS: block property: block_name=/amplcpld/EXPANDED_FlattenFull/amplcpld/DOUT<0> prop_name=SLOW prop_terse=XDM_PROPERTY_BOOL "SLOW"

CS: block property: block_name=/amplcpld/EXPANDED_FlattenFull/amplcpld prop_name=TYPE prop_terse=XDM_PROPERTY_STRING "TYPE" "amplcpld"

CS: block property: block_name=/amplcpld/EXPANDED_FlattenFull/amplcpld/DOUT<10> prop_name=LOC prop_terse=XDM_PROPERTY_STRING "LOC" "P87"

CS: block property: block_name=/amplcpld/EXPANDED_FlattenFull/amplcpld/DOUT<10> prop_name=IOSTANDARD prop_terse=XDM_PROPERTY_STRING "IOSTANDARD" "LVCMOS33"

CS: block property: block_name=/amplcpld/EXPANDED_FlattenFull/amplcpld/DOUT<10> prop_name=SLOW prop_terse=XDM_PROPERTY_BOOL "SLOW"

CS: block property: block_name=/amplcpld/EXPANDED_FlattenFull/amplcpld prop_name=TYPE prop_terse=XDM_PROPERTY_STRING "TYPE" "amplcpld"

CS: block property: block_name=/amplcpld/EXPANDED_FlattenFull/amplcpld/DOUT<11> prop_name=LOC prop_terse=XDM_PROPERTY_STRING "LOC" "P86"

CS: block property: block_name=/amplcpld/EXPANDED_FlattenFull/amplcpld/DOUT<11> prop_name=IOSTANDARD prop_terse=XDM_PROPERTY_STRING "IOSTANDARD" "LVCMOS33"

CS: block property: block_name=/amplcpld/EXPANDED_FlattenFull/amplcpld/DOUT<11> prop_name=SLOW prop_terse=XDM_PROPERTY_BOOL "SLOW"

CS: block property: block_name=/amplcpld/EXPANDED_FlattenFull/amplcpld prop_name=TYPE prop_terse=XDM_PROPERTY_STRING "TYPE" "amplcpld"

CS: block property: block_name=/amplcpld/EXPANDED_FlattenFull/amplcpld/DOUT<12> prop_name=LOC prop_terse=XDM_PROPERTY_STRING "LOC" "P85"

CS: block property: block_name=/amplcpld/EXPANDED_FlattenFull/amplcpld/DOUT<12> prop_name=IOSTANDARD prop_terse=XDM_PROPERTY_STRING "IOSTANDARD" "LVCMOS33"

CS: block property: block_name=/amplcpld/EXPANDED_FlattenFull/amplcpld/DOUT<12> prop_name=SLOW prop_terse=XDM_PROPERTY_BOOL "SLOW"

CS: block property: block_name=/amplcpld/EXPANDED_FlattenFull/amplcpld prop_name=TYPE prop_terse=XDM_PROPERTY_STRING "TYPE" "amplcpld"

CS: block property: block_name=/amplcpld/EXPANDED_FlattenFull/amplcpld/DOUT<1> prop_name=LOC prop_terse=XDM_PROPERTY_STRING "LOC" "P97"

CS: block property: block_name=/amplcpld/EXPANDED_FlattenFull/amplcpld/DOUT<1> prop_name=IOSTANDARD prop_terse=XDM_PROPERTY_STRING "IOSTANDARD" "LVCMOS33"

CS: block property: block_name=/amplcpld/EXPANDED_FlattenFull/amplcpld/DOUT<1> prop_name=SLOW prop_terse=XDM_PROPERTY_BOOL "SLOW"

CS: block property: block_name=/amplcpld/EXPANDED_FlattenFull/amplcpld prop_name=TYPE prop_terse=XDM_PROPERTY_STRING "TYPE" "amplcpld"

CS: block property: block_name=/amplcpld/EXPANDED_FlattenFull/amplcpld/DOUT<2> prop_name=LOC prop_terse=XDM_PROPERTY_STRING "LOC" "P96"

CS: block property: block_name=/amplcpld/EXPANDED_FlattenFull/amplcpld/DOUT<2> prop_name=IOSTANDARD prop_terse=XDM_PROPERTY_STRING "IOSTANDARD" "LVCMOS33"

CS: block property: block_name=/amplcpld/EXPANDED_FlattenFull/amplcpld/DOUT<2> prop_name=SLOW prop_terse=XDM_PROPERTY_BOOL "SLOW"

CS: block property: block_name=/amplcpld/EXPANDED_FlattenFull/amplcpld prop_name=TYPE prop_terse=XDM_PROPERTY_STRING "TYPE" "amplcpld"

CS: block property: block_name=/amplcpld/EXPANDED_FlattenFull/amplcpld/DOUT<3> prop_name=LOC prop_terse=XDM_PROPERTY_STRING "LOC" "P95"

CS: block property: block_name=/amplcpld/EXPANDED_FlattenFull/amplcpld/DOUT<3> prop_name=IOSTANDARD prop_terse=XDM_PROPERTY_STRING "IOSTANDARD" "LVCMOS33"

CS: block property: block_name=/amplcpld/EXPANDED_FlattenFull/amplcpld/DOUT<3> prop_name=SLOW prop_terse=XDM_PROPERTY_BOOL "SLOW"

CS: block property: block_name=/amplcpld/EXPANDED_FlattenFull/amplcpld prop_name=TYPE prop_terse=XDM_PROPERTY_STRING "TYPE" "amplcpld"

CS: block property: block_name=/amplcpld/EXPANDED_FlattenFull/amplcpld/DOUT<4> prop_name=LOC prop_terse=XDM_PROPERTY_STRING "LOC" "P94"

CS: block property: block_name=/amplcpld/EXPANDED_FlattenFull/amplcpld/DOUT<4> prop_name=IOSTANDARD prop_terse=XDM_PROPERTY_STRING "IOSTANDARD" "LVCMOS33"

CS: block property: block_name=/amplcpld/EXPANDED_FlattenFull/amplcpld/DOUT<4> prop_name=SLOW prop_terse=XDM_PROPERTY_BOOL "SLOW"

CS: block property: block_name=/amplcpld/EXPANDED_FlattenFull/amplcpld prop_name=TYPE prop_terse=XDM_PROPERTY_STRING "TYPE" "amplcpld"

CS: block property: block_name=/amplcpld/EXPANDED_FlattenFull/amplcpld/DOUT<5> prop_name=LOC prop_terse=XDM_PROPERTY_STRING "LOC" "P93"

CS: block property: block_name=/amplcpld/EXPANDED_FlattenFull/amplcpld/DOUT<5> prop_name=IOSTANDARD prop_terse=XDM_PROPERTY_STRING "IOSTANDARD" "LVCMOS33"

CS: block property: block_name=/amplcpld/EXPANDED_FlattenFull/amplcpld/DOUT<5> prop_name=SLOW prop_terse=XDM_PROPERTY_BOOL "SLOW"

CS: block property: block_name=/amplcpld/EXPANDED_FlattenFull/amplcpld prop_name=TYPE prop_terse=XDM_PROPERTY_STRING "TYPE" "amplcpld"

CS: block property: block_name=/amplcpld/EXPANDED_FlattenFull/amplcpld/DOUT<6> prop_name=LOC prop_terse=XDM_PROPERTY_STRING "LOC" "P92"

CS: block property: block_name=/amplcpld/EXPANDED_FlattenFull/amplcpld/DOUT<6> prop_name=IOSTANDARD prop_terse=XDM_PROPERTY_STRING "IOSTANDARD" "LVCMOS33"

CS: block property: block_name=/amplcpld/EXPANDED_FlattenFull/amplcpld/DOUT<6> prop_name=SLOW prop_terse=XDM_PROPERTY_BOOL "SLOW"

CS: block property: block_name=/amplcpld/EXPANDED_FlattenFull/amplcpld prop_name=TYPE prop_terse=XDM_PROPERTY_STRING "TYPE" "amplcpld"

CS: block property: block_name=/amplcpld/EXPANDED_FlattenFull/amplcpld/DOUT<7> prop_name=LOC prop_terse=XDM_PROPERTY_STRING "LOC" "P91"

CS: block property: block_name=/amplcpld/EXPANDED_FlattenFull/amplcpld/DOUT<7> prop_name=IOSTANDARD prop_terse=XDM_PROPERTY_STRING "IOSTANDARD" "LVCMOS33"

CS: block property: block_name=/amplcpld/EXPANDED_FlattenFull/amplcpld/DOUT<7> prop_name=SLOW prop_terse=XDM_PROPERTY_BOOL "SLOW"

CS: block property: block_name=/amplcpld/EXPANDED_FlattenFull/amplcpld prop_name=TYPE prop_terse=XDM_PROPERTY_STRING "TYPE" "amplcpld"

CS: block property: block_name=/amplcpld/EXPANDED_FlattenFull/amplcpld/DOUT<8> prop_name=LOC prop_terse=XDM_PROPERTY_STRING "LOC" "P90"

CS: block property: block_name=/amplcpld/EXPANDED_FlattenFull/amplcpld/DOUT<8> prop_name=IOSTANDARD prop_terse=XDM_PROPERTY_STRING "IOSTANDARD" "LVCMOS33"

CS: block property: block_name=/amplcpld/EXPANDED_FlattenFull/amplcpld/DOUT<8> prop_name=SLOW prop_terse=XDM_PROPERTY_BOOL "SLOW"

CS: block property: block_name=/amplcpld/EXPANDED_FlattenFull/amplcpld prop_name=TYPE prop_terse=XDM_PROPERTY_STRING "TYPE" "amplcpld"

CS: block property: block_name=/amplcpld/EXPANDED_FlattenFull/amplcpld/DOUT<9> prop_name=LOC prop_terse=XDM_PROPERTY_STRING "LOC" "P89"

CS: block property: block_name=/amplcpld/EXPANDED_FlattenFull/amplcpld/DOUT<9> prop_name=IOSTANDARD prop_terse=XDM_PROPERTY_STRING "IOSTANDARD" "LVCMOS33"

CS: block property: block_name=/amplcpld/EXPANDED_FlattenFull/amplcpld/DOUT<9> prop_name=SLOW prop_terse=XDM_PROPERTY_BOOL "SLOW"

CS: block property: block_name=/amplcpld/EXPANDED_FlattenFull/amplcpld prop_name=TYPE prop_terse=XDM_PROPERTY_STRING "TYPE" "amplcpld"

CS: block property: block_name=/amplcpld/EXPANDED_FlattenFull/amplcpld/DV prop_name=LOC prop_terse=XDM_PROPERTY_STRING "LOC" "P82"

CS: block property: block_name=/amplcpld/EXPANDED_FlattenFull/amplcpld/DV prop_name=IOSTANDARD prop_terse=XDM_PROPERTY_STRING "IOSTANDARD" "LVCMOS33"

CS: block property: block_name=/amplcpld/EXPANDED_FlattenFull/amplcpld/DV prop_name=SLOW prop_terse=XDM_PROPERTY_BOOL "SLOW"

CS: block property: block_name=/amplcpld/EXPANDED_FlattenFull/amplcpld prop_name=TYPE prop_terse=XDM_PROPERTY_STRING "TYPE" "amplcpld"

CS: block property: block_name=/amplcpld/EXPANDED_FlattenFull/amplcpld/ENA prop_name=LOC prop_terse=XDM_PROPERTY_STRING "LOC" "P64"

CS: block property: block_name=/amplcpld/EXPANDED_FlattenFull/amplcpld/ENA prop_name=IOSTANDARD prop_terse=XDM_PROPERTY_STRING "IOSTANDARD" "LVCMOS33"

CS: block property: block_name=/amplcpld/EXPANDED_FlattenFull/amplcpld prop_name=TYPE prop_terse=XDM_PROPERTY_STRING "TYPE" "amplcpld"

CS: block property: block_name=/amplcpld/EXPANDED_FlattenFull/amplcpld/EV prop_name=LOC prop_terse=XDM_PROPERTY_STRING "LOC" "P60"

CS: block property: block_name=/amplcpld/EXPANDED_FlattenFull/amplcpld/EV prop_name=IOSTANDARD prop_terse=XDM_PROPERTY_STRING "IOSTANDARD" "LVCMOS33"

CS: block property: block_name=/amplcpld/EXPANDED_FlattenFull/amplcpld prop_name=TYPE prop_terse=XDM_PROPERTY_STRING "TYPE" "amplcpld"

CS: block property: block_name=/amplcpld/EXPANDED_FlattenFull/amplcpld/EV_out prop_name=LOC prop_terse=XDM_PROPERTY_STRING "LOC" "P16"

CS: block property: block_name=/amplcpld/EXPANDED_FlattenFull/amplcpld/EV_out prop_name=IOSTANDARD prop_terse=XDM_PROPERTY_STRING "IOSTANDARD" "LVCMOS33"

CS: block property: block_name=/amplcpld/EXPANDED_FlattenFull/amplcpld/EV_out prop_name=SLOW prop_terse=XDM_PROPERTY_BOOL "SLOW"

CS: block property: block_name=/amplcpld/EXPANDED_FlattenFull/amplcpld prop_name=TYPE prop_terse=XDM_PROPERTY_STRING "TYPE" "amplcpld"

CS: block property: block_name=/amplcpld/EXPANDED_FlattenFull/amplcpld/STR prop_name=LOC prop_terse=XDM_PROPERTY_STRING "LOC" "P63"

CS: block property: block_name=/amplcpld/EXPANDED_FlattenFull/amplcpld/STR prop_name=IOSTANDARD prop_terse=XDM_PROPERTY_STRING "IOSTANDARD" "LVCMOS33"

CS: block property: block_name=/amplcpld/EXPANDED_FlattenFull/amplcpld prop_name=TYPE prop_terse=XDM_PROPERTY_STRING "TYPE" "amplcpld"

CS: block property: block_name=/amplcpld/EXPANDED_FlattenFull/amplcpld prop_name=TYPE prop_terse=XDM_PROPERTY_STRING "TYPE" "amplcpld"

INFO:Cpld - Inferring BUFG constraint for signal 'ADC0<7>' based upon the LOC
   constraint 'P23'. It is recommended that you declare this BUFG explicitedly
   in your design. Note that for certain device families the output of a BUFG
   constraint can not drive a gated clock, and the BUFG constraint will be
   ignored.
INFO:Cpld - Inferring BUFG constraint for signal 'ADC0<9>' based upon the LOC
   constraint 'P22'. It is recommended that you declare this BUFG explicitedly
   in your design. Note that for certain device families the output of a BUFG
   constraint can not drive a gated clock, and the BUFG constraint will be
   ignored.
INFO:Cpld - Inferring BUFG constraint for signal 'CLK80' based upon the LOC
   constraint 'P27'. It is recommended that you declare this BUFG explicitedly
   in your design. Note that for certain device families the output of a BUFG
   constraint can not drive a gated clock, and the BUFG constraint will be
   ignored.
WARNING:Cpld:1239 - The global clock designation (BUFG) on signal 'ADC0_9_IBUF'
   is ignored. Most likely the signal is gated and therefore cannot be used as a
   global control signal.
WARNING:Cpld:1239 - The global clock designation (BUFG) on signal 'ADC0_7_IBUF'
   is ignored. Most likely the signal is gated and therefore cannot be used as a
   global control signal.
Considering device XC2C128-7-VQ100.
Re-checking device resources ...
...
Synthesizing and Optimizing...
..................................................................................................................
...o
.......
Fitting...
..
...o

Design amplcpld has been optimized and fit into device XC2C128-7-VQ100.
